ID_Estudiante;Semestre;Código_Materia;Semestre_Correspondiente;Nota_Final;Estado;Segunda_Instancia;Carga_Académica;Promedio_Semestral
1;1/2022;FIS100;1;54;C;0;5;60.0
1;1/2022;MAT100;1;85;C;0;5;60.0
1;1/2022;MAT101;1;60;A;0;5;60.0
1;1/2022;SHC100;1;60;C;0;5;60.0
1;1/2022;SIS100;1;58;C;0;5;60.0
1;2/2022;FIS200;2;67;A;0;6;73.4
1;2/2022;MAT102;2;45;R;0;6;73.4
1;2/2022;MAT103;2;100;A;0;6;73.4
1;2/2022;SIS101;2;1;B;0;6;73.4
1;2/2022;SIS103;2;89;A;0;6;73.4
1;2/2022;SIS308;2;66;A;0;6;73.4
1;1/2023;MAT102;2;7;R;0;4;51.5
1;1/2023;SIS101;2;70;A;0;4;51.5
1;1/2023;GEN410;3;65;A;0;4;51.5
1;1/2023;SIS107;3;64;A;0;4;51.5
1;2/2023;SIS204;3;77;A;0;5;69.6
1;2/2023;SIS302;3;74;A;0;5;69.6
1;2/2023;SIS457;3;51;A;0;5;69.6
1;2/2023;SIS110;4;82;A;0;5;69.6
1;2/2023;SIS125;4;64;A;0;5;69.6
1;2/2023;SIS251;4;75;A;0;5;69.6
1;1/2024;MAT102;2;53;A;0;5;67.4
1;1/2024;SIS304;4;70;A;0;5;67.4
1;1/2024;SIS407;4;67;A;0;5;67.4
1;1/2024;SIS252;5;88;A;0;5;67.4
1;1/2024;SIS313;5;84;A;0;5;67.4
1;1/2024;SIS315;5;55;A;0;5;67.4
1;1/2024;SIS324;5;69;A;0;5;67.4
1;2/2024;MAT280;3;74;A;0;5;85.4
1;2/2024;SIS256;5;93;A;0;5;85.4
1;2/2024;COM350;6;78;A;0;5;85.4
1;2/2024;COM460;6;92;A;0;5;85.4
1;2/2024;SIS258;6;90;A;0;5;85.4
2;1/2021;FIS100;1;55;A;0;5;62.2
2;1/2021;MAT100;1;68;A;0;5;62.2
2;1/2021;MAT101;1;56;A;1;5;62.2
2;1/2021;SHC100;1;81;A;0;5;62.2
2;1/2021;SIS100;1;51;A;0;5;62.2
2;2/2021;FIS200;2;51;A;0;6;65.3
2;2/2021;MAT102;2;38;R;1;6;65.3
2;2/2021;MAT103;2;51;A;1;6;65.3
2;2/2021;SIS101;2;88;A;0;6;65.3
2;2/2021;SIS103;2;89;A;0;6;65.3
2;2/2021;SIS308;2;75;A;0;6;65.3
2;1/2022;MAT102;2;26;R;1;7;51.7
2;1/2022;GEN410;3;66;A;0;7;51.7
2;1/2022;SIS107;3;54;A;1;7;51.7
2;1/2022;SIS204;3;62;A;0;7;51.7
2;1/2022;SIS302;3;66;A;0;7;51.7
2;1/2022;SIS457;3;53;A;0;7;51.7
2;1/2022;MAT102;2;35;R;0;7;51.7
2;2/2022;MAT102;2;29;R;1;7;57.4
2;2/2022;SIS110;4;73;A;0;7;57.4
2;2/2022;SIS125;4;65;A;0;7;57.4
2;2/2022;SIS251;4;82;A;0;7;57.4
2;2/2022;SIS304;4;63;A;1;7;57.4
2;2/2022;SIS407;4;70;A;0;7;57.4
2;2/2022;MAT102;2;20;R;0;7;57.4
2;1/2023;MAT102;2;10;R;0;6;52.0
2;1/2023;SIS252;5;54;A;0;6;52.0
2;1/2023;SIS256;5;76;A;0;6;52.0
2;1/2023;SIS313;5;59;A;0;6;52.0
2;1/2023;SIS315;5;61;A;0;6;52.0
2;1/2023;SIS324;5;52;A;0;6;52.0
2;2/2023;MAT102;2;1;B;0;7;49.0
2;2/2023;COM350;6;65;A;0;7;49.0
2;2/2023;COM460;6;58;A;0;7;49.0
2;2/2023;SIS104;6;72;A;0;7;49.0
2;2/2023;SIS258;6;76;A;0;7;49.0
2;2/2023;SIS427;6;70;A;0;7;49.0
2;2/2023;MAT102;2;1;B;0;7;49.0
2;1/2024;MAT102;2;44;R;1;4;65.5
2;1/2024;COM450;7;60;A;0;4;65.5
2;1/2024;COM470;7;84;A;0;4;65.5
2;1/2024;SIS254;7;74;A;0;4;65.5
2;2/2024;MAT102;2;51;A;0;4;58.0
2;2/2024;SIS316;8;62;A;0;4;58.0
2;2/2024;SIS325;8;61;A;0;4;58.0
2;2/2024;MAT280;3;58;A;0;4;58.0
3;1/2021;FIS100;1;52;A;0;6;59.3
3;1/2021;MAT100;1;68;A;0;6;59.3
3;1/2021;MAT101;1;53;A;0;6;59.3
3;1/2021;SHC100;1;67;A;0;6;59.3
3;1/2021;SIS100;1;41;R;1;6;59.3
3;1/2021;SIS100;1;75;A;0;6;59.3
3;2/2021;ADM100;2;77;A;0;6;61.2
3;2/2021;FIS200;2;36;R;0;6;61.2
3;2/2021;MAT102;2;32;R;0;6;61.2
3;2/2021;MAT103;2;46;R;0;6;61.2
3;2/2021;SIS101;2;96;A;0;6;61.2
3;2/2021;SIS308;2;80;A;0;6;61.2
3;1/2022;MAT102;2;6;R;0;8;39.8
3;1/2022;MAT103;2;28;R;1;8;39.8
3;1/2022;GEN410;3;59;A;0;8;39.8
3;1/2022;SIS204;3;51;A;1;8;39.8
3;1/2022;SIS302;3;51;A;0;8;39.8
3;1/2022;SIS457;3;33;R;0;8;39.8
3;1/2022;MAT103;2;51;A;0;8;39.8
3;1/2022;SIS457;3;39;R;0;8;39.8
3;2/2022;FIS200;2;57;A;0;5;59.8
3;2/2022;MAT102;2;51;A;1;5;59.8
3;2/2022;SIS457;3;62;A;0;5;59.8
3;2/2022;SIS125;4;78;A;0;5;59.8
3;2/2022;SIS304;4;51;A;0;5;59.8
3;1/2023;MAT207;3;40;R;1;7;53.6
3;1/2023;MAT280;3;51;A;1;7;53.6
3;1/2023;SIS107;4;40;R;1;7;53.6
3;1/2023;SIS251;4;72;A;0;7;53.6
3;1/2023;SIS301;5;59;A;0;7;53.6
3;1/2023;MAT207;3;30;R;0;7;53.6
3;1/2023;SIS107;4;83;A;0;7;53.6
3;2/2023;MAT207;3;60;A;0;6;67.3
3;2/2023;SIS370;4;64;A;0;6;67.3
3;2/2023;SIS252;5;73;A;0;6;67.3
3;2/2023;SIS313;5;76;A;0;6;67.3
3;2/2023;MAT205;4;100;A;0;6;67.3
3;2/2023;SIS315;5;31;R;0;6;67.3
3;1/2024;SIS145;5;51;A;0;5;53.6
3;1/2024;SIS209;5;51;A;1;5;53.6
3;1/2024;SIS315;5;60;A;0;5;53.6
3;1/2024;SIS256;6;44;R;1;5;53.6
3;1/2024;SIS324;6;62;A;0;5;53.6
3;2/2024;SIS256;6;90;A;0;2;65.0
3;2/2024;SIS386;6;40;R;1;2;65.0
4;1/2022;FIS100;1;51;A;0;5;55.0
4;1/2022;MAT100;1;54;C;0;5;55.0
4;1/2022;MAT101;1;57;A;0;5;55.0
4;1/2022;SHC100;1;60;A;0;5;55.0
4;1/2022;SIS100;1;53;A;0;5;55.0
4;2/2022;FIS200;2;70;A;0;7;50.3
4;2/2022;MAT102;2;38;R;0;7;50.3
4;2/2022;MAT103;2;92;A;0;7;50.3
4;2/2022;SIS101;2;1;B;0;7;50.3
4;2/2022;SIS103;2;89;A;0;7;50.3
4;2/2022;SIS308;2;61;A;0;7;50.3
4;2/2022;MAT102;2;1;B;0;7;50.3
4;1/2023;MAT102;2;7;R;0;4;50.3
4;1/2023;SIS101;2;72;A;0;4;50.3
4;1/2023;GEN410;3;65;A;0;4;50.3
4;1/2023;SIS107;3;57;A;0;4;50.3
4;2/2023;SIS204;3;77;A;0;6;69.3
4;2/2023;SIS302;3;76;A;0;6;69.3
4;2/2023;SIS457;3;51;A;0;6;69.3
4;2/2023;SIS110;4;79;A;0;6;69.3
4;2/2023;SIS125;4;68;A;0;6;69.3
4;2/2023;SIS251;4;65;A;0;6;69.3
4;1/2024;MAT102;2;54;A;0;7;64.9
4;1/2024;SIS304;4;57;A;0;7;64.9
4;1/2024;SIS407;4;71;A;0;7;64.9
4;1/2024;SIS252;5;73;A;0;7;64.9
4;1/2024;SIS313;5;81;A;0;7;64.9
4;1/2024;SIS315;5;54;A;0;7;64.9
4;1/2024;SIS324;5;64;A;0;7;64.9
4;2/2024;MAT280;3;60;A;0;5;84.0
4;2/2024;SIS256;5;95;A;0;5;84.0
4;2/2024;COM350;6;83;A;0;5;84.0
4;2/2024;COM460;6;89;A;0;5;84.0
4;2/2024;SIS258;6;93;A;0;5;84.0
4;1/2025;SIS120;4;71;A;0;6;79.2
4;1/2025;SIS104;6;80;A;0;6;79.2
4;1/2025;SIS427;6;82;A;0;6;79.2
4;1/2025;COM450;7;73;A;0;6;79.2
4;1/2025;SIS254;7;69;A;0;6;79.2
4;1/2025;SIS420;5;100;A;0;6;79.2
10;1/2018;SHC139;1;72;A;0;4;64.2
10;1/2018;MAT136;1;32;R;0;4;64.2
10;1/2018;SHC183;1;74;A;0;4;64.2
10;1/2018;ADM145;1;79;C;0;4;64.2
10;2/2018;MAT136;1;82;A;0;6;80.2
10;2/2018;FIS206;2;100;A;1;6;80.2
10;2/2018;ADM241;2;73;A;0;6;80.2
10;2/2018;ADM299;2;82;A;0;6;80.2
10;2/2018;SHC297;2;71;A;0;6;80.2
10;2/2018;COM260;2;73;A;0;6;80.2
10;1/2019;MAT397;3;67;A;0;6;57.0
10;1/2019;ADM322;3;59;A;0;6;57.0
10;1/2019;MAT342;3;41;R;0;6;57.0
10;1/2019;GEN395;3;89;A;0;6;57.0
10;1/2019;SIS369;3;65;A;0;6;57.0
10;1/2019;SIS309;3;21;R;0;6;57.0
10;2/2019;MAT342;3;76;A;0;4;67.0
10;2/2019;SIS309;3;62;A;0;4;67.0
10;2/2019;GEN489;4;77;C;0;4;67.0
10;2/2019;COM454;4;53;C;0;4;67.0
10;1/2020;SHC503;5;68;A;1;5;52.6
10;1/2020;SHC501;5;30;R;0;5;52.6
10;1/2020;GEN544;5;45;R;0;5;52.6
10;1/2020;FIS533;5;43;C;0;5;52.6
10;1/2020;MAT541;5;77;A;0;5;52.6
10;2/2020;SHC501;5;69;A;1;5;60.4
10;2/2020;GEN544;5;26;R;0;5;60.4
10;2/2020;SIS563;5;72;A;0;5;60.4
10;2/2020;COM504;5;72;C;0;5;60.4
10;2/2020;SHC526;5;63;A;1;5;60.4
10;1/2021;GEN544;5;22;R;0;7;69.1
10;1/2021;SIS678;6;85;A;0;7;69.1
10;1/2021;FIS658;6;70;A;0;7;69.1
10;1/2021;SIS645;6;83;A;0;7;69.1
10;1/2021;ADM624;6;75;A;0;7;69.1
10;1/2021;COM681;6;73;A;0;7;69.1
10;1/2021;COM621;6;76;A;0;7;69.1
10;2/2021;GEN544;5;73;C;1;5;63.0
10;2/2021;FIS789;7;86;A;0;5;63.0
10;2/2021;GEN714;7;70;A;0;5;63.0
10;2/2021;SHC708;7;74;A;1;5;63.0
10;2/2021;COM702;7;12;R;0;5;63.0
11;1/2020;GEN121;1;69;A;0;7;49.3
11;1/2020;FIS137;1;72;A;0;7;49.3
11;1/2020;COM185;1;62;A;1;7;49.3
11;1/2020;SIS121;1;68;A;0;7;49.3
11;1/2020;SIS160;1;29;R;1;7;49.3
11;1/2020;SHC196;1;5;R;0;7;49.3
11;1/2020;SHC156;1;40;R;0;7;49.3
11;2/2020;SIS160;1;74;A;0;4;68.8
11;2/2020;SHC196;1;63;A;0;4;68.8
11;2/2020;SHC156;1;75;A;1;4;68.8
11;2/2020;GEN116;1;63;A;0;4;68.8
11;1/2021;ADM264;2;67;A;0;4;63.8
11;1/2021;SHC214;2;35;R;0;4;63.8
11;1/2021;COM228;2;65;A;0;4;63.8
11;1/2021;COM258;2;88;A;1;4;63.8
11;2/2021;SHC214;2;66;A;0;7;54.1
11;2/2021;SHC334;3;68;A;0;7;54.1
11;2/2021;SHC327;3;56;A;0;7;54.1
11;2/2021;MAT388;3;72;A;1;7;54.1
11;2/2021;GEN343;3;15;R;0;7;54.1
11;2/2021;ADM370;3;56;A;0;7;54.1
11;2/2021;SHC320;3;46;R;0;7;54.1
11;1/2022;GEN343;3;22;R;0;7;54.7
11;1/2022;SHC320;3;49;R;0;7;54.7
11;1/2022;SHC455;4;70;A;0;7;54.7
11;1/2022;COM441;4;66;A;0;7;54.7
11;1/2022;SHC458;4;73;C;0;7;54.7
11;1/2022;COM474;4;51;A;0;7;54.7
11;1/2022;FIS495;4;52;A;0;7;54.7
11;2/2022;GEN343;3;70;A;0;6;53.2
11;2/2022;SHC320;3;56;A;0;6;53.2
11;2/2022;COM546;5;59;A;0;6;53.2
11;2/2022;MAT509;5;23;R;0;6;53.2
11;2/2022;COM597;5;59;A;0;6;53.2
11;2/2022;SIS584;5;52;A;0;6;53.2
11;1/2023;MAT509;5;49;C;0;4;63.5
11;1/2023;SHC604;6;61;A;0;4;63.5
11;1/2023;SHC664;6;87;A;0;4;63.5
11;1/2023;COM640;6;57;A;0;4;63.5
11;2/2023;SIS721;7;64;A;0;6;65.5
11;2/2023;COM714;7;76;A;0;6;65.5
11;2/2023;COM770;7;22;R;0;6;65.5
11;2/2023;SIS761;7;85;A;1;6;65.5
11;2/2023;SIS712;7;72;A;1;6;65.5
11;2/2023;SHC722;7;74;A;0;6;65.5
12;1/2018;FIS152;1;57;A;1;7;47.3
12;1/2018;SIS155;1;54;A;0;7;47.3
12;1/2018;COM113;1;31;R;0;7;47.3
12;1/2018;COM146;1;41;R;0;7;47.3
12;1/2018;COM135;1;47;R;0;7;47.3
12;1/2018;GEN160;1;21;R;0;7;47.3
12;1/2018;FIS134;1;80;A;0;7;47.3
12;2/2018;COM113;1;32;R;0;7;40.4
12;2/2018;COM146;1;66;A;0;7;40.4
12;2/2018;COM135;1;36;R;0;7;40.4
12;2/2018;GEN160;1;54;A;1;7;40.4
12;2/2018;FIS109;1;25;R;0;7;40.4
12;2/2018;ADM198;1;24;R;0;7;40.4
12;2/2018;MAT119;1;46;C;0;7;40.4
12;1/2019;COM113;1;74;A;0;6;51.5
12;1/2019;COM135;1;63;A;0;6;51.5
12;1/2019;FIS109;1;33;R;0;6;51.5
12;1/2019;ADM198;1;0;R;1;6;51.5
12;1/2019;FIS180;1;78;A;0;6;51.5
12;1/2019;COM178;1;61;A;0;6;51.5
12;2/2019;FIS109;1;48;R;0;7;59.1
12;2/2019;ADM198;1;79;A;0;7;59.1
12;2/2019;SHC273;2;77;A;0;7;59.1
12;2/2019;SHC209;2;41;R;0;7;59.1
12;2/2019;SHC279;2;31;R;0;7;59.1
12;2/2019;ADM285;2;72;A;0;7;59.1
12;2/2019;ADM259;2;66;A;0;7;59.1
12;1/2020;FIS109;1;28;R;0;5;34.6
12;1/2020;SHC209;2;25;R;0;5;34.6
12;1/2020;SHC279;2;70;A;1;5;34.6
12;1/2020;COM262;2;20;R;0;5;34.6
12;1/2020;COM229;2;30;R;1;5;34.6
12;2/2020;FIS109;1;45;R;1;7;49.6
12;2/2020;SHC209;2;42;R;0;7;49.6
12;2/2020;COM262;2;41;R;0;7;49.6
12;2/2020;COM229;2;74;A;0;7;49.6
12;2/2020;MAT230;2;79;A;1;7;49.6
12;2/2020;ADM263;2;30;R;0;7;49.6
12;2/2020;GEN251;2;36;R;0;7;49.6
12;1/2021;FIS109;1;69;A;0;5;66.0
12;1/2021;SHC209;2;82;C;0;5;66.0
12;1/2021;COM262;2;67;A;0;5;66.0
12;1/2021;ADM263;2;54;A;1;5;66.0
12;1/2021;GEN251;2;58;A;0;5;66.0
12;2/2021;GEN374;3;41;R;0;4;49.2
12;2/2021;FIS350;3;60;A;0;4;49.2
12;2/2021;SHC349;3;77;A;0;4;49.2
12;2/2021;ADM341;3;19;R;0;4;49.2
12;1/2022;GEN374;3;69;A;0;6;50.7
12;1/2022;ADM341;3;41;R;1;6;50.7
12;1/2022;FIS326;3;36;R;0;6;50.7
12;1/2022;GEN349;3;59;A;0;6;50.7
12;1/2022;GEN335;3;62;A;0;6;50.7
12;1/2022;SHC385;3;37;R;1;6;50.7
13;1/2019;FIS143;1;61;C;0;7;69.6
13;1/2019;FIS161;1;58;C;0;7;69.6
13;1/2019;FIS189;1;75;A;0;7;69.6
13;1/2019;SHC153;1;74;A;0;7;69.6
13;1/2019;FIS134;1;68;A;0;7;69.6
13;1/2019;COM111;1;72;A;0;7;69.6
13;1/2019;SHC116;1;79;A;0;7;69.6
13;2/2019;SHC276;2;76;A;0;6;71.2
13;2/2019;FIS200;2;78;A;0;6;71.2
13;2/2019;COM283;2;59;A;0;6;71.2
13;2/2019;COM241;2;67;A;1;6;71.2
13;2/2019;SHC284;2;74;A;0;6;71.2
13;2/2019;GEN219;2;73;A;0;6;71.2
13;1/2020;COM351;3;65;A;0;5;49.2
13;1/2020;SIS348;3;58;A;0;5;49.2
13;1/2020;COM376;3;41;R;0;5;49.2
13;1/2020;SIS378;3;64;A;0;5;49.2
13;1/2020;GEN336;3;18;R;0;5;49.2
13;2/2020;COM376;3;70;A;1;7;63.7
13;2/2020;GEN336;3;15;R;0;7;63.7
13;2/2020;SHC337;3;70;A;0;7;63.7
13;2/2020;SIS303;3;73;A;0;7;63.7
13;2/2020;MAT341;3;66;A;1;7;63.7
13;2/2020;COM354;3;80;A;0;7;63.7
13;2/2020;FIS306;3;72;C;0;7;63.7
13;1/2021;GEN336;3;71;A;1;5;67.4
13;1/2021;COM405;4;71;A;0;5;67.4
13;1/2021;FIS411;4;26;R;0;5;67.4
13;1/2021;MAT443;4;71;A;1;5;67.4
13;1/2021;SHC492;4;98;A;0;5;67.4
13;2/2021;FIS411;4;68;A;0;7;68.1
13;2/2021;MAT560;5;70;C;0;7;68.1
13;2/2021;ADM598;5;40;R;0;7;68.1
13;2/2021;ADM514;5;70;A;0;7;68.1
13;2/2021;COM536;5;80;C;0;7;68.1
13;2/2021;ADM512;5;68;C;0;7;68.1
13;2/2021;ADM560;5;81;A;0;7;68.1
13;1/2022;ADM598;5;70;A;0;5;66.4
13;1/2022;ADM614;6;62;A;1;5;66.4
13;1/2022;FIS673;6;73;A;0;5;66.4
13;1/2022;FIS697;6;64;A;0;5;66.4
13;1/2022;GEN677;6;63;A;0;5;66.4
13;2/2022;SHC771;7;69;A;0;7;65.4
13;2/2022;GEN711;7;51;A;0;7;65.4
13;2/2022;MAT782;7;61;A;0;7;65.4
13;2/2022;ADM734;7;53;A;1;7;65.4
13;2/2022;SHC790;7;79;A;0;7;65.4
13;2/2022;SIS709;7;78;A;0;7;65.4
13;2/2022;MAT754;7;67;C;0;7;65.4
14;1/2018;GEN106;1;32;R;0;4;67.8
14;1/2018;MAT107;1;81;C;0;4;67.8
14;1/2018;FIS155;1;91;A;0;4;67.8
14;1/2018;MAT111;1;67;A;0;4;67.8
14;2/2018;GEN106;1;69;A;0;4;52.5
14;2/2018;FIS255;2;5;R;0;4;52.5
14;2/2018;GEN234;2;80;A;0;4;52.5
14;2/2018;GEN217;2;56;C;0;4;52.5
14;1/2019;FIS255;2;74;A;0;6;60.3
14;1/2019;FIS335;3;78;C;0;6;60.3
14;1/2019;GEN384;3;70;C;0;6;60.3
14;1/2019;GEN339;3;85;A;0;6;60.3
14;1/2019;FIS313;3;15;R;0;6;60.3
14;1/2019;FIS313;3;40;R;1;6;60.3
14;2/2019;FIS313;3;66;A;0;7;57.0
14;2/2019;FIS313;3;80;A;0;7;57.0
14;2/2019;COM468;4;62;A;0;7;57.0
14;2/2019;SIS494;4;9;R;0;7;57.0
14;2/2019;GEN470;4;57;A;1;7;57.0
14;2/2019;FIS404;4;42;R;0;7;57.0
14;2/2019;ADM466;4;83;A;0;7;57.0
14;1/2020;SIS494;4;66;A;0;6;61.3
14;1/2020;FIS404;4;76;A;0;6;61.3
14;1/2020;GEN599;5;74;A;0;6;61.3
14;1/2020;MAT526;5;60;A;0;6;61.3
14;1/2020;SIS504;5;11;R;0;6;61.3
14;1/2020;ADM561;5;81;A;0;6;61.3
14;2/2020;SIS504;5;72;A;0;4;65.8
14;2/2020;ADM631;6;69;A;0;4;65.8
14;2/2020;SHC604;6;72;A;0;4;65.8
14;2/2020;FIS677;6;50;R;0;4;65.8
14;1/2021;FIS677;6;47;R;0;6;52.5
14;1/2021;FIS750;7;2;R;0;6;52.5
14;1/2021;GEN748;7;75;A;0;6;52.5
14;1/2021;ADM745;7;50;R;0;6;52.5
14;1/2021;ADM708;7;77;A;0;6;52.5
14;1/2021;MAT739;7;64;A;0;6;52.5
15;1/2018;COM151;1;45;R;0;5;57.6
15;1/2018;FIS136;1;47;R;1;5;57.6
15;1/2018;GEN158;1;52;A;1;5;57.6
15;1/2018;COM108;1;59;A;0;5;57.6
15;1/2018;GEN124;1;85;A;1;5;57.6
15;2/2018;COM151;1;69;A;0;4;69.5
15;2/2018;FIS136;1;68;A;0;4;69.5
15;2/2018;ADM157;1;75;A;0;4;69.5
15;2/2018;GEN103;1;66;A;0;4;69.5
15;1/2019;SIS241;2;65;C;0;4;71.8
15;1/2019;ADM282;2;65;A;0;4;71.8
15;1/2019;SIS270;2;82;A;0;4;71.8
15;1/2019;ADM237;2;75;A;0;4;71.8
15;2/2019;SIS309;3;60;A;0;5;67.6
15;2/2019;MAT325;3;59;A;0;5;67.6
15;2/2019;FIS337;3;63;A;0;5;67.6
15;2/2019;COM370;3;85;A;0;5;67.6
15;2/2019;FIS331;3;71;A;1;5;67.6
15;1/2020;ADM451;4;79;A;0;5;48.0
15;1/2020;SIS475;4;9;R;0;5;48.0
15;1/2020;COM411;4;88;A;0;5;48.0
15;1/2020;COM464;4;23;R;0;5;48.0
15;1/2020;MAT434;4;41;C;0;5;48.0
15;2/2020;SIS475;4;76;A;0;5;57.6
15;2/2020;COM464;4;66;A;0;5;57.6
15;2/2020;ADM430;4;65;A;0;5;57.6
15;2/2020;SHC401;4;35;R;0;5;57.6
15;2/2020;MAT490;4;46;R;0;5;57.6
15;1/2021;SHC401;4;75;A;0;7;77.6
15;1/2021;MAT490;4;87;A;0;7;77.6
15;1/2021;COM468;4;74;A;0;7;77.6
15;1/2021;FIS486;4;62;C;1;7;77.6
15;1/2021;FIS497;4;84;A;0;7;77.6
15;1/2021;SIS461;4;91;A;0;7;77.6
15;1/2021;MAT469;4;70;A;0;7;77.6
16;1/2019;COM141;1;63;A;0;5;66.2
16;1/2019;SIS133;1;80;A;1;5;66.2
16;1/2019;SHC131;1;80;A;0;5;66.2
16;1/2019;SIS144;1;55;A;0;5;66.2
16;1/2019;MAT193;1;53;A;0;5;66.2
16;2/2019;SIS255;2;76;A;1;4;70.0
16;2/2019;SIS286;2;61;A;0;4;70.0
16;2/2019;SIS244;2;71;A;0;4;70.0
16;2/2019;COM251;2;72;A;0;4;70.0
16;1/2020;MAT382;3;74;A;0;4;72.2
16;1/2020;ADM370;3;59;A;1;4;72.2
16;1/2020;COM345;3;60;A;1;4;72.2
16;1/2020;COM305;3;96;C;1;4;72.2
16;2/2020;GEN411;4;83;A;0;5;67.2
16;2/2020;SHC483;4;37;R;0;5;67.2
16;2/2020;SIS455;4;65;A;1;5;67.2
16;2/2020;SHC468;4;69;A;1;5;67.2
16;2/2020;MAT446;4;82;A;1;5;67.2
16;1/2021;SHC483;4;47;R;0;4;62.0
16;1/2021;ADM530;5;44;R;0;4;62.0
16;1/2021;FIS507;5;76;A;1;4;62.0
16;1/2021;SHC545;5;81;A;0;4;62.0
16;2/2021;SHC483;4;71;C;0;6;76.0
16;2/2021;ADM530;5;82;A;1;6;76.0
16;2/2021;SIS562;5;70;A;0;6;76.0
16;2/2021;FIS554;5;78;A;0;6;76.0
16;2/2021;FIS550;5;68;A;0;6;76.0
16;2/2021;MAT582;5;87;A;0;6;76.0
16;1/2022;SHC601;6;82;A;0;5;70.8
16;1/2022;MAT677;6;89;A;0;5;70.8
16;1/2022;COM620;6;66;A;0;5;70.8
16;1/2022;SHC672;6;63;A;0;5;70.8
16;1/2022;SIS659;6;54;A;1;5;70.8
16;2/2022;FIS750;7;79;A;1;4;70.0
16;2/2022;SIS740;7;62;A;0;4;70.0
16;2/2022;FIS759;7;63;A;0;4;70.0
16;2/2022;COM767;7;76;A;0;4;70.0
16;1/2023;ADM891;8;56;A;0;5;60.0
16;1/2023;MAT864;8;44;R;0;5;60.0
16;1/2023;MAT855;8;67;A;1;5;60.0
16;1/2023;MAT860;8;66;A;0;5;60.0
16;1/2023;SIS896;8;67;C;0;5;60.0
17;1/2019;SHC122;1;82;A;0;7;61.9
17;1/2019;MAT198;1;81;A;0;7;61.9
17;1/2019;COM121;1;60;A;1;7;61.9
17;1/2019;MAT179;1;57;A;0;7;61.9
17;1/2019;COM122;1;8;R;0;7;61.9
17;1/2019;MAT115;1;65;A;1;7;61.9
17;1/2019;SHC176;1;80;A;0;7;61.9
17;2/2019;COM122;1;66;A;0;5;52.6
17;2/2019;COM298;2;41;R;0;5;52.6
17;2/2019;FIS286;2;21;R;0;5;52.6
17;2/2019;COM287;2;74;A;0;5;52.6
17;2/2019;COM205;2;61;C;0;5;52.6
17;1/2020;COM298;2;72;C;0;5;59.6
17;1/2020;FIS286;2;67;A;0;5;59.6
17;1/2020;SIS294;2;68;C;0;5;59.6
17;1/2020;GEN240;2;7;R;0;5;59.6
17;1/2020;ADM294;2;84;A;0;5;59.6
17;2/2020;GEN240;2;67;A;0;6;61.3
17;2/2020;FIS365;3;62;A;0;6;61.3
17;2/2020;SIS388;3;66;A;0;6;61.3
17;2/2020;SIS326;3;19;R;0;6;61.3
17;2/2020;MAT352;3;78;A;0;6;61.3
17;2/2020;GEN325;3;76;A;0;6;61.3
17;1/2021;SIS326;3;53;A;0;6;68.3
17;1/2021;COM466;4;67;A;0;6;68.3
17;1/2021;MAT421;4;74;A;0;6;68.3
17;1/2021;SHC476;4;89;A;0;6;68.3
17;1/2021;FIS425;4;58;C;0;6;68.3
17;1/2021;MAT490;4;69;A;0;6;68.3
17;2/2021;SHC538;5;83;A;1;6;55.5
17;2/2021;SIS573;5;51;A;0;6;55.5
17;2/2021;ADM525;5;29;R;0;6;55.5
17;2/2021;FIS518;5;73;A;0;6;55.5
17;2/2021;SIS552;5;15;R;0;6;55.5
17;2/2021;SHC588;5;82;A;0;6;55.5
17;1/2022;ADM525;5;66;A;0;5;59.0
17;1/2022;SIS552;5;83;A;1;5;59.0
17;1/2022;SHC657;6;24;R;0;5;59.0
17;1/2022;MAT665;6;59;A;0;5;59.0
17;1/2022;ADM627;6;63;A;1;5;59.0
18;1/2018;GEN136;1;61;A;0;7;66.0
18;1/2018;FIS190;1;65;A;0;7;66.0
18;1/2018;COM157;1;75;A;1;7;66.0
18;1/2018;SHC186;1;72;A;0;7;66.0
18;1/2018;ADM112;1;72;A;0;7;66.0
18;1/2018;SIS108;1;39;R;1;7;66.0
18;1/2018;GEN139;1;78;A;0;7;66.0
18;2/2018;SIS108;1;77;A;1;7;57.9
18;2/2018;SHC242;2;80;C;0;7;57.9
18;2/2018;GEN294;2;0;R;0;7;57.9
18;2/2018;GEN254;2;87;A;0;7;57.9
18;2/2018;COM263;2;23;R;0;7;57.9
18;2/2018;SIS254;2;54;A;0;7;57.9
18;2/2018;FIS290;2;84;A;0;7;57.9
18;1/2019;GEN294;2;22;R;1;4;60.0
18;1/2019;COM263;2;72;A;0;4;60.0
18;1/2019;FIS386;3;75;A;1;4;60.0
18;1/2019;GEN349;3;71;A;0;4;60.0
18;2/2019;GEN294;2;85;A;1;6;51.7
18;2/2019;ADM413;4;57;A;0;6;51.7
18;2/2019;MAT425;4;38;R;0;6;51.7
18;2/2019;ADM445;4;57;C;0;6;51.7
18;2/2019;GEN481;4;73;A;0;6;51.7
18;2/2019;COM459;4;0;R;0;6;51.7
18;1/2020;MAT425;4;46;R;0;4;45.2
18;1/2020;COM459;4;6;R;0;4;45.2
18;1/2020;SHC501;5;68;A;0;4;45.2
18;1/2020;SHC551;5;61;A;0;4;45.2
18;2/2020;MAT425;4;61;C;0;5;69.2
18;2/2020;COM459;4;75;A;0;5;69.2
18;2/2020;FIS515;5;76;C;0;5;69.2
18;2/2020;SIS546;5;68;A;0;5;69.2
18;2/2020;SHC515;5;66;A;0;5;69.2
18;1/2021;FIS621;6;46;C;1;6;61.3
18;1/2021;SIS630;6;71;A;0;6;61.3
18;1/2021;ADM668;6;63;A;0;6;61.3
18;1/2021;ADM683;6;63;A;0;6;61.3
18;1/2021;SHC637;6;62;A;0;6;61.3
18;1/2021;SHC655;6;63;A;0;6;61.3
18;2/2021;MAT758;7;3;R;0;5;56.4
18;2/2021;ADM761;7;78;A;1;5;56.4
18;2/2021;GEN701;7;63;A;0;5;56.4
18;2/2021;SHC765;7;65;A;0;5;56.4
18;2/2021;COM782;7;73;A;0;5;56.4
18;1/2022;MAT758;7;69;A;0;6;64.7
18;1/2022;SIS850;8;13;R;0;6;64.7
18;1/2022;FIS862;8;76;A;0;6;64.7
18;1/2022;GEN823;8;73;A;0;6;64.7
18;1/2022;ADM882;8;86;A;1;6;64.7
18;1/2022;MAT858;8;71;A;0;6;64.7
18;2/2022;SIS850;8;67;A;0;4;73.2
18;2/2022;COM943;9;66;A;0;4;73.2
18;2/2022;GEN904;9;79;A;0;4;73.2
18;2/2022;SHC979;9;81;C;0;4;73.2
19;1/2019;SIS159;1;25;R;0;6;46.2
19;1/2019;ADM137;1;65;A;1;6;46.2
19;1/2019;GEN174;1;22;R;0;6;46.2
19;1/2019;MAT115;1;49;R;0;6;46.2
19;1/2019;ADM161;1;65;C;0;6;46.2
19;1/2019;GEN140;1;51;A;1;6;46.2
19;2/2019;SIS159;1;69;C;0;7;54.6
19;2/2019;GEN174;1;49;R;0;7;54.6
19;2/2019;MAT115;1;55;C;0;7;54.6
19;2/2019;GEN142;1;57;A;0;7;54.6
19;2/2019;SHC124;1;11;R;0;7;54.6
19;2/2019;SIS179;1;75;A;0;7;54.6
19;2/2019;SHC120;1;66;A;0;7;54.6
19;1/2020;GEN174;1;69;A;1;4;58.5
19;1/2020;SHC124;1;66;A;0;4;58.5
19;1/2020;FIS298;2;36;R;0;4;58.5
19;1/2020;MAT261;2;63;A;1;4;58.5
19;2/2020;FIS298;2;15;R;0;5;37.0
19;2/2020;FIS332;3;8;R;0;5;37.0
19;2/2020;SHC307;3;80;A;0;5;37.0
19;2/2020;COM338;3;12;R;0;5;37.0
19;2/2020;GEN392;3;70;A;0;5;37.0
19;1/2021;FIS298;2;76;A;0;7;60.9
19;1/2021;FIS332;3;13;R;0;7;60.9
19;1/2021;COM338;3;75;C;0;7;60.9
19;1/2021;ADM344;3;39;R;0;7;60.9
19;1/2021;ADM398;3;91;A;0;7;60.9
19;1/2021;GEN338;3;67;A;0;7;60.9
19;1/2021;GEN319;3;65;A;0;7;60.9
19;2/2021;FIS332;3;77;C;0;5;56.4
19;2/2021;ADM344;3;62;A;0;5;56.4
19;2/2021;MAT444;4;77;A;0;5;56.4
19;2/2021;GEN475;4;0;R;0;5;56.4
19;2/2021;FIS440;4;66;A;1;5;56.4
19;1/2022;GEN475;4;50;R;0;4;53.5
19;1/2022;SIS551;5;33;R;0;4;53.5
19;1/2022;COM589;5;54;A;0;4;53.5
19;1/2022;SHC598;5;77;C;0;4;53.5
19;2/2022;GEN475;4;75;C;0;6;53.8
19;2/2022;SIS551;5;21;R;0;6;53.8
19;2/2022;GEN517;5;59;A;0;6;53.8
19;2/2022;COM575;5;58;C;0;6;53.8
19;2/2022;GEN560;5;74;A;0;6;53.8
19;2/2022;SHC568;5;36;R;0;6;53.8
19;1/2023;SIS551;5;61;A;0;6;66.0
19;1/2023;SHC568;5;62;A;0;6;66.0
19;1/2023;SIS640;6;73;A;0;6;66.0
19;1/2023;SIS652;6;70;A;1;6;66.0
19;1/2023;COM625;6;56;A;0;6;66.0
19;1/2023;FIS655;6;74;A;0;6;66.0
20;1/2019;MAT186;1;21;R;0;4;60.8
20;1/2019;COM117;1;70;A;0;4;60.8
20;1/2019;SHC121;1;63;A;0;4;60.8
20;1/2019;COM142;1;89;A;0;4;60.8
20;2/2019;MAT186;1;75;C;0;5;71.4
20;2/2019;COM262;2;84;A;0;5;71.4
20;2/2019;FIS294;2;56;C;0;5;71.4
20;2/2019;SIS231;2;83;A;1;5;71.4
20;2/2019;SIS235;2;59;A;0;5;71.4
20;1/2020;SIS351;3;63;C;1;5;58.4
20;1/2020;MAT399;3;72;A;0;5;58.4
20;1/2020;SIS384;3;21;R;0;5;58.4
20;1/2020;GEN370;3;68;A;1;5;58.4
20;1/2020;ADM369;3;68;A;0;5;58.4
20;2/2020;SIS384;3;24;R;0;7;50.9
20;2/2020;ADM464;4;59;A;1;7;50.9
20;2/2020;SHC468;4;59;A;0;7;50.9
20;2/2020;FIS480;4;69;A;0;7;50.9
20;2/2020;COM455;4;64;C;0;7;50.9
20;2/2020;COM470;4;59;A;0;7;50.9
20;2/2020;SHC471;4;22;R;0;7;50.9
20;1/2021;SIS384;3;62;A;0;6;54.5
20;1/2021;SHC471;4;63;A;0;6;54.5
20;1/2021;ADM503;5;69;A;0;6;54.5
20;1/2021;MAT527;5;92;A;1;6;54.5
20;1/2021;GEN519;5;26;R;0;6;54.5
20;1/2021;COM584;5;15;R;0;6;54.5
20;2/2021;GEN519;5;80;A;0;5;69.6
20;2/2021;COM584;5;79;A;0;5;69.6
20;2/2021;SHC644;6;65;A;1;5;69.6
20;2/2021;GEN617;6;49;R;0;5;69.6
20;2/2021;FIS619;6;75;A;0;5;69.6
21;1/2020;MAT114;1;82;A;0;4;69.8
21;1/2020;FIS183;1;83;A;0;4;69.8
21;1/2020;COM191;1;85;A;0;4;69.8
21;1/2020;FIS160;1;29;R;0;4;69.8
21;2/2020;FIS160;1;53;A;0;5;61.6
21;2/2020;SHC245;2;86;A;0;5;61.6
21;2/2020;FIS208;2;35;R;0;5;61.6
21;2/2020;GEN280;2;70;A;0;5;61.6
21;2/2020;MAT255;2;64;A;1;5;61.6
21;1/2021;FIS208;2;43;R;0;5;61.4
21;1/2021;GEN320;3;80;A;0;5;61.4
21;1/2021;GEN322;3;44;R;0;5;61.4
21;1/2021;SHC339;3;71;A;1;5;61.4
21;1/2021;COM330;3;69;A;0;5;61.4
21;2/2021;FIS208;2;69;A;0;4;44.0
21;2/2021;GEN322;3;75;A;0;4;44.0
21;2/2021;MAT368;3;13;R;1;4;44.0
21;2/2021;SIS389;3;19;R;1;4;44.0
21;1/2022;MAT368;3;32;R;0;7;49.0
21;1/2022;SIS389;3;59;A;1;7;49.0
21;1/2022;FIS397;3;68;C;0;7;49.0
21;1/2022;COM372;3;68;A;1;7;49.0
21;1/2022;COM366;3;55;A;1;7;49.0
21;1/2022;FIS371;3;54;A;0;7;49.0
21;1/2022;MAT306;3;7;R;0;7;49.0
21;2/2022;MAT368;3;79;A;0;4;54.2
21;2/2022;MAT306;3;72;A;0;4;54.2
21;2/2022;COM429;4;66;A;0;4;54.2
21;2/2022;SHC446;4;0;R;0;4;54.2
21;1/2023;SHC446;4;65;A;0;7;64.4
21;1/2023;MAT539;5;67;A;0;7;64.4
21;1/2023;ADM536;5;58;A;0;7;64.4
21;1/2023;ADM532;5;55;C;0;7;64.4
21;1/2023;COM587;5;45;R;1;7;64.4
21;1/2023;MAT562;5;87;A;0;7;64.4
21;1/2023;COM543;5;74;A;0;7;64.4
21;2/2023;COM587;5;42;R;1;5;60.4
21;2/2023;SHC622;6;63;A;0;5;60.4
21;2/2023;SHC660;6;73;A;0;5;60.4
21;2/2023;GEN640;6;64;A;0;5;60.4
21;2/2023;ADM680;6;60;A;1;5;60.4
22;1/2020;FIS147;1;93;A;0;5;69.2
22;1/2020;GEN184;1;26;R;0;5;69.2
22;1/2020;ADM198;1;84;A;0;5;69.2
22;1/2020;MAT109;1;77;A;0;5;69.2
22;1/2020;COM115;1;66;A;0;5;69.2
22;2/2020;GEN184;1;87;A;0;7;71.0
22;2/2020;ADM219;2;76;A;0;7;71.0
22;2/2020;SIS281;2;76;A;0;7;71.0
22;2/2020;ADM231;2;82;A;0;7;71.0
22;2/2020;ADM247;2;47;R;1;7;71.0
22;2/2020;FIS215;2;63;A;0;7;71.0
22;2/2020;FIS229;2;66;A;0;7;71.0
22;1/2021;ADM247;2;80;A;0;7;64.6
22;1/2021;SHC339;3;79;A;0;7;64.6
22;1/2021;ADM300;3;58;A;0;7;64.6
22;1/2021;SIS340;3;89;A;0;7;64.6
22;1/2021;SIS316;3;13;R;1;7;64.6
22;1/2021;SHC326;3;69;A;0;7;64.6
22;1/2021;MAT345;3;64;A;1;7;64.6
22;2/2021;SIS316;3;87;A;0;4;68.2
22;2/2021;GEN490;4;33;R;1;4;68.2
22;2/2021;ADM472;4;76;A;1;4;68.2
22;2/2021;SHC451;4;77;C;0;4;68.2
22;1/2022;GEN490;4;73;A;0;7;63.9
22;1/2022;GEN512;5;70;A;0;7;63.9
22;1/2022;COM512;5;75;A;0;7;63.9
22;1/2022;COM589;5;40;R;0;7;63.9
22;1/2022;COM519;5;69;A;0;7;63.9
22;1/2022;COM586;5;53;A;0;7;63.9
22;1/2022;COM513;5;67;C;1;7;63.9
22;2/2022;COM589;5;67;A;0;5;81.4
22;2/2022;ADM678;6;85;A;1;5;81.4
22;2/2022;ADM623;6;76;A;0;5;81.4
22;2/2022;SHC690;6;81;A;0;5;81.4
22;2/2022;GEN669;6;98;A;0;5;81.4
22;1/2023;SIS738;7;40;R;0;4;47.5
22;1/2023;SHC728;7;9;R;0;4;47.5
22;1/2023;ADM775;7;72;A;0;4;47.5
22;1/2023;ADM758;7;69;C;0;4;47.5
22;2/2023;SIS738;7;67;A;0;7;68.7
22;2/2023;SHC728;7;76;A;0;7;68.7
22;2/2023;MAT711;7;54;A;0;7;68.7
22;2/2023;FIS737;7;75;A;0;7;68.7
22;2/2023;ADM722;7;79;A;0;7;68.7
22;2/2023;SIS716;7;64;A;1;7;68.7
22;2/2023;GEN770;7;66;A;0;7;68.7
22;1/2024;COM846;8;72;A;0;5;68.0
22;1/2024;FIS810;8;59;A;1;5;68.0
22;1/2024;SIS836;8;61;A;0;5;68.0
22;1/2024;MAT828;8;87;A;0;5;68.0
22;1/2024;SHC853;8;61;A;0;5;68.0
22;2/2024;GEN976;9;6;R;0;7;57.4
22;2/2024;COM971;9;80;A;0;7;57.4
22;2/2024;ADM917;9;21;R;0;7;57.4
22;2/2024;FIS965;9;77;A;0;7;57.4
22;2/2024;GEN926;9;60;C;0;7;57.4
22;2/2024;ADM907;9;78;A;0;7;57.4
22;2/2024;MAT962;9;80;A;1;7;57.4
23;1/2019;SHC147;1;21;R;0;4;19.5
23;1/2019;SHC189;1;37;R;0;4;19.5
23;1/2019;COM113;1;0;R;0;4;19.5
23;1/2019;FIS175;1;20;R;0;4;19.5
23;2/2019;SHC147;1;76;A;1;5;47.4
23;2/2019;SHC189;1;20;R;0;5;47.4
23;2/2019;COM113;1;55;A;0;5;47.4
23;2/2019;FIS175;1;17;R;0;5;47.4
23;2/2019;COM123;1;69;A;0;5;47.4
23;1/2020;SHC189;1;60;C;0;6;64.2
23;1/2020;FIS175;1;11;R;0;6;64.2
23;1/2020;SIS131;1;77;A;1;6;64.2
23;1/2020;FIS165;1;82;A;0;6;64.2
23;1/2020;MAT135;1;75;A;1;6;64.2
23;1/2020;SHC178;1;80;A;1;6;64.2
23;2/2020;FIS175;1;19;R;0;7;52.7
23;2/2020;ADM239;2;65;A;1;7;52.7
23;2/2020;COM244;2;72;A;0;7;52.7
23;2/2020;SHC233;2;32;R;0;7;52.7
23;2/2020;MAT292;2;73;A;0;7;52.7
23;2/2020;FIS271;2;80;A;0;7;52.7
23;2/2020;ADM290;2;28;R;0;7;52.7
23;1/2021;FIS175;1;20;R;0;7;47.4
23;1/2021;SHC233;2;62;A;0;7;47.4
23;1/2021;ADM290;2;73;A;0;7;47.4
23;1/2021;GEN208;2;22;R;0;7;47.4
23;1/2021;MAT264;2;22;R;0;7;47.4
23;1/2021;COM294;2;69;A;0;7;47.4
23;1/2021;ADM278;2;64;A;0;7;47.4
23;2/2021;FIS175;1;62;C;0;6;59.3
23;2/2021;GEN208;2;66;A;0;6;59.3
23;2/2021;MAT264;2;74;A;0;6;59.3
23;2/2021;COM204;2;87;A;0;6;59.3
23;2/2021;MAT210;2;60;A;0;6;59.3
23;2/2021;SIS249;2;7;R;0;6;59.3
24;1/2018;FIS169;1;78;A;1;7;63.0
24;1/2018;MAT134;1;66;A;0;7;63.0
24;1/2018;FIS112;1;65;A;0;7;63.0
24;1/2018;GEN194;1;77;A;0;7;63.0
24;1/2018;COM126;1;74;A;0;7;63.0
24;1/2018;GEN103;1;11;R;0;7;63.0
24;1/2018;SIS151;1;70;A;0;7;63.0
24;2/2018;GEN103;1;4;R;1;7;48.9
24;2/2018;GEN202;2;70;A;0;7;48.9
24;2/2018;COM255;2;81;C;0;7;48.9
24;2/2018;ADM287;2;66;A;0;7;48.9
24;2/2018;FIS273;2;28;R;0;7;48.9
24;2/2018;FIS214;2;26;R;0;7;48.9
24;2/2018;COM296;2;67;C;0;7;48.9
24;1/2019;GEN103;1;80;A;1;7;59.0
24;1/2019;FIS273;2;81;A;1;7;59.0
24;1/2019;FIS214;2;14;R;1;7;59.0
24;1/2019;MAT236;2;60;A;0;7;59.0
24;1/2019;SIS270;2;74;A;0;7;59.0
24;1/2019;GEN253;2;42;R;0;7;59.0
24;1/2019;GEN203;2;62;A;0;7;59.0
24;2/2019;FIS214;2;57;C;0;6;57.7
24;2/2019;GEN253;2;59;A;1;6;57.7
24;2/2019;MAT351;3;69;A;0;6;57.7
24;2/2019;SIS340;3;65;A;1;6;57.7
24;2/2019;FIS340;3;75;A;0;6;57.7
24;2/2019;MAT346;3;21;R;0;6;57.7
24;1/2020;MAT346;3;73;A;0;7;59.6
24;1/2020;SHC493;4;40;R;0;7;59.6
24;1/2020;COM437;4;74;A;0;7;59.6
24;1/2020;COM443;4;68;A;1;7;59.6
24;1/2020;ADM438;4;59;A;0;7;59.6
24;1/2020;GEN408;4;67;A;0;7;59.6
24;1/2020;COM490;4;36;R;1;7;59.6
24;2/2020;SHC493;4;86;A;0;4;73.0
24;2/2020;COM490;4;75;C;0;4;73.0
24;2/2020;SHC541;5;62;A;1;4;73.0
24;2/2020;COM558;5;69;A;0;4;73.0
24;1/2021;FIS604;6;48;R;0;4;66.8
24;1/2021;FIS628;6;76;A;0;4;66.8
24;1/2021;FIS658;6;73;A;1;4;66.8
24;1/2021;SHC695;6;70;A;1;4;66.8
24;2/2021;FIS604;6;74;A;1;5;49.4
24;2/2021;MAT776;7;0;R;1;5;49.4
24;2/2021;COM723;7;58;A;0;5;49.4
24;2/2021;SIS768;7;57;C;0;5;49.4
24;2/2021;COM784;7;58;A;0;5;49.4
25;1/2019;SHC152;1;79;A;0;6;70.8
25;1/2019;ADM117;1;63;A;1;6;70.8
25;1/2019;ADM110;1;64;A;1;6;70.8
25;1/2019;SHC151;1;77;A;0;6;70.8
25;1/2019;MAT142;1;63;A;0;6;70.8
25;1/2019;SIS168;1;79;A;0;6;70.8
25;2/2019;COM256;2;90;A;0;5;74.0
25;2/2019;MAT253;2;66;A;0;5;74.0
25;2/2019;ADM247;2;69;A;0;5;74.0
25;2/2019;SHC297;2;80;C;0;5;74.0
25;2/2019;SHC228;2;65;A;0;5;74.0
25;1/2020;SIS308;3;83;A;0;5;69.2
25;1/2020;COM300;3;56;A;1;5;69.2
25;1/2020;FIS350;3;78;A;0;5;69.2
25;1/2020;GEN300;3;75;A;0;5;69.2
25;1/2020;SHC334;3;54;A;0;5;69.2
25;2/2020;ADM447;4;75;A;0;5;67.6
25;2/2020;FIS425;4;58;A;0;5;67.6
25;2/2020;FIS485;4;91;C;0;5;67.6
25;2/2020;GEN451;4;65;A;0;5;67.6
25;2/2020;GEN494;4;49;C;0;5;67.6
25;1/2021;SHC577;5;55;A;0;5;71.4
25;1/2021;ADM578;5;64;A;1;5;71.4
25;1/2021;SIS568;5;73;A;0;5;71.4
25;1/2021;SHC562;5;95;C;0;5;71.4
25;1/2021;GEN584;5;70;A;0;5;71.4
25;2/2021;GEN606;6;55;A;0;4;67.8
25;2/2021;SHC635;6;65;A;0;4;67.8
25;2/2021;FIS655;6;85;C;0;4;67.8
25;2/2021;COM658;6;66;A;0;4;67.8
26;1/2019;MAT194;1;64;A;0;4;74.0
26;1/2019;GEN108;1;92;A;0;4;74.0
26;1/2019;SHC157;1;72;A;0;4;74.0
26;1/2019;MAT178;1;68;A;0;4;74.0
26;2/2019;SHC271;2;61;A;0;6;58.2
26;2/2019;MAT250;2;67;A;0;6;58.2
26;2/2019;GEN204;2;71;A;0;6;58.2
26;2/2019;SHC209;2;77;C;0;6;58.2
26;2/2019;ADM277;2;71;A;0;6;58.2
26;2/2019;GEN286;2;2;R;0;6;58.2
26;1/2020;GEN286;2;79;C;0;4;73.8
26;1/2020;ADM366;3;73;A;0;4;73.8
26;1/2020;ADM337;3;71;A;0;4;73.8
26;1/2020;SHC379;3;72;A;0;4;73.8
26;2/2020;SHC452;4;54;C;0;7;61.0
26;2/2020;SIS483;4;35;R;0;7;61.0
26;2/2020;COM413;4;20;R;1;7;61.0
26;2/2020;FIS485;4;76;A;0;7;61.0
26;2/2020;SIS456;4;82;A;0;7;61.0
26;2/2020;SHC480;4;82;A;1;7;61.0
26;2/2020;SHC498;4;78;A;0;7;61.0
26;1/2021;SIS483;4;73;A;0;4;78.8
26;1/2021;COM413;4;91;C;0;4;78.8
26;1/2021;MAT502;5;96;A;0;4;78.8
26;1/2021;FIS502;5;55;A;0;4;78.8
26;2/2021;GEN674;6;74;A;1;7;65.7
26;2/2021;MAT671;6;69;A;0;7;65.7
26;2/2021;MAT678;6;59;A;1;7;65.7
26;2/2021;SIS668;6;68;A;0;7;65.7
26;2/2021;COM636;6;65;A;0;7;65.7
26;2/2021;ADM617;6;62;A;0;7;65.7
26;2/2021;MAT647;6;63;A;0;7;65.7
26;1/2022;SIS754;7;84;A;0;4;77.2
26;1/2022;COM770;7;85;A;0;4;77.2
26;1/2022;SIS721;7;67;A;0;4;77.2
26;1/2022;SHC762;7;73;A;0;4;77.2
27;1/2019;ADM124;1;38;R;0;5;58.0
27;1/2019;FIS106;1;26;R;0;5;58.0
27;1/2019;MAT112;1;76;A;0;5;58.0
27;1/2019;COM195;1;80;C;0;5;58.0
27;1/2019;COM167;1;70;A;0;5;58.0
27;2/2019;ADM124;1;56;A;1;6;45.2
27;2/2019;FIS106;1;78;C;1;6;45.2
27;2/2019;MAT134;1;67;A;0;6;45.2
27;2/2019;SIS109;1;18;R;1;6;45.2
27;2/2019;FIS120;1;13;R;0;6;45.2
27;2/2019;FIS194;1;39;R;0;6;45.2
27;1/2020;SIS109;1;71;A;0;6;44.3
27;1/2020;FIS120;1;75;A;0;6;44.3
27;1/2020;FIS194;1;8;R;0;6;44.3
27;1/2020;COM121;1;20;R;1;6;44.3
27;1/2020;SHC114;1;70;A;0;6;44.3
27;1/2020;MAT121;1;22;R;0;6;44.3
27;2/2020;FIS194;1;65;A;0;6;58.5
27;2/2020;COM121;1;70;C;0;6;58.5
27;2/2020;MAT121;1;0;R;1;6;58.5
27;2/2020;ADM148;1;88;A;0;6;58.5
27;2/2020;COM115;1;85;A;0;6;58.5
27;2/2020;ADM101;1;43;R;0;6;58.5
27;1/2021;MAT121;1;44;R;0;6;54.7
27;1/2021;ADM101;1;27;R;0;6;54.7
27;1/2021;COM257;2;72;A;0;6;54.7
27;1/2021;GEN252;2;44;R;1;6;54.7
27;1/2021;ADM212;2;64;A;0;6;54.7
27;1/2021;GEN212;2;77;A;0;6;54.7
27;2/2021;MAT121;1;64;A;0;4;63.2
27;2/2021;ADM101;1;81;A;0;4;63.2
27;2/2021;GEN252;2;76;A;0;4;63.2
27;2/2021;ADM249;2;32;R;0;4;63.2
27;1/2022;ADM249;2;78;A;0;6;51.0
27;1/2022;FIS330;3;37;R;0;6;51.0
27;1/2022;GEN310;3;75;A;0;6;51.0
27;1/2022;FIS373;3;53;C;1;6;51.0
27;1/2022;GEN379;3;13;R;1;6;51.0
27;1/2022;MAT377;3;50;R;0;6;51.0
28;1/2020;SHC111;1;29;R;0;7;41.9
28;1/2020;SHC192;1;31;R;0;7;41.9
28;1/2020;GEN138;1;39;R;0;7;41.9
28;1/2020;FIS181;1;38;R;0;7;41.9
28;1/2020;FIS184;1;50;R;0;7;41.9
28;1/2020;MAT190;1;74;A;0;7;41.9
28;1/2020;FIS175;1;32;R;0;7;41.9
28;2/2020;SHC111;1;65;C;0;6;56.3
28;2/2020;SHC192;1;38;R;0;6;56.3
28;2/2020;GEN138;1;65;A;1;6;56.3
28;2/2020;FIS181;1;15;R;0;6;56.3
28;2/2020;FIS184;1;67;A;0;6;56.3
28;2/2020;FIS175;1;88;A;0;6;56.3
28;1/2021;SHC192;1;33;R;0;5;34.0
28;1/2021;FIS181;1;18;R;0;5;34.0
28;1/2021;SIS236;2;61;A;1;5;34.0
28;1/2021;FIS299;2;20;R;1;5;34.0
28;1/2021;FIS250;2;38;R;0;5;34.0
28;2/2021;SHC192;1;30;R;0;4;43.2
28;2/2021;FIS181;1;47;R;0;4;43.2
28;2/2021;FIS299;2;67;A;0;4;43.2
28;2/2021;FIS250;2;29;R;0;4;43.2
28;1/2022;SHC192;1;17;R;0;4;32.0
28;1/2022;FIS181;1;46;R;1;4;32.0
28;1/2022;FIS250;2;41;R;1;4;32.0
28;1/2022;COM254;2;24;R;0;4;32.0
28;2/2022;SHC192;1;50;R;0;6;32.0
28;2/2022;FIS181;1;24;R;0;6;32.0
28;2/2022;FIS250;2;52;A;0;6;32.0
28;2/2022;COM254;2;41;R;0;6;32.0
28;2/2022;ADM200;2;21;R;0;6;32.0
28;2/2022;SHC276;2;4;R;0;6;32.0
28;1/2023;SHC192;1;11;R;1;5;58.2
28;1/2023;FIS181;1;78;A;0;5;58.2
28;1/2023;COM254;2;67;A;0;5;58.2
28;1/2023;ADM200;2;55;A;0;5;58.2
28;1/2023;SHC276;2;80;A;0;5;58.2
28;2/2023;SHC192;1;9;R;0;6;36.2
28;2/2023;SIS364;3;21;R;0;6;36.2
28;2/2023;COM348;3;53;A;0;6;36.2
28;2/2023;SIS320;3;18;R;0;6;36.2
28;2/2023;SHC306;3;39;R;0;6;36.2
28;2/2023;SIS344;3;77;A;0;6;36.2
28;1/2024;SHC192;1;53;A;0;5;46.0
28;1/2024;SIS364;3;43;R;0;5;46.0
28;1/2024;SIS320;3;16;R;0;5;46.0
28;1/2024;SHC306;3;37;R;1;5;46.0
28;1/2024;SHC326;3;81;A;0;5;46.0
29;1/2019;GEN194;1;77;A;0;7;71.6
29;1/2019;MAT156;1;82;A;1;7;71.6
29;1/2019;SHC123;1;59;A;0;7;71.6
29;1/2019;MAT154;1;72;A;0;7;71.6
29;1/2019;SIS192;1;77;C;0;7;71.6
29;1/2019;FIS127;1;73;A;0;7;71.6
29;1/2019;FIS178;1;61;A;0;7;71.6
29;2/2019;COM203;2;76;A;0;5;70.0
29;2/2019;MAT244;2;70;A;0;5;70.0
29;2/2019;COM263;2;75;A;0;5;70.0
29;2/2019;ADM207;2;70;A;0;5;70.0
29;2/2019;MAT276;2;59;C;0;5;70.0
29;1/2020;SIS337;3;44;R;0;6;70.0
29;1/2020;SHC389;3;96;A;0;6;70.0
29;1/2020;GEN300;3;74;A;1;6;70.0
29;1/2020;SIS332;3;53;A;0;6;70.0
29;1/2020;SIS329;3;68;A;0;6;70.0
29;1/2020;SIS355;3;85;A;0;6;70.0
29;2/2020;SIS337;3;72;A;1;7;63.1
29;2/2020;FIS400;4;73;A;0;7;63.1
29;2/2020;FIS481;4;76;C;0;7;63.1
29;2/2020;GEN434;4;48;R;0;7;63.1
29;2/2020;GEN441;4;72;A;0;7;63.1
29;2/2020;MAT413;4;62;A;0;7;63.1
29;2/2020;MAT457;4;39;R;0;7;63.1
29;1/2021;GEN434;4;76;A;0;6;68.8
29;1/2021;MAT457;4;72;A;1;6;68.8
29;1/2021;MAT526;5;68;A;0;6;68.8
29;1/2021;FIS539;5;67;A;0;6;68.8
29;1/2021;GEN506;5;66;A;0;6;68.8
29;1/2021;GEN510;5;64;A;0;6;68.8
29;2/2021;SIS654;6;27;R;0;5;46.6
29;2/2021;FIS679;6;72;A;0;5;46.6
29;2/2021;ADM610;6;27;R;0;5;46.6
29;2/2021;SHC687;6;33;R;0;5;46.6
29;2/2021;SIS690;6;74;A;0;5;46.6
29;1/2022;SIS654;6;76;A;0;7;56.9
29;1/2022;ADM610;6;72;A;0;7;56.9
29;1/2022;SHC687;6;41;C;0;7;56.9
29;1/2022;SHC630;6;70;A;0;7;56.9
29;1/2022;FIS614;6;50;C;0;7;56.9
29;1/2022;GEN637;6;23;R;0;7;56.9
29;1/2022;ADM678;6;66;A;0;7;56.9
29;2/2022;GEN637;6;73;A;0;7;64.1
29;2/2022;GEN716;7;42;R;1;7;64.1
29;2/2022;GEN754;7;67;A;0;7;64.1
29;2/2022;SIS787;7;76;A;0;7;64.1
29;2/2022;SHC737;7;35;R;0;7;64.1
29;2/2022;SHC761;7;75;A;0;7;64.1
29;2/2022;MAT726;7;81;A;0;7;64.1
29;1/2023;GEN716;7;82;A;0;7;60.4
29;1/2023;SHC737;7;45;R;1;7;60.4
29;1/2023;SIS833;8;66;A;0;7;60.4
29;1/2023;MAT886;8;60;A;0;7;60.4
29;1/2023;SIS861;8;53;A;1;7;60.4
29;1/2023;ADM862;8;46;R;0;7;60.4
29;1/2023;GEN820;8;71;A;0;7;60.4
30;1/2018;ADM190;1;70;A;0;5;59.8
30;1/2018;ADM174;1;82;A;0;5;59.8
30;1/2018;GEN145;1;63;A;0;5;59.8
30;1/2018;SHC185;1;19;R;0;5;59.8
30;1/2018;COM112;1;65;A;0;5;59.8
30;2/2018;SHC185;1;74;A;0;5;67.2
30;2/2018;SHC219;2;70;A;1;5;67.2
30;2/2018;SHC255;2;79;A;0;5;67.2
30;2/2018;COM253;2;53;A;0;5;67.2
30;2/2018;GEN271;2;60;A;0;5;67.2
30;1/2019;SHC302;3;25;R;0;6;45.7
30;1/2019;GEN334;3;72;C;0;6;45.7
30;1/2019;SIS331;3;45;R;0;6;45.7
30;1/2019;SHC339;3;27;R;0;6;45.7
30;1/2019;GEN337;3;73;A;0;6;45.7
30;1/2019;GEN324;3;32;R;0;6;45.7
30;2/2019;SHC302;3;75;A;1;5;53.0
30;2/2019;SIS331;3;59;A;0;5;53.0
30;2/2019;SHC339;3;66;A;0;5;53.0
30;2/2019;GEN324;3;54;A;0;5;53.0
30;2/2019;COM323;3;11;R;0;5;53.0
30;1/2020;COM323;3;39;R;0;4;60.2
30;1/2020;FIS435;4;45;R;0;4;60.2
30;1/2020;COM411;4;79;A;0;4;60.2
30;1/2020;FIS483;4;78;A;1;4;60.2
30;2/2020;COM323;3;64;A;1;4;56.2
30;2/2020;FIS435;4;69;A;0;4;56.2
30;2/2020;SHC461;4;55;A;0;4;56.2
30;2/2020;FIS413;4;37;R;0;4;56.2
30;1/2021;FIS413;4;7;R;0;4;43.2
30;1/2021;COM523;5;58;A;0;4;43.2
30;1/2021;SIS526;5;77;A;0;4;43.2
30;1/2021;MAT588;5;31;R;0;4;43.2
31;1/2020;GEN112;1;33;R;0;4;36.0
31;1/2020;ADM177;1;23;R;0;4;36.0
31;1/2020;COM146;1;61;A;0;4;36.0
31;1/2020;GEN106;1;27;R;1;4;36.0
31;2/2020;GEN112;1;56;A;0;5;44.2
31;2/2020;ADM177;1;14;R;0;5;44.2
31;2/2020;GEN106;1;33;R;0;5;44.2
31;2/2020;SHC145;1;61;A;0;5;44.2
31;2/2020;SHC116;1;57;A;0;5;44.2
31;1/2021;ADM177;1;26;R;1;6;44.3
31;1/2021;GEN106;1;30;R;0;6;44.3
31;1/2021;ADM111;1;60;A;1;6;44.3
31;1/2021;SHC104;1;33;R;0;6;44.3
31;1/2021;ADM174;1;75;A;0;6;44.3
31;1/2021;SHC172;1;42;R;0;6;44.3
31;2/2021;ADM177;1;56;A;0;7;49.3
31;2/2021;GEN106;1;9;R;0;7;49.3
31;2/2021;SHC104;1;56;A;0;7;49.3
31;2/2021;SHC172;1;33;R;0;7;49.3
31;2/2021;GEN189;1;73;A;0;7;49.3
31;2/2021;COM182;1;75;A;0;7;49.3
31;2/2021;ADM128;1;43;R;0;7;49.3
31;1/2022;GEN106;1;57;A;0;5;47.2
31;1/2022;SHC172;1;60;A;1;5;47.2
31;1/2022;ADM128;1;63;A;1;5;47.2
31;1/2022;SIS165;1;38;R;1;5;47.2
31;1/2022;ADM169;1;18;R;0;5;47.2
31;2/2022;SIS165;1;52;A;0;5;55.2
31;2/2022;ADM169;1;77;C;0;5;55.2
31;2/2022;SIS135;1;63;A;0;5;55.2
31;2/2022;GEN111;1;46;C;0;5;55.2
31;2/2022;GEN153;1;38;R;0;5;55.2
31;1/2023;GEN153;1;38;R;0;5;52.6
31;1/2023;COM201;2;46;R;0;5;52.6
31;1/2023;GEN272;2;83;A;0;5;52.6
31;1/2023;ADM229;2;67;A;0;5;52.6
31;1/2023;SHC231;2;29;R;0;5;52.6
31;2/2023;GEN153;1;58;A;1;5;54.6
31;2/2023;COM201;2;61;A;0;5;54.6
31;2/2023;SHC231;2;72;C;0;5;54.6
31;2/2023;ADM256;2;11;R;0;5;54.6
31;2/2023;FIS287;2;71;C;0;5;54.6
32;1/2019;MAT147;1;62;A;1;6;46.3
32;1/2019;FIS135;1;65;A;0;6;46.3
32;1/2019;ADM185;1;12;R;0;6;46.3
32;1/2019;COM126;1;5;R;0;6;46.3
32;1/2019;FIS196;1;78;A;0;6;46.3
32;1/2019;COM177;1;56;A;0;6;46.3
32;2/2019;ADM185;1;69;A;0;7;61.3
32;2/2019;COM126;1;75;A;0;7;61.3
32;2/2019;SHC294;2;79;A;0;7;61.3
32;2/2019;MAT282;2;28;R;1;7;61.3
32;2/2019;GEN271;2;44;R;0;7;61.3
32;2/2019;GEN278;2;75;C;0;7;61.3
32;2/2019;COM201;2;59;A;1;7;61.3
32;1/2020;MAT282;2;38;R;0;4;55.5
32;1/2020;GEN271;2;14;R;0;4;55.5
32;1/2020;MAT357;3;83;C;0;4;55.5
32;1/2020;MAT396;3;87;A;0;4;55.5
32;2/2020;MAT282;2;78;A;1;5;49.6
32;2/2020;GEN271;2;74;A;0;5;49.6
32;2/2020;SHC359;3;65;A;0;5;49.6
32;2/2020;FIS393;3;19;R;0;5;49.6
32;2/2020;SHC364;3;12;R;0;5;49.6
32;1/2021;FIS393;3;74;C;0;6;63.2
32;1/2021;SHC364;3;74;A;0;6;63.2
32;1/2021;SIS395;3;96;A;0;6;63.2
32;1/2021;FIS315;3;17;R;1;6;63.2
32;1/2021;ADM303;3;60;A;0;6;63.2
32;1/2021;FIS334;3;58;A;0;6;63.2
32;2/2021;FIS315;3;69;A;0;6;66.7
32;2/2021;FIS415;4;57;A;0;6;66.7
32;2/2021;MAT456;4;70;A;0;6;66.7
32;2/2021;MAT498;4;67;A;1;6;66.7
32;2/2021;SIS402;4;67;A;0;6;66.7
32;2/2021;FIS460;4;70;A;0;6;66.7
32;1/2022;SHC573;5;31;R;0;4;46.2
32;1/2022;COM594;5;72;A;0;4;46.2
32;1/2022;COM515;5;26;R;0;4;46.2
32;1/2022;FIS530;5;56;A;0;4;46.2
32;2/2022;SHC573;5;74;A;0;6;64.2
32;2/2022;COM515;5;71;A;0;6;64.2
32;2/2022;GEN568;5;61;A;0;6;64.2
32;2/2022;SHC540;5;80;A;1;6;64.2
32;2/2022;FIS524;5;24;R;0;6;64.2
32;2/2022;FIS556;5;75;A;0;6;64.2
32;1/2023;FIS524;5;84;A;0;6;63.0
32;1/2023;GEN601;6;38;R;0;6;63.0
32;1/2023;SIS608;6;66;C;0;6;63.0
32;1/2023;COM607;6;56;A;0;6;63.0
32;1/2023;SHC614;6;66;A;1;6;63.0
32;1/2023;SIS645;6;68;A;0;6;63.0
33;1/2018;GEN149;1;70;A;1;7;63.0
33;1/2018;FIS108;1;71;A;0;7;63.0
33;1/2018;MAT175;1;77;C;0;7;63.0
33;1/2018;MAT176;1;58;A;1;7;63.0
33;1/2018;GEN142;1;64;A;0;7;63.0
33;1/2018;SHC196;1;63;A;0;7;63.0
33;1/2018;FIS149;1;38;R;0;7;63.0
33;2/2018;FIS149;1;81;A;0;6;72.3
33;2/2018;GEN238;2;73;A;0;6;72.3
33;2/2018;COM268;2;65;A;0;6;72.3
33;2/2018;GEN208;2;64;A;0;6;72.3
33;2/2018;COM226;2;77;A;1;6;72.3
33;2/2018;FIS214;2;74;A;0;6;72.3
33;1/2019;FIS346;3;62;A;0;6;58.0
33;1/2019;FIS336;3;53;A;0;6;58.0
33;1/2019;ADM395;3;46;R;1;6;58.0
33;1/2019;GEN331;3;39;R;1;6;58.0
33;1/2019;GEN306;3;75;A;0;6;58.0
33;1/2019;ADM300;3;73;A;0;6;58.0
33;2/2019;ADM395;3;49;R;0;6;61.0
33;2/2019;GEN331;3;47;R;0;6;61.0
33;2/2019;FIS406;4;69;A;1;6;61.0
33;2/2019;GEN407;4;55;A;0;6;61.0
33;2/2019;SIS485;4;74;A;0;6;61.0
33;2/2019;MAT499;4;72;A;0;6;61.0
33;1/2020;ADM395;3;65;A;0;6;65.3
33;1/2020;GEN331;3;86;A;0;6;65.3
33;1/2020;SIS553;5;76;A;0;6;65.3
33;1/2020;SIS544;5;74;C;1;6;65.3
33;1/2020;SHC514;5;28;R;1;6;65.3
33;1/2020;SIS536;5;63;A;0;6;65.3
33;2/2020;SHC514;5;0;R;0;5;54.4
33;2/2020;GEN611;6;41;R;0;5;54.4
33;2/2020;SIS628;6;81;A;0;5;54.4
33;2/2020;ADM694;6;70;A;0;5;54.4
33;2/2020;SHC694;6;80;A;0;5;54.4
33;1/2021;SHC514;5;66;A;1;5;57.0
33;1/2021;GEN611;6;72;A;0;5;57.0
33;1/2021;GEN639;6;72;A;0;5;57.0
33;1/2021;COM617;6;5;R;0;5;57.0
33;1/2021;ADM632;6;70;A;0;5;57.0
34;1/2020;GEN179;1;70;A;0;5;57.6
34;1/2020;SIS105;1;75;A;0;5;57.6
34;1/2020;ADM195;1;29;R;0;5;57.6
34;1/2020;SHC162;1;30;R;0;5;57.6
34;1/2020;ADM177;1;84;A;0;5;57.6
34;2/2020;ADM195;1;4;R;0;4;51.2
34;2/2020;SHC162;1;69;A;0;4;51.2
34;2/2020;SHC121;1;61;C;0;4;51.2
34;2/2020;FIS112;1;71;A;1;4;51.2
34;1/2021;ADM195;1;77;A;0;7;38.3
34;1/2021;GEN289;2;12;R;1;7;38.3
34;1/2021;MAT273;2;75;A;0;7;38.3
34;1/2021;ADM270;2;33;R;0;7;38.3
34;1/2021;SIS219;2;39;R;0;7;38.3
34;1/2021;MAT229;2;9;R;0;7;38.3
34;1/2021;GEN248;2;23;R;0;7;38.3
34;2/2021;GEN289;2;63;A;0;6;51.2
34;2/2021;ADM270;2;37;R;0;6;51.2
34;2/2021;SIS219;2;28;R;0;6;51.2
34;2/2021;MAT229;2;52;C;0;6;51.2
34;2/2021;GEN248;2;56;A;1;6;51.2
34;2/2021;MAT211;2;71;A;0;6;51.2
34;1/2022;ADM270;2;73;A;0;7;55.6
34;1/2022;SIS219;2;32;R;0;7;55.6
34;1/2022;FIS323;3;62;A;0;7;55.6
34;1/2022;GEN314;3;19;R;0;7;55.6
34;1/2022;SHC343;3;65;A;0;7;55.6
34;1/2022;MAT348;3;66;C;0;7;55.6
34;1/2022;ADM367;3;72;A;0;7;55.6
34;2/2022;SIS219;2;86;A;0;6;66.5
34;2/2022;GEN314;3;16;R;0;6;66.5
34;2/2022;GEN411;4;78;A;1;6;66.5
34;2/2022;FIS428;4;65;A;0;6;66.5
34;2/2022;SIS400;4;84;A;0;6;66.5
34;2/2022;FIS420;4;70;A;0;6;66.5
34;1/2023;GEN314;3;30;R;0;7;43.7
34;1/2023;MAT575;5;74;A;0;7;43.7
34;1/2023;ADM590;5;37;R;0;7;43.7
34;1/2023;COM550;5;55;A;0;7;43.7
34;1/2023;FIS591;5;49;R;0;7;43.7
34;1/2023;SIS552;5;26;R;0;7;43.7
34;1/2023;COM549;5;35;R;0;7;43.7
34;2/2023;GEN314;3;98;A;0;7;56.3
34;2/2023;ADM590;5;23;R;0;7;56.3
34;2/2023;FIS591;5;69;A;0;7;56.3
34;2/2023;SIS552;5;53;A;0;7;56.3
34;2/2023;COM549;5;48;R;0;7;56.3
34;2/2023;MAT561;5;39;R;0;7;56.3
34;2/2023;SIS579;5;64;A;0;7;56.3
35;1/2019;MAT151;1;73;A;0;6;71.3
35;1/2019;ADM132;1;67;A;1;6;71.3
35;1/2019;MAT123;1;42;R;0;6;71.3
35;1/2019;FIS125;1;78;A;1;6;71.3
35;1/2019;MAT105;1;77;A;1;6;71.3
35;1/2019;COM188;1;91;A;0;6;71.3
35;2/2019;MAT123;1;67;A;0;4;73.0
35;2/2019;ADM200;2;74;A;0;4;73.0
35;2/2019;GEN236;2;71;A;0;4;73.0
35;2/2019;GEN268;2;80;A;0;4;73.0
35;1/2020;MAT363;3;66;A;0;6;68.3
35;1/2020;GEN356;3;55;A;0;6;68.3
35;1/2020;MAT374;3;76;A;0;6;68.3
35;1/2020;MAT395;3;66;A;0;6;68.3
35;1/2020;FIS314;3;76;A;0;6;68.3
35;1/2020;FIS325;3;71;A;0;6;68.3
35;2/2020;ADM410;4;70;A;0;6;64.3
35;2/2020;SHC498;4;83;A;0;6;64.3
35;2/2020;MAT403;4;21;R;0;6;64.3
35;2/2020;MAT429;4;82;A;0;6;64.3
35;2/2020;SHC461;4;68;A;1;6;64.3
35;2/2020;MAT458;4;62;A;0;6;64.3
35;1/2021;MAT403;4;75;C;0;7;65.0
35;1/2021;SIS592;5;54;A;0;7;65.0
35;1/2021;SHC551;5;58;A;0;7;65.0
35;1/2021;MAT515;5;68;A;0;7;65.0
35;1/2021;ADM545;5;63;A;0;7;65.0
35;1/2021;SIS534;5;66;A;0;7;65.0
35;1/2021;GEN571;5;71;A;0;7;65.0
35;2/2021;SIS603;6;81;A;0;7;63.6
35;2/2021;COM654;6;70;A;1;7;63.6
35;2/2021;MAT649;6;63;A;0;7;63.6
35;2/2021;FIS669;6;63;A;0;7;63.6
35;2/2021;GEN623;6;61;A;0;7;63.6
35;2/2021;SHC619;6;77;A;0;7;63.6
35;2/2021;FIS667;6;30;R;0;7;63.6
35;1/2022;FIS667;6;88;A;0;6;69.8
35;1/2022;MAT721;7;71;A;0;6;69.8
35;1/2022;ADM706;7;70;A;0;6;69.8
35;1/2022;ADM797;7;46;R;0;6;69.8
35;1/2022;MAT793;7;66;A;0;6;69.8
35;1/2022;SIS707;7;78;A;0;6;69.8
36;1/2019;ADM100;1;75;A;1;6;63.0
36;1/2019;GEN128;1;64;A;1;6;63.0
36;1/2019;COM182;1;71;A;0;6;63.0
36;1/2019;ADM175;1;72;A;0;6;63.0
36;1/2019;SIS104;1;30;R;0;6;63.0
36;1/2019;GEN180;1;66;A;0;6;63.0
36;2/2019;SIS104;1;65;A;0;7;56.6
36;2/2019;SHC275;2;77;A;0;7;56.6
36;2/2019;FIS290;2;33;R;0;7;56.6
36;2/2019;FIS284;2;29;R;1;7;56.6
36;2/2019;FIS216;2;49;R;0;7;56.6
36;2/2019;ADM277;2;63;A;0;7;56.6
36;2/2019;ADM235;2;80;A;0;7;56.6
36;1/2020;FIS290;2;66;A;0;5;57.8
36;1/2020;FIS284;2;69;A;0;5;57.8
36;1/2020;FIS216;2;67;A;0;5;57.8
36;1/2020;SHC268;2;20;R;0;5;57.8
36;1/2020;SIS294;2;67;C;0;5;57.8
36;2/2020;SHC268;2;66;A;1;6;47.7
36;2/2020;GEN341;3;0;R;0;6;47.7
36;2/2020;FIS349;3;62;A;0;6;47.7
36;2/2020;COM368;3;29;R;0;6;47.7
36;2/2020;ADM370;3;49;R;0;6;47.7
36;2/2020;COM360;3;80;A;0;6;47.7
36;1/2021;GEN341;3;40;R;0;7;51.0
36;1/2021;COM368;3;28;R;0;7;51.0
36;1/2021;ADM370;3;49;R;0;7;51.0
36;1/2021;MAT378;3;71;A;0;7;51.0
36;1/2021;COM386;3;38;R;0;7;51.0
36;1/2021;MAT354;3;84;A;0;7;51.0
36;1/2021;FIS350;3;47;R;0;7;51.0
36;2/2021;GEN341;3;36;R;0;6;50.8
36;2/2021;COM368;3;65;A;0;6;50.8
36;2/2021;ADM370;3;70;A;1;6;50.8
36;2/2021;COM386;3;48;R;0;6;50.8
36;2/2021;FIS350;3;70;A;1;6;50.8
36;2/2021;GEN340;3;16;R;1;6;50.8
36;1/2022;GEN341;3;44;R;0;4;69.0
36;1/2022;COM386;3;81;A;0;4;69.0
36;1/2022;GEN340;3;73;A;0;4;69.0
36;1/2022;SIS384;3;78;A;0;4;69.0
36;2/2022;GEN341;3;85;C;0;7;65.0
36;2/2022;SIS430;4;82;A;0;7;65.0
36;2/2022;COM497;4;90;A;0;7;65.0
36;2/2022;SHC423;4;55;A;1;7;65.0
36;2/2022;GEN431;4;67;A;0;7;65.0
36;2/2022;MAT493;4;69;A;1;7;65.0
36;2/2022;GEN437;4;7;R;0;7;65.0
36;1/2023;GEN437;4;58;A;1;6;50.5
36;1/2023;GEN528;5;19;R;0;6;50.5
36;1/2023;ADM554;5;33;R;0;6;50.5
36;1/2023;SHC592;5;62;A;1;6;50.5
36;1/2023;ADM549;5;68;A;0;6;50.5
36;1/2023;COM550;5;63;A;0;6;50.5
36;2/2023;GEN528;5;4;R;0;5;49.8
36;2/2023;ADM554;5;54;A;0;5;49.8
36;2/2023;GEN616;6;46;R;0;5;49.8
36;2/2023;SIS670;6;77;A;0;5;49.8
36;2/2023;ADM608;6;68;A;0;5;49.8
37;1/2020;COM162;1;66;A;0;5;59.4
37;1/2020;FIS193;1;25;R;0;5;59.4
37;1/2020;SIS128;1;68;A;1;5;59.4
37;1/2020;MAT173;1;64;A;0;5;59.4
37;1/2020;ADM129;1;74;A;1;5;59.4
37;2/2020;FIS193;1;80;A;0;4;68.8
37;2/2020;SHC264;2;67;A;1;4;68.8
37;2/2020;GEN200;2;54;A;0;4;68.8
37;2/2020;ADM274;2;74;A;1;4;68.8
37;1/2021;MAT385;3;78;C;1;5;76.0
37;1/2021;COM363;3;82;A;0;5;76.0
37;1/2021;ADM335;3;73;A;0;5;76.0
37;1/2021;ADM308;3;53;A;1;5;76.0
37;1/2021;GEN354;3;94;A;0;5;76.0
37;2/2021;ADM460;4;63;C;0;5;59.8
37;2/2021;ADM498;4;26;R;0;5;59.8
37;2/2021;COM442;4;69;A;1;5;59.8
37;2/2021;SIS465;4;64;A;1;5;59.8
37;2/2021;FIS462;4;77;A;1;5;59.8
37;1/2022;ADM498;4;75;A;0;6;71.2
37;1/2022;SIS510;5;64;A;0;6;71.2
37;1/2022;SHC566;5;74;A;1;6;71.2
37;1/2022;SHC502;5;73;C;1;6;71.2
37;1/2022;SHC586;5;60;A;0;6;71.2
37;1/2022;SIS575;5;81;A;0;6;71.2
37;2/2022;SIS657;6;72;A;0;7;71.7
37;2/2022;GEN638;6;68;C;0;7;71.7
37;2/2022;GEN694;6;81;A;0;7;71.7
37;2/2022;FIS642;6;72;A;0;7;71.7
37;2/2022;GEN675;6;56;A;0;7;71.7
37;2/2022;ADM689;6;73;A;1;7;71.7
37;2/2022;FIS668;6;80;C;1;7;71.7
37;1/2023;SHC723;7;60;A;0;4;55.5
37;1/2023;SIS761;7;53;A;0;4;55.5
37;1/2023;ADM777;7;67;A;0;4;55.5
37;1/2023;SIS721;7;42;R;0;4;55.5
38;1/2018;FIS144;1;57;A;0;5;55.2
38;1/2018;GEN138;1;59;A;0;5;55.2
38;1/2018;FIS162;1;51;A;0;5;55.2
38;1/2018;COM188;1;85;A;0;5;55.2
38;1/2018;SIS170;1;24;R;0;5;55.2
38;2/2018;SIS170;1;79;A;0;7;59.3
38;2/2018;FIS208;2;76;A;1;7;59.3
38;2/2018;FIS264;2;28;R;0;7;59.3
38;2/2018;SHC279;2;75;A;0;7;59.3
38;2/2018;GEN260;2;30;R;0;7;59.3
38;2/2018;ADM203;2;58;A;0;7;59.3
38;2/2018;SIS220;2;69;A;1;7;59.3
38;1/2019;FIS264;2;59;A;0;7;30.1
38;1/2019;GEN260;2;26;R;0;7;30.1
38;1/2019;FIS306;3;23;R;1;7;30.1
38;1/2019;ADM346;3;35;R;0;7;30.1
38;1/2019;ADM364;3;14;R;0;7;30.1
38;1/2019;SHC321;3;15;R;0;7;30.1
38;1/2019;SIS318;3;39;R;0;7;30.1
38;2/2019;GEN260;2;73;A;0;6;68.0
38;2/2019;FIS306;3;71;A;0;6;68.0
38;2/2019;ADM346;3;79;A;0;6;68.0
38;2/2019;ADM364;3;30;R;1;6;68.0
38;2/2019;SHC321;3;73;A;0;6;68.0
38;2/2019;SIS318;3;82;A;0;6;68.0
38;1/2020;ADM364;3;83;A;0;5;48.8
38;1/2020;ADM467;4;66;A;0;5;48.8
38;1/2020;COM449;4;38;R;0;5;48.8
38;1/2020;FIS469;4;15;R;0;5;48.8
38;1/2020;ADM495;4;42;R;0;5;48.8
38;2/2020;COM449;4;63;A;1;7;52.3
38;2/2020;FIS469;4;74;A;0;7;52.3
38;2/2020;ADM495;4;21;R;1;7;52.3
38;2/2020;SHC497;4;50;R;0;7;52.3
38;2/2020;GEN445;4;59;A;1;7;52.3
38;2/2020;MAT475;4;26;R;0;7;52.3
38;2/2020;ADM423;4;73;A;1;7;52.3
38;1/2021;ADM495;4;26;R;1;4;34.5
38;1/2021;SHC497;4;21;R;0;4;34.5
38;1/2021;MAT475;4;29;R;1;4;34.5
38;1/2021;FIS434;4;62;A;0;4;34.5
39;1/2019;MAT131;1;74;A;0;4;65.0
39;1/2019;COM156;1;70;A;0;4;65.0
39;1/2019;FIS184;1;55;A;0;4;65.0
39;1/2019;SHC179;1;61;A;0;4;65.0
39;2/2019;FIS259;2;71;A;0;6;69.8
39;2/2019;COM204;2;72;A;0;6;69.8
39;2/2019;COM271;2;76;A;0;6;69.8
39;2/2019;FIS230;2;67;A;0;6;69.8
39;2/2019;ADM265;2;78;A;0;6;69.8
39;2/2019;FIS225;2;55;A;0;6;69.8
39;1/2020;ADM347;3;73;A;0;7;69.1
39;1/2020;MAT333;3;64;A;0;7;69.1
39;1/2020;COM342;3;63;A;1;7;69.1
39;1/2020;FIS320;3;67;A;0;7;69.1
39;1/2020;FIS390;3;73;A;0;7;69.1
39;1/2020;COM337;3;64;A;0;7;69.1
39;1/2020;FIS318;3;80;A;0;7;69.1
39;2/2020;COM496;4;71;A;0;4;55.5
39;2/2020;GEN465;4;69;A;0;4;55.5
39;2/2020;MAT424;4;62;C;0;4;55.5
39;2/2020;ADM469;4;20;R;0;4;55.5
39;1/2021;ADM469;4;58;A;0;7;66.3
39;1/2021;COM511;5;66;A;0;7;66.3
39;1/2021;SHC510;5;75;A;0;7;66.3
39;1/2021;GEN515;5;56;C;1;7;66.3
39;1/2021;GEN547;5;67;A;1;7;66.3
39;1/2021;MAT565;5;74;A;0;7;66.3
39;1/2021;MAT524;5;68;C;0;7;66.3
39;2/2021;GEN660;6;22;R;0;5;43.6
39;2/2021;MAT605;6;50;R;1;5;43.6
39;2/2021;COM619;6;69;A;0;5;43.6
39;2/2021;SIS665;6;61;A;0;5;43.6
39;2/2021;SIS651;6;16;R;0;5;43.6
39;1/2022;GEN660;6;60;A;0;5;72.2
39;1/2022;MAT605;6;87;A;0;5;72.2
39;1/2022;SIS651;6;66;A;0;5;72.2
39;1/2022;MAT650;6;64;A;0;5;72.2
39;1/2022;SIS601;6;84;A;0;5;72.2
39;2/2022;SIS705;7;75;A;0;7;69.4
39;2/2022;GEN781;7;66;A;1;7;69.4
39;2/2022;SIS796;7;82;A;0;7;69.4
39;2/2022;SIS735;7;64;A;0;7;69.4
39;2/2022;SHC740;7;83;A;0;7;69.4
39;2/2022;GEN738;7;68;A;1;7;69.4
39;2/2022;GEN736;7;48;R;0;7;69.4
40;1/2019;ADM146;1;75;C;0;6;53.8
40;1/2019;FIS192;1;81;A;0;6;53.8
40;1/2019;FIS173;1;45;R;0;6;53.8
40;1/2019;GEN186;1;13;R;0;6;53.8
40;1/2019;GEN179;1;82;A;0;6;53.8
40;1/2019;GEN163;1;27;R;0;6;53.8
40;2/2019;FIS173;1;19;R;1;6;57.5
40;2/2019;GEN186;1;54;A;0;6;57.5
40;2/2019;GEN163;1;63;A;0;6;57.5
40;2/2019;FIS103;1;59;A;0;6;57.5
40;2/2019;SHC195;1;54;A;0;6;57.5
40;2/2019;SHC189;1;96;A;0;6;57.5
40;1/2020;FIS173;1;81;A;0;6;54.7
40;1/2020;SHC274;2;12;R;0;6;54.7
40;1/2020;MAT268;2;75;A;0;6;54.7
40;1/2020;MAT228;2;75;A;0;6;54.7
40;1/2020;SHC266;2;62;A;0;6;54.7
40;1/2020;SIS266;2;23;R;0;6;54.7
40;2/2020;SHC274;2;37;R;0;5;33.4
40;2/2020;SIS266;2;39;R;0;5;33.4
40;2/2020;COM353;3;8;R;0;5;33.4
40;2/2020;GEN375;3;58;C;0;5;33.4
40;2/2020;MAT309;3;25;R;1;5;33.4
40;1/2021;SHC274;2;83;A;0;4;68.2
40;1/2021;SIS266;2;63;C;1;4;68.2
40;1/2021;COM353;3;59;A;1;4;68.2
40;1/2021;MAT309;3;68;A;1;4;68.2
40;2/2021;MAT430;4;28;R;0;7;60.1
40;2/2021;SHC467;4;65;A;0;7;60.1
40;2/2021;SHC409;4;70;A;0;7;60.1
40;2/2021;FIS400;4;40;R;0;7;60.1
40;2/2021;FIS494;4;69;A;0;7;60.1
40;2/2021;SHC462;4;77;A;0;7;60.1
40;2/2021;SIS475;4;72;A;1;7;60.1
40;1/2022;MAT430;4;27;R;0;5;53.0
40;1/2022;FIS400;4;79;A;0;5;53.0
40;1/2022;GEN556;5;71;A;0;5;53.0
40;1/2022;COM503;5;57;C;0;5;53.0
40;1/2022;MAT593;5;31;R;0;5;53.0
40;2/2022;MAT430;4;78;A;0;4;66.8
40;2/2022;MAT593;5;62;C;0;4;66.8
40;2/2022;SHC599;5;62;C;0;4;66.8
40;2/2022;GEN561;5;65;A;0;4;66.8
40;1/2023;ADM638;6;29;R;0;6;35.8
40;1/2023;FIS688;6;52;A;0;6;35.8
40;1/2023;GEN623;6;22;R;0;6;35.8
40;1/2023;ADM609;6;21;R;0;6;35.8
40;1/2023;COM673;6;67;A;0;6;35.8
40;1/2023;MAT645;6;24;R;0;6;35.8
41;1/2018;ADM185;1;71;A;0;6;54.8
41;1/2018;FIS170;1;31;R;1;6;54.8
41;1/2018;SHC134;1;69;A;0;6;54.8
41;1/2018;SHC141;1;65;C;0;6;54.8
41;1/2018;FIS190;1;30;R;0;6;54.8
41;1/2018;SHC108;1;63;A;0;6;54.8
41;2/2018;FIS170;1;58;A;0;4;72.0
41;2/2018;FIS190;1;66;C;0;4;72.0
41;2/2018;FIS212;2;87;A;1;4;72.0
41;2/2018;FIS225;2;77;A;0;4;72.0
41;1/2019;FIS343;3;12;R;1;7;50.6
41;1/2019;SIS356;3;57;A;1;7;50.6
41;1/2019;SHC367;3;13;R;0;7;50.6
41;1/2019;COM353;3;59;A;1;7;50.6
41;1/2019;GEN368;3;65;C;0;7;50.6
41;1/2019;COM363;3;78;C;1;7;50.6
41;1/2019;SHC323;3;70;A;0;7;50.6
41;2/2019;FIS343;3;75;A;0;4;65.5
41;2/2019;SHC367;3;58;A;0;4;65.5
41;2/2019;COM422;4;63;A;0;4;65.5
41;2/2019;ADM453;4;66;A;0;4;65.5
41;1/2020;FIS521;5;30;R;0;5;51.8
41;1/2020;MAT554;5;62;A;0;5;51.8
41;1/2020;SHC508;5;39;R;0;5;51.8
41;1/2020;COM596;5;63;A;1;5;51.8
41;1/2020;MAT506;5;65;A;0;5;51.8
41;2/2020;FIS521;5;60;A;0;6;41.2
41;2/2020;SHC508;5;75;A;1;6;41.2
41;2/2020;SIS589;5;20;R;0;6;41.2
41;2/2020;GEN577;5;7;R;0;6;41.2
41;2/2020;MAT572;5;29;R;0;6;41.2
41;2/2020;FIS577;5;56;A;0;6;41.2
41;1/2021;SIS589;5;51;A;1;4;69.0
41;1/2021;GEN577;5;68;A;0;4;69.0
41;1/2021;MAT572;5;73;A;0;4;69.0
41;1/2021;SIS514;5;84;A;1;4;69.0
41;2/2021;SIS645;6;79;A;0;5;59.2
41;2/2021;MAT620;6;36;R;1;5;59.2
41;2/2021;GEN684;6;24;R;0;5;59.2
41;2/2021;FIS626;6;94;C;0;5;59.2
41;2/2021;GEN652;6;63;A;1;5;59.2
41;1/2022;MAT620;6;70;A;0;6;48.5
41;1/2022;GEN684;6;12;R;0;6;48.5
41;1/2022;GEN676;6;2;R;0;6;48.5
41;1/2022;COM602;6;47;R;0;6;48.5
41;1/2022;GEN631;6;91;A;0;6;48.5
41;1/2022;SIS615;6;69;A;0;6;48.5
42;1/2020;COM119;1;87;A;1;5;70.2
42;1/2020;GEN122;1;61;A;0;5;70.2
42;1/2020;SHC173;1;84;A;0;5;70.2
42;1/2020;SIS103;1;60;C;1;5;70.2
42;1/2020;SIS158;1;59;A;1;5;70.2
42;2/2020;GEN269;2;11;R;0;7;64.7
42;2/2020;FIS296;2;72;A;0;7;64.7
42;2/2020;FIS234;2;69;A;0;7;64.7
42;2/2020;COM263;2;85;A;0;7;64.7
42;2/2020;MAT298;2;80;A;0;7;64.7
42;2/2020;COM209;2;58;C;0;7;64.7
42;2/2020;GEN287;2;78;A;0;7;64.7
42;1/2021;GEN269;2;90;A;0;6;74.2
42;1/2021;COM385;3;73;A;0;6;74.2
42;1/2021;SIS337;3;80;C;0;6;74.2
42;1/2021;COM380;3;62;A;0;6;74.2
42;1/2021;SIS333;3;75;A;0;6;74.2
42;1/2021;COM315;3;65;A;0;6;74.2
42;2/2021;GEN482;4;64;A;0;7;72.0
42;2/2021;MAT447;4;75;A;0;7;72.0
42;2/2021;SIS442;4;81;A;0;7;72.0
42;2/2021;SIS483;4;62;A;0;7;72.0
42;2/2021;SIS442;4;80;A;1;7;72.0
42;2/2021;GEN492;4;83;A;0;7;72.0
42;2/2021;ADM419;4;59;A;0;7;72.0
42;1/2022;FIS525;5;79;A;1;6;67.2
42;1/2022;FIS598;5;68;A;0;6;67.2
42;1/2022;MAT539;5;68;C;1;6;67.2
42;1/2022;FIS587;5;42;R;0;6;67.2
42;1/2022;ADM577;5;71;A;1;6;67.2
42;1/2022;COM599;5;75;A;0;6;67.2
42;2/2022;FIS587;5;75;A;0;4;66.5
42;2/2022;GEN610;6;73;A;0;4;66.5
42;2/2022;SIS661;6;42;R;0;4;66.5
42;2/2022;SHC681;6;76;A;0;4;66.5
42;1/2023;SIS661;6;65;A;0;4;68.2
42;1/2023;COM722;7;82;A;0;4;68.2
42;1/2023;ADM714;7;61;A;0;4;68.2
42;1/2023;GEN726;7;65;A;0;4;68.2
43;1/2018;MAT102;1;62;A;0;6;52.8
43;1/2018;MAT125;1;61;A;0;6;52.8
43;1/2018;SHC164;1;14;R;0;6;52.8
43;1/2018;FIS195;1;63;A;0;6;52.8
43;1/2018;ADM173;1;76;A;0;6;52.8
43;1/2018;ADM110;1;41;R;0;6;52.8
43;2/2018;SHC164;1;74;A;1;7;73.9
43;2/2018;ADM110;1;59;A;0;7;73.9
43;2/2018;MAT242;2;69;A;0;7;73.9
43;2/2018;SHC204;2;93;A;0;7;73.9
43;2/2018;FIS270;2;57;A;0;7;73.9
43;2/2018;SHC204;2;67;A;0;7;73.9
43;2/2018;MAT261;2;98;A;0;7;73.9
43;1/2019;FIS355;3;75;A;0;6;73.3
43;1/2019;SHC381;3;66;A;0;6;73.3
43;1/2019;COM337;3;80;A;0;6;73.3
43;1/2019;SHC307;3;79;A;0;6;73.3
43;1/2019;SHC315;3;72;A;0;6;73.3
43;1/2019;GEN357;3;68;A;0;6;73.3
43;2/2019;SIS463;4;40;R;0;7;61.3
43;2/2019;MAT471;4;64;C;0;7;61.3
43;2/2019;MAT437;4;63;A;0;7;61.3
43;2/2019;SHC445;4;71;A;0;7;61.3
43;2/2019;FIS462;4;61;A;0;7;61.3
43;2/2019;SIS446;4;51;C;0;7;61.3
43;2/2019;ADM401;4;79;C;0;7;61.3
43;1/2020;SIS463;4;66;A;0;4;57.2
43;1/2020;SHC593;5;72;A;0;4;57.2
43;1/2020;MAT528;5;22;R;0;4;57.2
43;1/2020;GEN547;5;69;C;0;4;57.2
43;2/2020;MAT528;5;66;A;0;7;56.7
43;2/2020;MAT603;6;74;C;0;7;56.7
43;2/2020;MAT681;6;66;A;0;7;56.7
43;2/2020;FIS662;6;15;R;0;7;56.7
43;2/2020;ADM613;6;71;A;0;7;56.7
43;2/2020;COM690;6;78;A;1;7;56.7
43;2/2020;ADM603;6;27;R;0;7;56.7
43;1/2021;FIS662;6;77;A;0;5;64.8
43;1/2021;ADM603;6;67;A;0;5;64.8
43;1/2021;SIS729;7;68;A;0;5;64.8
43;1/2021;SIS702;7;64;A;0;5;64.8
43;1/2021;ADM702;7;48;R;1;5;64.8
43;2/2021;ADM702;7;59;A;0;5;69.4
43;2/2021;MAT884;8;61;A;0;5;69.4
43;2/2021;MAT881;8;79;A;0;5;69.4
43;2/2021;FIS824;8;83;A;0;5;69.4
43;2/2021;SIS888;8;65;A;0;5;69.4
44;1/2019;ADM108;1;61;A;0;7;57.9
44;1/2019;SHC151;1;81;A;0;7;57.9
44;1/2019;SHC141;1;67;A;0;7;57.9
44;1/2019;GEN120;1;42;R;0;7;57.9
44;1/2019;SHC131;1;44;R;1;7;57.9
44;1/2019;MAT166;1;58;C;0;7;57.9
44;1/2019;COM111;1;52;A;0;7;57.9
44;2/2019;GEN120;1;25;R;1;6;49.5
44;2/2019;SHC131;1;86;A;0;6;49.5
44;2/2019;ADM238;2;34;R;0;6;49.5
44;2/2019;SHC213;2;66;A;0;6;49.5
44;2/2019;SIS275;2;78;A;1;6;49.5
44;2/2019;SIS272;2;8;R;1;6;49.5
44;1/2020;GEN120;1;28;R;1;4;65.2
44;1/2020;ADM238;2;80;A;0;4;65.2
44;1/2020;SIS272;2;82;C;0;4;65.2
44;1/2020;COM262;2;71;A;0;4;65.2
44;2/2020;GEN120;1;63;A;1;4;58.2
44;2/2020;MAT371;3;54;C;0;4;58.2
44;2/2020;GEN320;3;45;R;0;4;58.2
44;2/2020;GEN386;3;71;A;0;4;58.2
44;1/2021;GEN320;3;60;A;0;4;61.2
44;1/2021;MAT408;4;67;A;0;4;61.2
44;1/2021;GEN430;4;69;A;0;4;61.2
44;1/2021;MAT444;4;49;R;0;4;61.2
44;2/2021;MAT444;4;87;A;0;6;68.0
44;2/2021;MAT546;5;68;A;0;6;68.0
44;2/2021;GEN575;5;76;A;0;6;68.0
44;2/2021;COM591;5;38;R;0;6;68.0
44;2/2021;FIS521;5;74;A;0;6;68.0
44;2/2021;SIS555;5;65;A;0;6;68.0
44;1/2022;COM591;5;73;A;1;6;59.5
44;1/2022;MAT687;6;67;A;0;6;59.5
44;1/2022;COM620;6;33;R;0;6;59.5
44;1/2022;COM666;6;36;R;0;6;59.5
44;1/2022;FIS666;6;79;A;1;6;59.5
44;1/2022;FIS664;6;69;A;0;6;59.5
45;1/2018;ADM124;1;74;A;1;5;65.2
45;1/2018;SIS188;1;53;A;0;5;65.2
45;1/2018;SIS135;1;57;A;0;5;65.2
45;1/2018;ADM173;1;77;A;0;5;65.2
45;1/2018;SHC164;1;65;A;0;5;65.2
45;2/2018;FIS227;2;32;R;0;4;51.8
45;2/2018;SHC281;2;51;A;0;4;51.8
45;2/2018;SIS291;2;38;R;0;4;51.8
45;2/2018;GEN255;2;86;A;0;4;51.8
45;1/2019;FIS227;2;62;C;0;6;66.8
45;1/2019;SIS291;2;67;A;0;6;66.8
45;1/2019;SIS241;2;48;R;0;6;66.8
45;1/2019;MAT288;2;97;A;0;6;66.8
45;1/2019;COM267;2;62;A;0;6;66.8
45;1/2019;SIS219;2;65;A;1;6;66.8
45;2/2019;SIS241;2;66;A;0;4;63.2
45;2/2019;GEN323;3;40;R;1;4;63.2
45;2/2019;MAT339;3;75;A;0;4;63.2
45;2/2019;FIS322;3;72;A;0;4;63.2
45;1/2020;GEN323;3;88;A;0;4;61.0
45;1/2020;MAT492;4;4;R;0;4;61.0
45;1/2020;COM480;4;74;A;0;4;61.0
45;1/2020;FIS498;4;78;C;0;4;61.0
45;2/2020;MAT492;4;19;R;1;7;63.3
45;2/2020;GEN543;5;65;A;0;7;63.3
45;2/2020;SIS529;5;81;A;0;7;63.3
45;2/2020;COM516;5;64;A;1;7;63.3
45;2/2020;GEN549;5;63;A;0;7;63.3
45;2/2020;SHC521;5;67;A;0;7;63.3
45;2/2020;COM515;5;84;A;0;7;63.3
45;1/2021;MAT492;4;28;R;0;6;64.7
45;1/2021;SIS620;6;69;A;0;6;64.7
45;1/2021;SIS677;6;54;A;0;6;64.7
45;1/2021;GEN608;6;83;A;0;6;64.7
45;1/2021;SIS610;6;84;A;0;6;64.7
45;1/2021;SHC653;6;70;A;1;6;64.7
45;2/2021;MAT492;4;67;A;0;6;65.0
45;2/2021;SIS748;7;52;A;0;6;65.0
45;2/2021;ADM711;7;67;A;0;6;65.0
45;2/2021;ADM715;7;71;A;0;6;65.0
45;2/2021;SHC702;7;72;A;0;6;65.0
45;2/2021;SHC713;7;61;A;0;6;65.0
46;1/2020;SIS164;1;84;A;0;7;60.3
46;1/2020;FIS191;1;89;A;0;7;60.3
46;1/2020;SIS130;1;44;R;0;7;60.3
46;1/2020;FIS152;1;68;A;0;7;60.3
46;1/2020;GEN144;1;87;A;0;7;60.3
46;1/2020;MAT156;1;19;R;0;7;60.3
46;1/2020;GEN163;1;31;R;0;7;60.3
46;2/2020;SIS130;1;28;R;0;6;47.5
46;2/2020;MAT156;1;56;A;0;6;47.5
46;2/2020;GEN163;1;77;A;1;6;47.5
46;2/2020;GEN162;1;66;A;0;6;47.5
46;2/2020;MAT178;1;0;R;1;6;47.5
46;2/2020;ADM150;1;58;A;1;6;47.5
46;1/2021;SIS130;1;67;A;0;6;71.5
46;1/2021;MAT178;1;75;A;0;6;71.5
46;1/2021;GEN288;2;75;A;0;6;71.5
46;1/2021;COM234;2;82;A;0;6;71.5
46;1/2021;MAT260;2;73;C;0;6;71.5
46;1/2021;COM257;2;57;A;0;6;71.5
46;2/2021;SIS382;3;17;R;0;4;30.2
46;2/2021;GEN354;3;23;R;0;4;30.2
46;2/2021;SHC354;3;25;R;0;4;30.2
46;2/2021;MAT320;3;56;A;1;4;30.2
46;1/2022;SIS382;3;9;R;0;6;37.2
46;1/2022;GEN354;3;66;A;0;6;37.2
46;1/2022;SHC354;3;80;A;0;6;37.2
46;1/2022;ADM319;3;33;R;0;6;37.2
46;1/2022;COM358;3;13;R;0;6;37.2
46;1/2022;ADM381;3;22;R;0;6;37.2
46;2/2022;SIS382;3;9;R;0;4;51.5
46;2/2022;ADM319;3;80;A;1;4;51.5
46;2/2022;COM358;3;55;A;0;4;51.5
46;2/2022;ADM381;3;62;C;0;4;51.5
46;1/2023;SIS382;3;70;C;0;7;71.1
46;1/2023;SIS491;4;56;A;0;7;71.1
46;1/2023;SHC431;4;70;A;0;7;71.1
46;1/2023;ADM422;4;62;A;0;7;71.1
46;1/2023;SIS478;4;77;A;0;7;71.1
46;1/2023;MAT489;4;73;A;0;7;71.1
46;1/2023;SHC415;4;90;A;0;7;71.1
46;2/2023;FIS543;5;65;A;0;5;54.0
46;2/2023;MAT584;5;65;A;0;5;54.0
46;2/2023;MAT557;5;63;C;1;5;54.0
46;2/2023;MAT577;5;50;R;1;5;54.0
46;2/2023;MAT531;5;27;R;0;5;54.0
46;1/2024;MAT577;5;85;A;1;6;41.3
46;1/2024;MAT531;5;31;R;0;6;41.3
46;1/2024;FIS560;5;57;A;1;6;41.3
46;1/2024;SHC522;5;39;R;1;6;41.3
46;1/2024;ADM587;5;14;R;1;6;41.3
46;1/2024;ADM561;5;22;R;0;6;41.3
47;1/2019;COM161;1;68;C;0;7;63.4
47;1/2019;SHC125;1;66;A;1;7;63.4
47;1/2019;SIS128;1;68;A;0;7;63.4
47;1/2019;MAT191;1;60;A;0;7;63.4
47;1/2019;COM167;1;49;R;1;7;63.4
47;1/2019;SIS105;1;71;A;0;7;63.4
47;1/2019;SIS130;1;62;A;1;7;63.4
47;2/2019;COM167;1;18;R;0;5;57.2
47;2/2019;FIS280;2;69;A;1;5;57.2
47;2/2019;ADM265;2;43;R;0;5;57.2
47;2/2019;MAT201;2;77;A;0;5;57.2
47;2/2019;ADM295;2;79;A;0;5;57.2
47;1/2020;COM167;1;60;A;0;6;53.0
47;1/2020;ADM265;2;54;C;0;6;53.0
47;1/2020;MAT222;2;57;A;0;6;53.0
47;1/2020;FIS244;2;42;R;1;6;53.0
47;1/2020;COM236;2;83;A;0;6;53.0
47;1/2020;SIS278;2;22;R;1;6;53.0
47;2/2020;FIS244;2;69;A;0;5;40.8
47;2/2020;SIS278;2;16;R;0;5;40.8
47;2/2020;SIS388;3;20;R;0;5;40.8
47;2/2020;FIS330;3;19;R;1;5;40.8
47;2/2020;COM305;3;80;A;0;5;40.8
47;1/2021;SIS278;2;15;R;0;4;41.0
47;1/2021;SIS388;3;39;R;1;4;41.0
47;1/2021;FIS330;3;72;C;0;4;41.0
47;1/2021;FIS308;3;38;R;0;4;41.0
47;2/2021;SIS278;2;47;R;0;7;52.3
47;2/2021;SIS388;3;57;A;0;7;52.3
47;2/2021;FIS308;3;53;A;0;7;52.3
47;2/2021;SHC375;3;63;A;0;7;52.3
47;2/2021;COM334;3;63;A;1;7;52.3
47;2/2021;GEN321;3;55;A;0;7;52.3
47;2/2021;ADM326;3;28;R;0;7;52.3
47;1/2022;SIS278;2;11;R;0;7;64.7
47;1/2022;ADM326;3;64;A;0;7;64.7
47;1/2022;ADM468;4;84;A;0;7;64.7
47;1/2022;FIS447;4;95;A;1;7;64.7
47;1/2022;SIS435;4;48;R;0;7;64.7
47;1/2022;SIS484;4;61;A;0;7;64.7
47;1/2022;GEN484;4;90;A;0;7;64.7
48;1/2018;FIS195;1;54;A;0;5;48.8
48;1/2018;FIS187;1;24;R;0;5;48.8
48;1/2018;ADM130;1;66;A;0;5;48.8
48;1/2018;SIS155;1;62;A;0;5;48.8
48;1/2018;SHC197;1;38;R;0;5;48.8
48;2/2018;FIS187;1;70;A;0;5;60.8
48;2/2018;SHC197;1;49;R;1;5;60.8
48;2/2018;ADM171;1;63;A;1;5;60.8
48;2/2018;SHC120;1;78;A;1;5;60.8
48;2/2018;ADM150;1;44;R;0;5;60.8
48;1/2019;SHC197;1;78;A;0;4;58.8
48;1/2019;ADM150;1;73;A;0;4;58.8
48;1/2019;COM185;1;20;R;0;4;58.8
48;1/2019;GEN120;1;64;A;0;4;58.8
48;2/2019;COM185;1;67;A;0;5;63.4
48;2/2019;ADM257;2;63;A;0;5;63.4
48;2/2019;GEN245;2;45;R;1;5;63.4
48;2/2019;MAT260;2;76;C;0;5;63.4
48;2/2019;FIS243;2;66;A;0;5;63.4
48;1/2020;GEN245;2;83;A;1;6;50.7
48;1/2020;MAT389;3;72;A;0;6;50.7
48;1/2020;FIS360;3;8;R;0;6;50.7
48;1/2020;ADM398;3;56;A;0;6;50.7
48;1/2020;FIS361;3;58;A;0;6;50.7
48;1/2020;SIS358;3;27;R;1;6;50.7
48;2/2020;FIS360;3;24;R;0;4;49.0
48;2/2020;SIS358;3;60;A;0;4;49.0
48;2/2020;MAT462;4;75;A;0;4;49.0
48;2/2020;ADM407;4;37;R;0;4;49.0
48;1/2021;FIS360;3;52;A;1;5;51.8
48;1/2021;ADM407;4;9;R;0;5;51.8
48;1/2021;MAT416;4;65;C;0;5;51.8
48;1/2021;SHC411;4;78;A;1;5;51.8
48;1/2021;COM479;4;55;A;0;5;51.8
48;2/2021;ADM407;4;62;A;0;5;71.6
48;2/2021;SIS599;5;68;A;0;5;71.6
48;2/2021;SHC525;5;69;A;0;5;71.6
48;2/2021;FIS520;5;80;A;0;5;71.6
48;2/2021;ADM574;5;79;A;0;5;71.6
49;1/2020;FIS125;1;83;A;0;5;52.8
49;1/2020;COM144;1;58;A;0;5;52.8
49;1/2020;COM134;1;26;R;0;5;52.8
49;1/2020;GEN136;1;73;A;0;5;52.8
49;1/2020;SIS148;1;24;R;0;5;52.8
49;2/2020;COM134;1;71;C;0;4;62.2
49;2/2020;SIS148;1;74;A;1;4;62.2
49;2/2020;ADM110;1;35;R;0;4;62.2
49;2/2020;MAT182;1;69;A;0;4;62.2
49;1/2021;ADM110;1;74;A;0;5;65.2
49;1/2021;FIS294;2;66;A;0;5;65.2
49;1/2021;MAT220;2;68;A;1;5;65.2
49;1/2021;FIS244;2;76;A;0;5;65.2
49;1/2021;FIS298;2;42;R;1;5;65.2
49;2/2021;FIS298;2;27;R;0;4;37.8
49;2/2021;SIS370;3;18;R;0;4;37.8
49;2/2021;MAT362;3;72;A;0;4;37.8
49;2/2021;SHC360;3;34;R;0;4;37.8
49;1/2022;FIS298;2;65;A;0;6;71.5
49;1/2022;SIS370;3;61;A;0;6;71.5
49;1/2022;SHC360;3;60;A;0;6;71.5
49;1/2022;GEN354;3;92;A;0;6;71.5
49;1/2022;SIS389;3;69;A;1;6;71.5
49;1/2022;FIS346;3;82;A;0;6;71.5
49;2/2022;MAT450;4;70;A;0;5;67.4
49;2/2022;SIS401;4;67;A;0;5;67.4
49;2/2022;GEN496;4;65;A;0;5;67.4
49;2/2022;GEN423;4;69;A;0;5;67.4
49;2/2022;GEN458;4;66;A;0;5;67.4
50;1/2019;FIS138;1;72;A;0;5;64.2
50;1/2019;COM140;1;37;R;0;5;64.2
50;1/2019;MAT140;1;69;A;0;5;64.2
50;1/2019;SHC148;1;64;A;0;5;64.2
50;1/2019;ADM162;1;79;A;0;5;64.2
50;2/2019;COM140;1;63;A;0;7;58.7
50;2/2019;COM271;2;69;A;1;7;58.7
50;2/2019;GEN277;2;14;R;0;7;58.7
50;2/2019;MAT274;2;65;C;0;7;58.7
50;2/2019;GEN238;2;65;A;0;7;58.7
50;2/2019;SIS230;2;65;A;0;7;58.7
50;2/2019;COM237;2;70;A;0;7;58.7
50;1/2020;GEN277;2;81;A;0;5;64.6
50;1/2020;COM369;3;69;A;0;5;64.6
50;1/2020;SHC359;3;34;R;0;5;64.6
50;1/2020;COM328;3;53;A;0;5;64.6
50;1/2020;FIS396;3;86;A;0;5;64.6
50;2/2020;SHC359;3;64;A;0;7;63.1
50;2/2020;ADM467;4;52;A;1;7;63.1
50;2/2020;SIS423;4;63;A;0;7;63.1
50;2/2020;SIS481;4;16;R;0;7;63.1
50;2/2020;COM475;4;80;C;0;7;63.1
50;2/2020;ADM442;4;86;A;0;7;63.1
50;2/2020;GEN460;4;81;C;0;7;63.1
50;1/2021;SIS481;4;58;A;0;7;57.6
50;1/2021;ADM543;5;75;A;0;7;57.6
50;1/2021;FIS549;5;82;A;0;7;57.6
50;1/2021;GEN593;5;57;A;0;7;57.6
50;1/2021;FIS521;5;38;R;0;7;57.6
50;1/2021;FIS507;5;14;R;0;7;57.6
50;1/2021;SIS521;5;79;A;0;7;57.6
50;2/2021;FIS521;5;52;A;0;5;52.8
50;2/2021;FIS507;5;26;R;0;5;52.8
50;2/2021;SHC675;6;75;A;1;5;52.8
50;2/2021;FIS644;6;65;A;0;5;52.8
50;2/2021;ADM672;6;46;R;0;5;52.8
50;1/2022;FIS507;5;73;A;0;6;72.8
50;1/2022;ADM672;6;66;A;0;6;72.8
50;1/2022;ADM605;6;69;A;0;6;72.8
50;1/2022;MAT661;6;76;A;0;6;72.8
50;1/2022;MAT699;6;74;C;0;6;72.8
50;1/2022;COM679;6;79;A;0;6;72.8
50;2/2022;MAT748;7;76;A;0;5;65.8
50;2/2022;FIS717;7;61;A;1;5;65.8
50;2/2022;FIS798;7;42;R;0;5;65.8
50;2/2022;SIS747;7;64;A;0;5;65.8
50;2/2022;FIS781;7;86;C;1;5;65.8
50;1/2023;FIS798;7;1;R;0;6;52.8
50;1/2023;FIS881;8;8;R;0;6;52.8
50;1/2023;ADM896;8;78;A;0;6;52.8
50;1/2023;GEN848;8;72;C;0;6;52.8
50;1/2023;COM841;8;81;A;0;6;52.8
50;1/2023;GEN823;8;77;A;1;6;52.8
50;2/2023;FIS798;7;55;A;0;5;48.0
50;2/2023;FIS881;8;68;A;0;5;48.0
50;2/2023;SHC951;9;27;R;0;5;48.0
50;2/2023;MAT960;9;88;A;1;5;48.0
50;2/2023;COM900;9;2;R;0;5;48.0
51;1/2018;MAT133;1;67;A;0;6;57.3
51;1/2018;SHC106;1;88;A;0;6;57.3
51;1/2018;COM174;1;56;A;0;6;57.3
51;1/2018;FIS162;1;70;A;0;6;57.3
51;1/2018;SIS137;1;35;R;0;6;57.3
51;1/2018;MAT110;1;28;R;0;6;57.3
51;2/2018;SIS137;1;28;R;0;6;62.7
51;2/2018;MAT110;1;81;A;0;6;62.7
51;2/2018;GEN284;2;80;A;0;6;62.7
51;2/2018;SIS247;2;19;R;0;6;62.7
51;2/2018;ADM276;2;89;A;0;6;62.7
51;2/2018;SIS266;2;79;A;0;6;62.7
51;1/2019;SIS137;1;75;A;0;7;67.7
51;1/2019;SIS247;2;66;A;0;7;67.7
51;1/2019;ADM380;3;54;A;0;7;67.7
51;1/2019;SIS319;3;77;A;0;7;67.7
51;1/2019;FIS381;3;81;A;0;7;67.7
51;1/2019;SIS306;3;70;C;0;7;67.7
51;1/2019;SHC391;3;51;A;1;7;67.7
51;2/2019;GEN414;4;69;A;0;4;66.8
51;2/2019;GEN439;4;59;A;0;4;66.8
51;2/2019;GEN457;4;70;A;0;4;66.8
51;2/2019;MAT415;4;69;A;1;4;66.8
51;1/2020;MAT535;5;71;A;0;6;51.3
51;1/2020;ADM519;5;26;R;0;6;51.3
51;1/2020;MAT547;5;30;R;1;6;51.3
51;1/2020;MAT561;5;66;A;0;6;51.3
51;1/2020;ADM590;5;47;R;0;6;51.3
51;1/2020;COM588;5;68;A;1;6;51.3
51;2/2020;ADM519;5;62;A;0;6;59.3
51;2/2020;MAT547;5;32;R;0;6;59.3
51;2/2020;ADM590;5;82;A;0;6;59.3
51;2/2020;GEN503;5;76;A;0;6;59.3
51;2/2020;FIS548;5;69;A;1;6;59.3
51;2/2020;FIS504;5;35;R;0;6;59.3
51;1/2021;MAT547;5;51;A;0;4;49.0
51;1/2021;FIS504;5;53;A;0;4;49.0
51;1/2021;ADM670;6;54;A;0;4;49.0
51;1/2021;FIS653;6;38;R;0;4;49.0
51;2/2021;FIS653;6;68;A;0;4;71.0
51;2/2021;MAT724;7;55;C;1;4;71.0
51;2/2021;ADM708;7;76;A;0;4;71.0
51;2/2021;COM773;7;85;A;0;4;71.0
52;1/2018;SHC147;1;28;R;1;5;35.4
52;1/2018;COM189;1;67;A;0;5;35.4
52;1/2018;MAT179;1;24;R;0;5;35.4
52;1/2018;COM174;1;34;R;0;5;35.4
52;1/2018;SHC122;1;24;R;1;5;35.4
52;2/2018;SHC147;1;47;R;0;6;53.7
52;2/2018;MAT179;1;29;R;0;6;53.7
52;2/2018;COM174;1;63;A;1;6;53.7
52;2/2018;SHC122;1;70;C;1;6;53.7
52;2/2018;FIS199;1;46;R;0;6;53.7
52;2/2018;FIS173;1;67;A;1;6;53.7
52;1/2019;SHC147;1;59;A;0;7;58.7
52;1/2019;MAT179;1;49;R;0;7;58.7
52;1/2019;FIS199;1;56;A;0;7;58.7
52;1/2019;FIS175;1;69;A;0;7;58.7
52;1/2019;MAT160;1;81;C;0;7;58.7
52;1/2019;GEN141;1;65;A;0;7;58.7
52;1/2019;ADM174;1;32;R;0;7;58.7
52;2/2019;MAT179;1;69;A;0;7;68.1
52;2/2019;ADM174;1;62;A;0;7;68.1
52;2/2019;SHC209;2;86;A;0;7;68.1
52;2/2019;COM241;2;79;A;1;7;68.1
52;2/2019;MAT236;2;36;R;0;7;68.1
52;2/2019;GEN219;2;72;A;0;7;68.1
52;2/2019;ADM202;2;73;A;0;7;68.1
52;1/2020;MAT236;2;40;R;0;6;54.0
52;1/2020;MAT313;3;73;A;0;6;54.0
52;1/2020;SHC338;3;74;A;0;6;54.0
52;1/2020;SHC384;3;0;R;0;6;54.0
52;1/2020;FIS374;3;80;A;0;6;54.0
52;1/2020;ADM339;3;57;A;0;6;54.0
52;2/2020;MAT236;2;77;A;0;4;58.0
52;2/2020;SHC384;3;17;R;0;4;58.0
52;2/2020;GEN484;4;70;A;0;4;58.0
52;2/2020;GEN420;4;68;A;1;4;58.0
52;1/2021;SHC384;3;80;A;0;7;71.9
52;1/2021;ADM587;5;76;A;1;7;71.9
52;1/2021;GEN513;5;79;A;0;7;71.9
52;1/2021;SHC502;5;71;A;0;7;71.9
52;1/2021;MAT523;5;80;A;0;7;71.9
52;1/2021;COM572;5;68;A;0;7;71.9
52;1/2021;ADM541;5;49;R;0;7;71.9
53;1/2019;GEN103;1;67;C;0;4;60.0
53;1/2019;COM137;1;48;R;0;4;60.0
53;1/2019;GEN109;1;64;A;0;4;60.0
53;1/2019;COM129;1;61;C;0;4;60.0
53;2/2019;COM137;1;45;R;0;5;56.0
53;2/2019;ADM292;2;68;A;0;5;56.0
53;2/2019;GEN253;2;66;A;0;5;56.0
53;2/2019;COM295;2;25;R;1;5;56.0
53;2/2019;SIS291;2;76;A;0;5;56.0
53;1/2020;COM137;1;60;A;0;7;70.0
53;1/2020;COM295;2;60;A;1;7;70.0
53;1/2020;FIS230;2;67;A;0;7;70.0
53;1/2020;MAT252;2;84;C;1;7;70.0
53;1/2020;GEN270;2;71;C;1;7;70.0
53;1/2020;SHC217;2;80;C;0;7;70.0
53;1/2020;COM220;2;68;A;0;7;70.0
53;2/2020;FIS308;3;53;A;0;5;69.0
53;2/2020;SIS338;3;72;A;0;5;69.0
53;2/2020;SIS374;3;43;R;0;5;69.0
53;2/2020;SIS326;3;83;A;0;5;69.0
53;2/2020;GEN383;3;94;A;0;5;69.0
53;1/2021;SIS374;3;70;A;0;4;62.5
53;1/2021;SHC451;4;50;R;0;4;62.5
53;1/2021;SIS415;4;69;A;0;4;62.5
53;1/2021;SIS406;4;61;A;0;4;62.5
53;2/2021;SHC451;4;62;A;0;6;65.5
53;2/2021;SHC532;5;67;A;0;6;65.5
53;2/2021;MAT534;5;80;A;0;6;65.5
53;2/2021;FIS564;5;71;A;0;6;65.5
53;2/2021;GEN559;5;60;A;1;6;65.5
53;2/2021;GEN552;5;53;A;0;6;65.5
53;1/2022;FIS671;6;72;A;0;5;59.0
53;1/2022;ADM639;6;57;A;0;5;59.0
53;1/2022;ADM692;6;61;C;1;5;59.0
53;1/2022;SIS682;6;54;A;0;5;59.0
53;1/2022;ADM682;6;51;C;0;5;59.0
54;1/2019;ADM143;1;64;A;0;5;66.8
54;1/2019;SHC147;1;73;C;0;5;66.8
54;1/2019;GEN178;1;63;C;0;5;66.8
54;1/2019;SHC129;1;70;A;0;5;66.8
54;1/2019;MAT128;1;64;A;0;5;66.8
54;2/2019;SIS207;2;86;A;0;6;62.2
54;2/2019;COM220;2;71;A;0;6;62.2
54;2/2019;MAT245;2;73;A;0;6;62.2
54;2/2019;COM289;2;78;A;1;6;62.2
54;2/2019;GEN265;2;6;R;0;6;62.2
54;2/2019;SHC262;2;59;A;1;6;62.2
54;1/2020;GEN265;2;74;A;0;7;68.3
54;1/2020;ADM353;3;71;A;0;7;68.3
54;1/2020;ADM330;3;79;A;0;7;68.3
54;1/2020;GEN353;3;80;A;0;7;68.3
54;1/2020;MAT335;3;68;A;0;7;68.3
54;1/2020;SIS314;3;73;A;0;7;68.3
54;1/2020;SHC392;3;33;R;1;7;68.3
54;2/2020;SHC392;3;65;A;0;5;63.2
54;2/2020;ADM455;4;81;A;0;5;63.2
54;2/2020;GEN483;4;53;A;0;5;63.2
54;2/2020;SIS479;4;57;A;0;5;63.2
54;2/2020;GEN444;4;60;A;0;5;63.2
54;1/2021;GEN597;5;70;A;0;4;57.2
54;1/2021;SHC505;5;0;R;0;4;57.2
54;1/2021;ADM550;5;80;A;0;4;57.2
54;1/2021;GEN563;5;79;A;0;4;57.2
54;2/2021;SHC505;5;52;A;0;4;66.0
54;2/2021;MAT685;6;69;A;0;4;66.0
54;2/2021;SHC626;6;62;A;0;4;66.0
54;2/2021;SIS602;6;81;A;0;4;66.0
54;1/2022;GEN761;7;63;A;0;5;54.8
54;1/2022;GEN700;7;57;A;1;5;54.8
54;1/2022;COM752;7;41;R;0;5;54.8
54;1/2022;SHC770;7;59;A;0;5;54.8
54;1/2022;ADM754;7;54;A;0;5;54.8
54;2/2022;COM752;7;15;R;0;4;33.2
54;2/2022;SIS862;8;69;A;0;4;33.2
54;2/2022;MAT840;8;31;R;0;4;33.2
54;2/2022;ADM801;8;18;R;0;4;33.2
54;1/2023;COM752;7;60;A;0;4;61.0
54;1/2023;MAT840;8;77;A;0;4;61.0
54;1/2023;ADM801;8;75;A;0;4;61.0
54;1/2023;MAT864;8;32;R;0;4;61.0
55;1/2019;FIS100;1;0;R;0;4;27.5
55;1/2019;FIS173;1;63;A;0;4;27.5
55;1/2019;ADM125;1;33;R;1;4;27.5
55;1/2019;FIS123;1;14;R;0;4;27.5
55;2/2019;FIS100;1;57;A;0;6;68.7
55;2/2019;ADM125;1;67;A;0;6;68.7
55;2/2019;FIS123;1;69;A;0;6;68.7
55;2/2019;ADM124;1;65;A;0;6;68.7
55;2/2019;MAT187;1;67;A;0;6;68.7
55;2/2019;COM131;1;87;A;0;6;68.7
55;1/2020;GEN287;2;56;A;0;6;63.7
55;1/2020;MAT248;2;75;A;0;6;63.7
55;1/2020;FIS254;2;23;R;0;6;63.7
55;1/2020;FIS237;2;75;A;0;6;63.7
55;1/2020;MAT283;2;79;A;0;6;63.7
55;1/2020;SHC216;2;74;A;0;6;63.7
55;2/2020;FIS254;2;67;A;0;5;68.6
55;2/2020;SIS392;3;71;A;0;5;68.6
55;2/2020;ADM344;3;74;C;0;5;68.6
55;2/2020;MAT349;3;75;A;0;5;68.6
55;2/2020;MAT340;3;56;A;0;5;68.6
55;1/2021;SHC458;4;83;A;0;5;61.6
55;1/2021;MAT484;4;68;A;0;5;61.6
55;1/2021;GEN469;4;25;R;0;5;61.6
55;1/2021;SHC487;4;67;A;0;5;61.6
55;1/2021;ADM450;4;65;A;1;5;61.6
55;2/2021;GEN469;4;29;R;0;5;32.6
55;2/2021;SHC588;5;44;R;0;5;32.6
55;2/2021;SIS575;5;41;R;0;5;32.6
55;2/2021;ADM564;5;32;R;0;5;32.6
55;2/2021;ADM525;5;17;R;0;5;32.6
55;1/2022;GEN469;4;27;R;0;7;45.4
55;1/2022;SHC588;5;56;A;0;7;45.4
55;1/2022;SIS575;5;11;R;0;7;45.4
55;1/2022;ADM564;5;23;R;0;7;45.4
55;1/2022;ADM525;5;75;A;0;7;45.4
55;1/2022;FIS540;5;66;A;0;7;45.4
55;1/2022;MAT587;5;60;A;0;7;45.4
56;1/2019;ADM170;1;57;A;0;7;59.4
56;1/2019;FIS131;1;61;C;0;7;59.4
56;1/2019;ADM118;1;76;A;1;7;59.4
56;1/2019;GEN138;1;96;A;0;7;59.4
56;1/2019;SHC102;1;39;R;0;7;59.4
56;1/2019;ADM167;1;14;R;0;7;59.4
56;1/2019;SHC113;1;73;A;0;7;59.4
56;2/2019;SHC102;1;82;A;0;6;69.0
56;2/2019;ADM167;1;58;C;0;6;69.0
56;2/2019;FIS215;2;37;R;0;6;69.0
56;2/2019;MAT225;2;83;A;0;6;69.0
56;2/2019;MAT253;2;77;A;0;6;69.0
56;2/2019;ADM238;2;77;A;0;6;69.0
56;1/2020;FIS215;2;10;R;0;6;58.7
56;1/2020;COM364;3;59;C;0;6;58.7
56;1/2020;COM358;3;79;A;0;6;58.7
56;1/2020;FIS337;3;69;A;0;6;58.7
56;1/2020;ADM320;3;69;C;0;6;58.7
56;1/2020;SHC323;3;66;A;0;6;58.7
56;2/2020;FIS215;2;67;A;0;5;53.0
56;2/2020;MAT469;4;10;R;0;5;53.0
56;2/2020;FIS411;4;57;A;1;5;53.0
56;2/2020;SHC457;4;58;A;0;5;53.0
56;2/2020;SIS486;4;73;A;0;5;53.0
56;1/2021;MAT469;4;60;A;0;5;70.0
56;1/2021;SIS521;5;77;A;0;5;70.0
56;1/2021;COM541;5;76;A;0;5;70.0
56;1/2021;MAT575;5;86;A;0;5;70.0
56;1/2021;COM502;5;51;A;1;5;70.0
56;2/2021;ADM695;6;61;A;1;4;65.2
56;2/2021;SHC627;6;74;C;0;4;65.2
56;2/2021;FIS696;6;67;A;0;4;65.2
56;2/2021;SIS665;6;59;A;1;4;65.2
56;1/2022;SIS711;7;62;A;1;5;56.6
56;1/2022;MAT751;7;44;R;1;5;56.6
56;1/2022;ADM798;7;82;A;0;5;56.6
56;1/2022;MAT751;7;43;R;0;5;56.6
56;1/2022;MAT739;7;52;C;0;5;56.6
56;2/2022;MAT751;7;76;A;0;6;60.7
56;2/2022;MAT751;7;68;A;0;6;60.7
56;2/2022;SHC760;7;80;C;0;6;60.7
56;2/2022;COM761;7;54;A;0;6;60.7
56;2/2022;FIS746;7;68;A;0;6;60.7
56;2/2022;ADM764;7;18;R;0;6;60.7
57;1/2020;ADM116;1;59;C;1;5;67.4
57;1/2020;ADM175;1;24;R;0;5;67.4
57;1/2020;GEN173;1;90;A;0;5;67.4
57;1/2020;GEN171;1;89;A;1;5;67.4
57;1/2020;COM192;1;75;A;0;5;67.4
57;2/2020;ADM175;1;60;A;0;4;69.5
57;2/2020;ADM221;2;82;A;0;4;69.5
57;2/2020;GEN257;2;69;A;0;4;69.5
57;2/2020;GEN249;2;67;A;1;4;69.5
57;1/2021;GEN364;3;70;A;0;4;58.2
57;1/2021;ADM342;3;16;R;0;4;58.2
57;1/2021;COM375;3;73;A;0;4;58.2
57;1/2021;GEN357;3;74;A;0;4;58.2
57;2/2021;ADM342;3;74;A;0;4;61.2
57;2/2021;SHC427;4;97;A;0;4;61.2
57;2/2021;MAT461;4;7;R;0;4;61.2
57;2/2021;MAT400;4;67;A;0;4;61.2
57;1/2022;MAT461;4;37;R;1;4;64.2
57;1/2022;GEN503;5;78;A;1;4;64.2
57;1/2022;ADM553;5;65;A;1;4;64.2
57;1/2022;FIS520;5;77;A;1;4;64.2
57;2/2022;MAT461;4;25;R;0;5;53.4
57;2/2022;COM643;6;61;A;0;5;53.4
57;2/2022;SIS663;6;71;C;0;5;53.4
57;2/2022;GEN637;6;59;A;0;5;53.4
57;2/2022;MAT617;6;51;A;1;5;53.4
57;1/2023;MAT461;4;8;R;0;4;57.5
57;1/2023;SIS700;7;84;A;1;4;57.5
57;1/2023;COM786;7;69;A;1;4;57.5
57;1/2023;SIS711;7;69;A;0;4;57.5
57;2/2023;MAT461;4;80;A;0;4;60.5
57;2/2023;ADM888;8;81;A;1;4;60.5
57;2/2023;COM822;8;25;R;0;4;60.5
57;2/2023;MAT895;8;56;A;0;4;60.5
58;1/2018;FIS168;1;78;A;0;7;65.4
58;1/2018;COM193;1;72;A;0;7;65.4
58;1/2018;GEN140;1;61;A;1;7;65.4
58;1/2018;FIS196;1;17;R;0;7;65.4
58;1/2018;MAT178;1;65;A;0;7;65.4
58;1/2018;ADM138;1;76;A;0;7;65.4
58;1/2018;MAT147;1;89;A;0;7;65.4
58;2/2018;FIS196;1;16;R;0;6;61.8
58;2/2018;FIS292;2;67;A;0;6;61.8
58;2/2018;SHC290;2;72;A;1;6;61.8
58;2/2018;MAT257;2;56;C;0;6;61.8
58;2/2018;COM248;2;74;A;0;6;61.8
58;2/2018;SHC239;2;86;A;0;6;61.8
58;1/2019;FIS196;1;62;A;0;7;55.3
58;1/2019;COM337;3;27;R;0;7;55.3
58;1/2019;GEN376;3;63;C;0;7;55.3
58;1/2019;MAT390;3;68;A;0;7;55.3
58;1/2019;SIS357;3;41;R;0;7;55.3
58;1/2019;COM370;3;51;A;1;7;55.3
58;1/2019;SIS313;3;75;C;0;7;55.3
58;2/2019;COM337;3;72;A;0;4;65.5
58;2/2019;SIS357;3;78;A;1;4;65.5
58;2/2019;SIS419;4;23;R;0;4;65.5
58;2/2019;MAT472;4;89;A;0;4;65.5
58;1/2020;SIS419;4;65;A;1;5;63.4
58;1/2020;GEN546;5;56;A;0;5;63.4
58;1/2020;GEN560;5;85;A;0;5;63.4
58;1/2020;COM569;5;60;A;0;5;63.4
58;1/2020;FIS569;5;51;A;0;5;63.4
58;2/2020;SHC685;6;75;A;0;6;41.5
58;2/2020;GEN641;6;43;R;0;6;41.5
58;2/2020;ADM603;6;59;C;0;6;41.5
58;2/2020;MAT657;6;28;R;0;6;41.5
58;2/2020;ADM667;6;26;R;0;6;41.5
58;2/2020;COM633;6;18;R;0;6;41.5
59;1/2019;FIS138;1;64;A;0;5;34.6
59;1/2019;MAT134;1;29;R;0;5;34.6
59;1/2019;FIS190;1;12;R;0;5;34.6
59;1/2019;SIS155;1;57;A;0;5;34.6
59;1/2019;SIS129;1;11;R;0;5;34.6
59;2/2019;MAT134;1;66;A;0;4;67.2
59;2/2019;FIS190;1;68;A;0;4;67.2
59;2/2019;SIS129;1;61;A;0;4;67.2
59;2/2019;COM130;1;74;A;0;4;67.2
59;1/2020;MAT228;2;66;A;0;5;58.0
59;1/2020;ADM212;2;11;R;0;5;58.0
59;1/2020;COM263;2;85;A;0;5;58.0
59;1/2020;MAT233;2;56;C;1;5;58.0
59;1/2020;COM206;2;72;A;0;5;58.0
59;2/2020;ADM212;2;80;A;0;5;49.8
59;2/2020;ADM321;3;7;R;1;5;49.8
59;2/2020;GEN324;3;32;R;1;5;49.8
59;2/2020;MAT303;3;71;A;0;5;49.8
59;2/2020;SHC347;3;59;A;0;5;49.8
59;1/2021;ADM321;3;51;C;0;5;45.8
59;1/2021;GEN324;3;52;A;1;5;45.8
59;1/2021;ADM356;3;19;R;0;5;45.8
59;1/2021;MAT343;3;59;A;0;5;45.8
59;1/2021;COM385;3;48;R;0;5;45.8
59;2/2021;ADM356;3;16;R;0;7;55.4
59;2/2021;COM385;3;82;A;1;7;55.4
59;2/2021;SIS352;3;22;R;0;7;55.4
59;2/2021;ADM300;3;68;A;0;7;55.4
59;2/2021;GEN388;3;63;A;1;7;55.4
59;2/2021;SIS361;3;61;A;0;7;55.4
59;2/2021;ADM366;3;76;A;0;7;55.4
60;1/2019;SIS132;1;43;R;0;4;58.5
60;1/2019;GEN142;1;56;A;0;4;58.5
60;1/2019;GEN168;1;62;C;0;4;58.5
60;1/2019;SIS155;1;73;A;0;4;58.5
60;2/2019;SIS132;1;43;R;0;5;56.0
60;2/2019;ADM281;2;67;A;0;5;56.0
60;2/2019;SIS213;2;43;R;1;5;56.0
60;2/2019;SIS260;2;58;C;0;5;56.0
60;2/2019;FIS206;2;69;A;0;5;56.0
60;1/2020;SIS132;1;90;A;0;6;77.7
60;1/2020;SIS213;2;61;A;0;6;77.7
60;1/2020;GEN239;2;62;A;0;6;77.7
60;1/2020;COM215;2;83;A;0;6;77.7
60;1/2020;COM205;2;93;C;0;6;77.7
60;1/2020;COM299;2;77;A;0;6;77.7
60;2/2020;MAT322;3;10;R;0;6;53.8
60;2/2020;SHC353;3;62;A;0;6;53.8
60;2/2020;SIS323;3;80;A;0;6;53.8
60;2/2020;SIS309;3;28;R;0;6;53.8
60;2/2020;MAT348;3;78;A;0;6;53.8
60;2/2020;SHC303;3;65;A;0;6;53.8
60;1/2021;MAT322;3;23;R;0;4;55.0
60;1/2021;SIS309;3;72;A;0;4;55.0
60;1/2021;ADM449;4;70;A;0;4;55.0
60;1/2021;FIS420;4;55;A;0;4;55.0
60;2/2021;MAT322;3;58;A;0;5;56.6
60;2/2021;SIS524;5;67;A;1;5;56.6
60;2/2021;COM549;5;25;R;0;5;56.6
60;2/2021;SIS596;5;58;A;0;5;56.6
60;2/2021;GEN533;5;75;A;0;5;56.6
60;1/2022;COM549;5;30;R;1;4;55.0
60;1/2022;COM611;6;74;A;1;4;55.0
60;1/2022;FIS641;6;57;C;0;4;55.0
60;1/2022;GEN640;6;59;A;0;4;55.0
60;2/2022;COM549;5;66;A;1;6;56.5
60;2/2022;ADM739;7;95;A;0;6;56.5
60;2/2022;ADM771;7;5;R;0;6;56.5
60;2/2022;MAT775;7;91;A;0;6;56.5
60;2/2022;SHC766;7;12;R;0;6;56.5
60;2/2022;COM723;7;70;A;0;6;56.5
61;1/2018;ADM171;1;48;C;0;5;46.2
61;1/2018;FIS185;1;24;R;0;5;46.2
61;1/2018;SIS138;1;70;A;0;5;46.2
61;1/2018;COM110;1;74;A;0;5;46.2
61;1/2018;GEN105;1;15;R;0;5;46.2
61;2/2018;FIS185;1;73;A;1;4;36.8
61;2/2018;GEN105;1;21;R;1;4;36.8
61;2/2018;MAT133;1;34;R;1;4;36.8
61;2/2018;FIS101;1;19;R;0;4;36.8
61;1/2019;GEN105;1;60;C;0;4;60.2
61;1/2019;MAT133;1;44;R;0;4;60.2
61;1/2019;FIS101;1;87;A;0;4;60.2
61;1/2019;SIS114;1;50;R;1;4;60.2
61;2/2019;MAT133;1;64;C;0;4;44.0
61;2/2019;SIS114;1;64;A;0;4;44.0
61;2/2019;FIS129;1;20;R;0;4;44.0
61;2/2019;COM135;1;28;R;0;4;44.0
61;1/2020;FIS129;1;65;A;0;6;47.3
61;1/2020;COM135;1;46;R;0;6;47.3
61;1/2020;SIS130;1;70;A;0;6;47.3
61;1/2020;GEN138;1;10;R;1;6;47.3
61;1/2020;MAT196;1;27;R;1;6;47.3
61;1/2020;SHC111;1;66;C;0;6;47.3
61;2/2020;COM135;1;23;R;0;5;56.6
61;2/2020;GEN138;1;85;A;0;5;56.6
61;2/2020;MAT196;1;61;A;0;5;56.6
61;2/2020;SIS190;1;36;R;1;5;56.6
61;2/2020;SIS172;1;78;A;0;5;56.6
61;1/2021;COM135;1;70;A;0;6;58.7
61;1/2021;SIS190;1;74;A;0;6;58.7
61;1/2021;ADM161;1;74;A;0;6;58.7
61;1/2021;COM155;1;37;R;0;6;58.7
61;1/2021;FIS196;1;90;A;0;6;58.7
61;1/2021;COM159;1;7;R;0;6;58.7
62;1/2020;GEN139;1;59;A;0;6;64.0
62;1/2020;COM189;1;74;A;0;6;64.0
62;1/2020;MAT103;1;52;C;0;6;64.0
62;1/2020;COM171;1;74;A;1;6;64.0
62;1/2020;SIS110;1;63;A;0;6;64.0
62;1/2020;GEN163;1;62;A;0;6;64.0
62;2/2020;SHC236;2;65;A;0;7;65.9
62;2/2020;SIS263;2;77;A;0;7;65.9
62;2/2020;SHC236;2;70;A;0;7;65.9
62;2/2020;COM299;2;62;A;0;7;65.9
62;2/2020;GEN204;2;34;R;0;7;65.9
62;2/2020;ADM258;2;71;A;0;7;65.9
62;2/2020;ADM274;2;82;A;0;7;65.9
62;1/2021;GEN204;2;54;A;0;7;67.1
62;1/2021;FIS335;3;38;R;1;7;67.1
62;1/2021;MAT365;3;72;A;0;7;67.1
62;1/2021;FIS341;3;82;A;0;7;67.1
62;1/2021;SIS372;3;77;A;0;7;67.1
62;1/2021;SIS362;3;83;A;0;7;67.1
62;1/2021;SIS313;3;64;A;0;7;67.1
62;2/2021;FIS335;3;56;A;0;6;45.3
62;2/2021;MAT477;4;37;R;1;6;45.3
62;2/2021;MAT447;4;70;A;0;6;45.3
62;2/2021;ADM443;4;67;A;0;6;45.3
62;2/2021;SIS469;4;30;R;1;6;45.3
62;2/2021;COM454;4;12;R;1;6;45.3
62;1/2022;MAT477;4;81;A;0;5;75.2
62;1/2022;SIS469;4;80;C;0;5;75.2
62;1/2022;COM454;4;86;A;1;5;75.2
62;1/2022;GEN400;4;61;A;0;5;75.2
62;1/2022;FIS455;4;68;A;1;5;75.2
62;2/2022;COM539;5;74;A;0;7;57.3
62;2/2022;SHC560;5;71;A;0;7;57.3
62;2/2022;FIS530;5;60;A;0;7;57.3
62;2/2022;COM550;5;51;A;0;7;57.3
62;2/2022;ADM548;5;72;A;1;7;57.3
62;2/2022;FIS582;5;62;A;0;7;57.3
62;2/2022;SHC512;5;11;R;0;7;57.3
62;1/2023;SHC512;5;66;A;0;5;62.2
62;1/2023;GEN638;6;27;R;0;5;62.2
62;1/2023;MAT615;6;89;C;0;5;62.2
62;1/2023;MAT613;6;60;A;0;5;62.2
62;1/2023;SIS675;6;69;A;0;5;62.2
62;2/2023;GEN638;6;78;A;0;5;66.0
62;2/2023;COM798;7;41;R;0;5;66.0
62;2/2023;GEN776;7;75;A;1;5;66.0
62;2/2023;SIS713;7;69;A;1;5;66.0
62;2/2023;COM700;7;67;A;0;5;66.0
63;1/2018;FIS129;1;76;A;1;5;69.4
63;1/2018;COM155;1;71;A;0;5;69.4
63;1/2018;SIS104;1;60;A;0;5;69.4
63;1/2018;SIS173;1;61;A;0;5;69.4
63;1/2018;ADM193;1;79;A;0;5;69.4
63;2/2018;SIS286;2;21;R;0;6;52.5
63;2/2018;SIS238;2;55;A;0;6;52.5
63;2/2018;MAT276;2;63;A;0;6;52.5
63;2/2018;FIS285;2;37;R;0;6;52.5
63;2/2018;ADM201;2;76;A;0;6;52.5
63;2/2018;FIS216;2;63;A;1;6;52.5
63;1/2019;SIS286;2;64;A;1;6;56.0
63;1/2019;FIS285;2;70;A;0;6;56.0
63;1/2019;COM390;3;51;A;0;6;56.0
63;1/2019;COM364;3;32;R;0;6;56.0
63;1/2019;FIS360;3;75;C;0;6;56.0
63;1/2019;COM366;3;44;C;0;6;56.0
63;2/2019;COM364;3;63;A;0;6;67.2
63;2/2019;MAT420;4;78;A;0;6;67.2
63;2/2019;SIS429;4;87;A;0;6;67.2
63;2/2019;MAT474;4;57;A;0;6;67.2
63;2/2019;COM479;4;43;R;1;6;67.2
63;2/2019;FIS494;4;75;C;0;6;67.2
63;1/2020;COM479;4;45;R;0;7;66.6
63;1/2020;FIS568;5;94;A;1;7;66.6
63;1/2020;GEN580;5;73;A;0;7;66.6
63;1/2020;SIS534;5;67;A;0;7;66.6
63;1/2020;ADM512;5;32;R;0;7;66.6
63;1/2020;GEN572;5;68;A;0;7;66.6
63;1/2020;GEN543;5;87;C;0;7;66.6
63;2/2020;COM479;4;67;A;0;6;70.2
63;2/2020;ADM512;5;66;A;0;6;70.2
63;2/2020;SHC617;6;61;A;1;6;70.2
63;2/2020;SHC686;6;73;A;0;6;70.2
63;2/2020;SIS653;6;67;A;0;6;70.2
63;2/2020;COM638;6;87;A;0;6;70.2
63;1/2021;GEN739;7;75;A;1;5;65.6
63;1/2021;FIS766;7;73;A;1;5;65.6
63;1/2021;MAT723;7;68;A;0;5;65.6
63;1/2021;GEN791;7;27;R;1;5;65.6
63;1/2021;SHC760;7;85;A;0;5;65.6
64;1/2019;FIS113;1;77;A;0;5;77.0
64;1/2019;SIS150;1;73;A;0;5;77.0
64;1/2019;FIS101;1;69;A;0;5;77.0
64;1/2019;COM172;1;92;C;0;5;77.0
64;1/2019;ADM119;1;74;A;0;5;77.0
64;2/2019;COM269;2;62;C;0;7;64.1
64;2/2019;MAT233;2;70;A;1;7;64.1
64;2/2019;SHC209;2;67;A;0;7;64.1
64;2/2019;FIS261;2;54;A;0;7;64.1
64;2/2019;SIS223;2;60;A;0;7;64.1
64;2/2019;MAT273;2;69;A;0;7;64.1
64;2/2019;COM247;2;67;A;0;7;64.1
64;1/2020;FIS304;3;34;R;1;5;54.2
64;1/2020;SIS387;3;75;A;0;5;54.2
64;1/2020;MAT306;3;62;A;0;5;54.2
64;1/2020;GEN369;3;70;A;0;5;54.2
64;1/2020;FIS308;3;30;R;0;5;54.2
64;2/2020;FIS304;3;64;C;0;4;55.5
64;2/2020;FIS308;3;66;A;0;4;55.5
64;2/2020;MAT397;3;56;C;1;4;55.5
64;2/2020;SHC340;3;36;R;0;4;55.5
64;1/2021;SHC340;3;67;A;0;6;57.2
64;1/2021;COM417;4;64;A;0;6;57.2
64;1/2021;FIS464;4;74;A;1;6;57.2
64;1/2021;FIS461;4;66;A;0;6;57.2
64;1/2021;SHC409;4;56;A;0;6;57.2
64;1/2021;MAT489;4;16;R;0;6;57.2
64;2/2021;MAT489;4;97;A;0;5;74.8
64;2/2021;MAT554;5;69;A;1;5;74.8
64;2/2021;MAT569;5;69;A;0;5;74.8
64;2/2021;FIS582;5;74;A;0;5;74.8
64;2/2021;SIS559;5;65;C;0;5;74.8
64;1/2022;MAT666;6;62;A;0;4;48.5
64;1/2022;SHC686;6;51;A;1;4;48.5
64;1/2022;SHC684;6;12;R;0;4;48.5
64;1/2022;FIS672;6;69;A;0;4;48.5
64;2/2022;SHC684;6;54;A;0;4;66.0
64;2/2022;GEN712;7;56;A;0;4;66.0
64;2/2022;GEN768;7;72;A;0;4;66.0
64;2/2022;ADM763;7;82;A;0;4;66.0
65;1/2018;MAT168;1;73;C;0;4;65.0
65;1/2018;MAT183;1;25;R;0;4;65.0
65;1/2018;SIS195;1;89;A;0;4;65.0
65;1/2018;COM122;1;73;A;0;4;65.0
65;2/2018;MAT183;1;74;A;0;7;72.7
65;2/2018;SHC220;2;77;A;0;7;72.7
65;2/2018;GEN245;2;69;A;0;7;72.7
65;2/2018;FIS293;2;80;A;1;7;72.7
65;2/2018;SIS254;2;53;A;0;7;72.7
65;2/2018;SHC223;2;73;A;0;7;72.7
65;2/2018;SHC224;2;83;A;0;7;72.7
65;1/2019;COM330;3;64;A;0;6;69.5
65;1/2019;SIS382;3;68;A;0;6;69.5
65;1/2019;SIS349;3;80;A;0;6;69.5
65;1/2019;COM319;3;84;A;0;6;69.5
65;1/2019;ADM360;3;55;A;0;6;69.5
65;1/2019;SIS304;3;66;A;0;6;69.5
65;2/2019;SIS413;4;24;R;0;4;61.5
65;2/2019;SIS404;4;57;A;0;4;61.5
65;2/2019;COM471;4;85;A;0;4;61.5
65;2/2019;COM457;4;80;A;0;4;61.5
65;1/2020;SIS413;4;11;R;0;7;45.7
65;1/2020;COM570;5;67;A;0;7;45.7
65;1/2020;GEN539;5;56;A;0;7;45.7
65;1/2020;SIS570;5;88;C;0;7;45.7
65;1/2020;COM507;5;56;A;0;7;45.7
65;1/2020;COM560;5;21;R;0;7;45.7
65;1/2020;FIS589;5;21;R;0;7;45.7
65;2/2020;SIS413;4;56;A;0;7;74.0
65;2/2020;COM560;5;82;A;0;7;74.0
65;2/2020;FIS589;5;75;A;0;7;74.0
65;2/2020;SIS574;5;76;A;0;7;74.0
65;2/2020;SIS554;5;80;A;1;7;74.0
65;2/2020;MAT507;5;70;A;0;7;74.0
65;2/2020;SIS546;5;79;C;0;7;74.0
66;1/2018;FIS184;1;71;A;0;7;68.7
66;1/2018;SHC181;1;68;C;1;7;68.7
66;1/2018;COM112;1;80;A;0;7;68.7
66;1/2018;ADM146;1;71;A;0;7;68.7
66;1/2018;COM137;1;63;A;1;7;68.7
66;1/2018;MAT116;1;56;C;0;7;68.7
66;1/2018;COM126;1;72;A;0;7;68.7
66;2/2018;SHC260;2;70;A;0;6;72.3
66;2/2018;SHC283;2;66;A;0;6;72.3
66;2/2018;SHC290;2;70;A;0;6;72.3
66;2/2018;COM259;2;83;A;0;6;72.3
66;2/2018;COM241;2;76;A;0;6;72.3
66;2/2018;COM299;2;69;A;1;6;72.3
66;1/2019;GEN349;3;68;A;0;7;58.1
66;1/2019;GEN325;3;71;A;0;7;58.1
66;1/2019;SHC307;3;55;A;0;7;58.1
66;1/2019;MAT395;3;13;R;0;7;58.1
66;1/2019;FIS340;3;71;A;0;7;58.1
66;1/2019;FIS359;3;76;A;1;7;58.1
66;1/2019;MAT308;3;53;A;0;7;58.1
66;2/2019;MAT395;3;56;A;0;4;58.2
66;2/2019;ADM490;4;43;R;0;4;58.2
66;2/2019;SIS488;4;78;A;0;4;58.2
66;2/2019;MAT472;4;56;A;0;4;58.2
66;1/2020;ADM490;4;79;A;0;6;66.8
66;1/2020;SIS555;5;66;A;0;6;66.8
66;1/2020;GEN529;5;72;A;1;6;66.8
66;1/2020;MAT579;5;77;A;0;6;66.8
66;1/2020;SHC533;5;51;A;0;6;66.8
66;1/2020;FIS584;5;56;A;0;6;66.8
66;2/2020;MAT694;6;67;A;0;7;64.0
66;2/2020;COM609;6;66;A;0;7;64.0
66;2/2020;ADM695;6;73;A;0;7;64.0
66;2/2020;MAT650;6;65;A;0;7;64.0
66;2/2020;SIS648;6;60;A;0;7;64.0
66;2/2020;MAT604;6;60;C;0;7;64.0
66;2/2020;ADM658;6;57;A;0;7;64.0
67;1/2018;ADM140;1;37;R;0;5;43.0
67;1/2018;FIS170;1;69;A;0;5;43.0
67;1/2018;COM110;1;0;R;0;5;43.0
67;1/2018;SIS164;1;76;A;0;5;43.0
67;1/2018;SIS150;1;33;R;0;5;43.0
67;2/2018;ADM140;1;20;R;1;7;43.7
67;2/2018;COM110;1;34;R;0;7;43.7
67;2/2018;SIS150;1;36;R;1;7;43.7
67;2/2018;ADM129;1;12;R;0;7;43.7
67;2/2018;SIS194;1;61;C;1;7;43.7
67;2/2018;COM111;1;75;A;0;7;43.7
67;2/2018;SIS177;1;68;C;0;7;43.7
67;1/2019;ADM140;1;53;A;0;4;53.0
67;1/2019;COM110;1;67;A;0;4;53.0
67;1/2019;SIS150;1;73;A;0;4;53.0
67;1/2019;ADM129;1;19;R;0;4;53.0
67;2/2019;ADM129;1;66;A;0;4;51.8
67;2/2019;MAT281;2;43;R;0;4;51.8
67;2/2019;ADM241;2;43;R;0;4;51.8
67;2/2019;MAT200;2;55;A;0;4;51.8
67;1/2020;MAT281;2;0;R;0;5;43.6
67;1/2020;ADM241;2;4;R;0;5;43.6
67;1/2020;GEN257;2;71;A;1;5;43.6
67;1/2020;GEN263;2;69;A;0;5;43.6
67;1/2020;SHC266;2;74;A;0;5;43.6
67;2/2020;MAT281;2;25;R;0;5;55.2
67;2/2020;ADM241;2;32;R;0;5;55.2
67;2/2020;FIS284;2;74;A;0;5;55.2
67;2/2020;SHC227;2;73;C;0;5;55.2
67;2/2020;SIS212;2;72;A;1;5;55.2
68;1/2018;GEN161;1;61;C;0;7;52.6
68;1/2018;MAT112;1;67;A;0;7;52.6
68;1/2018;SHC194;1;33;R;0;7;52.6
68;1/2018;SIS115;1;52;A;0;7;52.6
68;1/2018;FIS158;1;70;A;0;7;52.6
68;1/2018;MAT172;1;72;C;0;7;52.6
68;1/2018;ADM181;1;13;R;0;7;52.6
68;2/2018;SHC194;1;76;A;1;4;45.2
68;2/2018;ADM181;1;57;A;0;4;45.2
68;2/2018;SHC291;2;23;R;0;4;45.2
68;2/2018;SHC246;2;25;R;0;4;45.2
68;1/2019;SHC291;2;67;A;0;4;68.2
68;1/2019;SHC246;2;62;A;0;4;68.2
68;1/2019;MAT265;2;74;A;0;4;68.2
68;1/2019;FIS215;2;70;A;0;4;68.2
68;2/2019;SIS377;3;69;A;0;5;58.0
68;2/2019;ADM352;3;66;A;0;5;58.0
68;2/2019;FIS371;3;64;A;0;5;58.0
68;2/2019;SHC339;3;25;R;0;5;58.0
68;2/2019;FIS310;3;66;A;1;5;58.0
68;1/2020;SHC339;3;68;A;1;5;42.8
68;1/2020;ADM486;4;37;R;0;5;42.8
68;1/2020;ADM494;4;69;A;0;5;42.8
68;1/2020;COM472;4;23;R;0;5;42.8
68;1/2020;FIS459;4;17;R;1;5;42.8
68;2/2020;ADM486;4;71;A;0;4;36.8
68;2/2020;COM472;4;0;R;0;4;36.8
68;2/2020;FIS459;4;76;A;0;4;36.8
68;2/2020;ADM457;4;0;R;0;4;36.8
68;1/2021;COM472;4;80;C;1;4;64.2
68;1/2021;ADM457;4;76;A;0;4;64.2
68;1/2021;FIS416;4;69;A;0;4;64.2
68;1/2021;SIS445;4;32;R;0;4;64.2
68;2/2021;SIS445;4;16;R;0;7;51.0
68;2/2021;ADM530;5;67;A;0;7;51.0
68;2/2021;ADM508;5;71;A;0;7;51.0
68;2/2021;SHC501;5;69;A;1;7;51.0
68;2/2021;GEN551;5;27;R;0;7;51.0
68;2/2021;MAT572;5;25;R;1;7;51.0
68;2/2021;GEN557;5;82;A;0;7;51.0
68;1/2022;SIS445;4;48;R;1;4;51.5
68;1/2022;GEN551;5;30;R;0;4;51.5
68;1/2022;MAT572;5;54;A;0;4;51.5
68;1/2022;FIS583;5;74;A;0;4;51.5
69;1/2018;MAT156;1;59;A;0;5;72.8
69;1/2018;SIS156;1;80;A;0;5;72.8
69;1/2018;SHC179;1;79;A;0;5;72.8
69;1/2018;FIS109;1;79;A;0;5;72.8
69;1/2018;SIS148;1;67;A;0;5;72.8
69;2/2018;GEN217;2;61;A;0;6;52.3
69;2/2018;ADM222;2;80;A;0;6;52.3
69;2/2018;GEN235;2;79;A;0;6;52.3
69;2/2018;GEN224;2;17;R;0;6;52.3
69;2/2018;MAT242;2;20;R;0;6;52.3
69;2/2018;MAT220;2;57;A;0;6;52.3
69;1/2019;GEN224;2;78;A;0;5;65.0
69;1/2019;MAT242;2;21;R;0;5;65.0
69;1/2019;MAT310;3;67;A;0;5;65.0
69;1/2019;SIS360;3;84;A;0;5;65.0
69;1/2019;FIS386;3;75;A;0;5;65.0
69;2/2019;MAT242;2;70;A;0;7;62.0
69;2/2019;MAT421;4;49;R;0;7;62.0
69;2/2019;SHC447;4;21;R;0;7;62.0
69;2/2019;SIS420;4;83;A;0;7;62.0
69;2/2019;GEN438;4;68;A;1;7;62.0
69;2/2019;FIS481;4;67;A;0;7;62.0
69;2/2019;GEN451;4;76;A;0;7;62.0
69;1/2020;MAT421;4;78;A;0;7;60.9
69;1/2020;SHC447;4;67;A;0;7;60.9
69;1/2020;ADM520;5;40;R;0;7;60.9
69;1/2020;SIS576;5;32;R;0;7;60.9
69;1/2020;ADM565;5;78;A;0;7;60.9
69;1/2020;ADM560;5;62;A;1;7;60.9
69;1/2020;SHC581;5;69;A;0;7;60.9
69;2/2020;ADM520;5;54;C;0;4;50.5
69;2/2020;SIS576;5;63;A;0;4;50.5
69;2/2020;SIS626;6;72;A;0;4;50.5
69;2/2020;COM622;6;13;R;0;4;50.5
69;1/2021;COM622;6;14;R;1;5;57.8
69;1/2021;SIS749;7;70;A;0;5;57.8
69;1/2021;MAT756;7;73;A;1;5;57.8
69;1/2021;ADM723;7;72;A;0;5;57.8
69;1/2021;SIS713;7;60;A;1;5;57.8
69;2/2021;COM622;6;0;R;0;7;46.1
69;2/2021;SIS891;8;42;C;1;7;46.1
69;2/2021;ADM859;8;55;A;0;7;46.1
69;2/2021;FIS882;8;78;A;0;7;46.1
69;2/2021;COM816;8;62;A;0;7;46.1
69;2/2021;MAT846;8;32;R;0;7;46.1
69;2/2021;COM872;8;54;A;0;7;46.1
69;1/2022;COM622;6;18;R;1;5;60.0
69;1/2022;MAT846;8;68;A;0;5;60.0
69;1/2022;GEN984;9;80;A;0;5;60.0
69;1/2022;COM940;9;79;A;0;5;60.0
69;1/2022;FIS912;9;55;A;0;5;60.0
70;1/2020;COM141;1;67;A;0;7;63.7
70;1/2020;MAT168;1;14;R;1;7;63.7
70;1/2020;SIS110;1;78;A;0;7;63.7
70;1/2020;GEN198;1;85;A;0;7;63.7
70;1/2020;FIS104;1;66;A;0;7;63.7
70;1/2020;MAT155;1;54;A;1;7;63.7
70;1/2020;FIS115;1;82;A;0;7;63.7
70;2/2020;MAT168;1;76;A;0;6;72.5
70;2/2020;GEN285;2;77;A;1;6;72.5
70;2/2020;GEN204;2;71;A;1;6;72.5
70;2/2020;SHC204;2;89;A;0;6;72.5
70;2/2020;ADM203;2;66;A;0;6;72.5
70;2/2020;SIS201;2;56;A;0;6;72.5
70;1/2021;COM377;3;82;A;0;6;59.5
70;1/2021;COM370;3;62;A;1;6;59.5
70;1/2021;COM330;3;65;A;0;6;59.5
70;1/2021;ADM324;3;22;R;0;6;59.5
70;1/2021;ADM332;3;59;A;0;6;59.5
70;1/2021;COM321;3;67;A;0;6;59.5
70;2/2021;ADM324;3;40;R;0;7;59.9
70;2/2021;SIS471;4;45;R;0;7;59.9
70;2/2021;SHC459;4;77;A;0;7;59.9
70;2/2021;SIS436;4;62;A;0;7;59.9
70;2/2021;SIS489;4;69;A;1;7;59.9
70;2/2021;GEN492;4;73;A;0;7;59.9
70;2/2021;ADM457;4;53;A;1;7;59.9
70;1/2022;ADM324;3;32;R;0;7;47.1
70;1/2022;SIS471;4;45;R;0;7;47.1
70;1/2022;SHC568;5;38;R;0;7;47.1
70;1/2022;FIS589;5;95;A;0;7;47.1
70;1/2022;MAT584;5;67;A;1;7;47.1
70;1/2022;SIS522;5;29;R;0;7;47.1
70;1/2022;GEN580;5;24;R;0;7;47.1
70;2/2022;ADM324;3;59;A;1;5;48.6
70;2/2022;SIS471;4;58;A;0;5;48.6
70;2/2022;SHC568;5;71;A;0;5;48.6
70;2/2022;SIS522;5;18;R;0;5;48.6
70;2/2022;GEN580;5;37;R;0;5;48.6
70;1/2023;SIS522;5;73;A;0;4;78.2
70;1/2023;GEN580;5;89;A;0;4;78.2
70;1/2023;SHC533;5;67;A;0;4;78.2
70;1/2023;COM585;5;84;A;0;4;78.2
70;2/2023;FIS699;6;89;A;0;5;68.4
70;2/2023;ADM689;6;63;A;1;5;68.4
70;2/2023;ADM642;6;78;A;0;5;68.4
70;2/2023;SHC631;6;67;C;0;5;68.4
70;2/2023;COM676;6;45;R;0;5;68.4
70;1/2024;COM676;6;66;A;0;6;42.2
70;1/2024;FIS772;7;20;R;0;6;42.2
70;1/2024;GEN797;7;22;R;0;6;42.2
70;1/2024;SHC701;7;72;A;1;6;42.2
70;1/2024;SHC746;7;55;C;0;6;42.2
70;1/2024;ADM709;7;18;R;0;6;42.2
70;2/2024;FIS772;7;58;A;0;7;75.4
70;2/2024;GEN797;7;66;A;0;7;75.4
70;2/2024;ADM709;7;64;A;1;7;75.4
70;2/2024;MAT777;7;72;A;0;7;75.4
70;2/2024;SIS734;7;98;A;0;7;75.4
70;2/2024;FIS735;7;77;A;1;7;75.4
70;2/2024;FIS737;7;93;A;1;7;75.4
71;1/2019;SIS184;1;80;A;0;4;71.5
71;1/2019;ADM175;1;71;A;0;4;71.5
71;1/2019;FIS130;1;77;C;0;4;71.5
71;1/2019;SHC180;1;58;A;0;4;71.5
71;2/2019;FIS210;2;8;R;0;6;56.8
71;2/2019;SIS270;2;83;A;0;6;56.8
71;2/2019;MAT208;2;63;A;1;6;56.8
71;2/2019;SHC248;2;67;A;0;6;56.8
71;2/2019;SIS266;2;65;C;0;6;56.8
71;2/2019;MAT251;2;55;A;0;6;56.8
71;1/2020;FIS210;2;38;R;1;6;55.2
71;1/2020;GEN317;3;82;C;0;6;55.2
71;1/2020;COM374;3;77;A;1;6;55.2
71;1/2020;FIS385;3;48;R;0;6;55.2
71;1/2020;FIS360;3;20;R;0;6;55.2
71;1/2020;FIS367;3;66;A;0;6;55.2
71;2/2020;FIS210;2;73;A;1;7;64.3
71;2/2020;FIS385;3;66;A;0;7;64.3
71;2/2020;FIS360;3;68;A;0;7;64.3
71;2/2020;ADM384;3;66;A;0;7;64.3
71;2/2020;FIS388;3;39;R;0;7;64.3
71;2/2020;FIS352;3;62;A;0;7;64.3
71;2/2020;ADM374;3;76;A;0;7;64.3
71;1/2021;FIS388;3;66;A;0;5;67.2
71;1/2021;ADM440;4;76;A;0;5;67.2
71;1/2021;MAT414;4;76;A;0;5;67.2
71;1/2021;SHC494;4;50;R;0;5;67.2
71;1/2021;MAT485;4;68;A;0;5;67.2
71;2/2021;SHC494;4;70;A;0;4;58.2
71;2/2021;ADM587;5;41;R;0;4;58.2
71;2/2021;FIS511;5;57;A;0;4;58.2
71;2/2021;SIS516;5;65;A;0;4;58.2
71;1/2022;ADM587;5;61;C;0;6;50.7
71;1/2022;MAT623;6;65;A;0;6;50.7
71;1/2022;GEN637;6;22;R;0;6;50.7
71;1/2022;MAT668;6;96;A;0;6;50.7
71;1/2022;ADM642;6;13;R;0;6;50.7
71;1/2022;GEN695;6;47;R;0;6;50.7
71;2/2022;GEN637;6;50;R;0;7;58.0
71;2/2022;ADM642;6;59;A;1;7;58.0
71;2/2022;GEN695;6;73;C;0;7;58.0
71;2/2022;MAT617;6;65;A;1;7;58.0
71;2/2022;MAT664;6;64;A;0;7;58.0
71;2/2022;FIS602;6;74;A;0;7;58.0
71;2/2022;FIS684;6;21;R;0;7;58.0
72;1/2019;ADM160;1;62;A;0;5;70.4
72;1/2019;COM184;1;91;A;0;5;70.4
72;1/2019;ADM194;1;72;A;0;5;70.4
72;1/2019;FIS105;1;67;C;1;5;70.4
72;1/2019;GEN165;1;60;A;0;5;70.4
72;2/2019;MAT280;2;66;A;0;6;69.8
72;2/2019;SHC209;2;75;A;0;6;69.8
72;2/2019;GEN218;2;66;A;0;6;69.8
72;2/2019;SIS218;2;74;A;0;6;69.8
72;2/2019;SIS288;2;71;A;0;6;69.8
72;2/2019;GEN202;2;67;C;0;6;69.8
72;1/2020;ADM319;3;74;A;0;5;72.4
72;1/2020;SHC351;3;80;A;0;5;72.4
72;1/2020;MAT342;3;71;A;1;5;72.4
72;1/2020;MAT337;3;65;A;0;5;72.4
72;1/2020;GEN305;3;72;A;0;5;72.4
72;2/2020;FIS435;4;74;A;0;7;60.0
72;2/2020;COM446;4;13;R;0;7;60.0
72;2/2020;GEN439;4;77;A;0;7;60.0
72;2/2020;SHC485;4;62;A;0;7;60.0
72;2/2020;ADM434;4;74;A;0;7;60.0
72;2/2020;SHC478;4;52;A;0;7;60.0
72;2/2020;MAT481;4;68;A;0;7;60.0
72;1/2021;COM446;4;77;C;0;6;54.7
72;1/2021;GEN594;5;39;R;0;6;54.7
72;1/2021;SHC579;5;73;A;0;6;54.7
72;1/2021;SHC525;5;40;R;0;6;54.7
72;1/2021;ADM549;5;16;R;0;6;54.7
72;1/2021;GEN525;5;83;A;1;6;54.7
72;2/2021;GEN594;5;57;A;0;6;41.7
72;2/2021;SHC525;5;62;A;0;6;41.7
72;2/2021;ADM549;5;37;R;0;6;41.7
72;2/2021;SHC506;5;11;R;0;6;41.7
72;2/2021;SHC574;5;6;R;1;6;41.7
72;2/2021;SHC585;5;77;C;0;6;41.7
72;1/2022;ADM549;5;26;R;0;4;57.8
72;1/2022;SHC506;5;70;A;0;4;57.8
72;1/2022;SHC574;5;67;A;0;4;57.8
72;1/2022;FIS583;5;68;A;1;4;57.8
72;2/2022;ADM549;5;66;A;0;6;65.7
72;2/2022;SHC641;6;66;A;0;6;65.7
72;2/2022;COM631;6;62;A;0;6;65.7
72;2/2022;ADM668;6;75;A;0;6;65.7
72;2/2022;MAT613;6;69;A;1;6;65.7
72;2/2022;SIS640;6;56;A;0;6;65.7
72;1/2023;COM753;7;57;A;1;5;45.8
72;1/2023;COM775;7;13;R;0;5;45.8
72;1/2023;MAT725;7;71;A;0;5;45.8
72;1/2023;MAT713;7;63;A;0;5;45.8
72;1/2023;ADM781;7;25;R;0;5;45.8
73;1/2020;MAT159;1;67;A;0;5;51.8
73;1/2020;FIS153;1;29;R;0;5;51.8
73;1/2020;COM117;1;60;A;0;5;51.8
73;1/2020;SIS176;1;28;R;0;5;51.8
73;1/2020;ADM197;1;75;A;0;5;51.8
73;2/2020;FIS153;1;63;A;0;6;31.8
73;2/2020;SIS176;1;7;R;0;6;31.8
73;2/2020;SHC195;1;28;R;0;6;31.8
73;2/2020;SIS179;1;4;R;0;6;31.8
73;2/2020;ADM143;1;74;A;0;6;31.8
73;2/2020;GEN163;1;15;R;0;6;31.8
73;1/2021;SIS176;1;61;A;0;6;51.7
73;1/2021;SHC195;1;71;A;0;6;51.7
73;1/2021;SIS179;1;41;R;0;6;51.7
73;1/2021;GEN163;1;64;A;1;6;51.7
73;1/2021;FIS134;1;30;R;0;6;51.7
73;1/2021;FIS114;1;43;R;0;6;51.7
73;2/2021;SIS179;1;10;R;0;6;52.0
73;2/2021;FIS134;1;29;R;0;6;52.0
73;2/2021;FIS114;1;78;A;0;6;52.0
73;2/2021;SHC162;1;56;C;0;6;52.0
73;2/2021;GEN186;1;73;A;0;6;52.0
73;2/2021;FIS154;1;66;A;0;6;52.0
73;1/2022;SIS179;1;45;R;1;4;53.0
73;1/2022;FIS134;1;55;A;1;4;53.0
73;1/2022;SIS219;2;74;C;0;4;53.0
73;1/2022;COM274;2;38;R;0;4;53.0
73;2/2022;SIS179;1;34;R;0;6;44.5
73;2/2022;COM274;2;47;R;0;6;44.5
73;2/2022;SHC224;2;51;A;0;6;44.5
73;2/2022;ADM279;2;47;R;1;6;44.5
73;2/2022;MAT204;2;69;A;0;6;44.5
73;2/2022;COM274;2;19;R;0;6;44.5
73;1/2023;SIS179;1;55;A;0;7;62.4
73;1/2023;COM274;2;47;R;0;7;62.4
73;1/2023;ADM279;2;75;A;0;7;62.4
73;1/2023;COM274;2;96;A;0;7;62.4
73;1/2023;GEN237;2;67;A;0;7;62.4
73;1/2023;COM298;2;62;A;0;7;62.4
73;1/2023;ADM227;2;35;R;0;7;62.4
73;2/2023;COM274;2;47;R;0;7;63.7
73;2/2023;ADM227;2;74;C;0;7;63.7
73;2/2023;SHC388;3;77;A;1;7;63.7
73;2/2023;MAT384;3;50;R;0;7;63.7
73;2/2023;ADM345;3;87;A;1;7;63.7
73;2/2023;SHC346;3;38;R;0;7;63.7
73;2/2023;SHC321;3;73;A;0;7;63.7
74;1/2019;SIS156;1;31;R;0;7;37.0
74;1/2019;FIS127;1;10;R;0;7;37.0
74;1/2019;FIS130;1;65;A;1;7;37.0
74;1/2019;SHC125;1;67;A;0;7;37.0
74;1/2019;MAT196;1;64;A;0;7;37.0
74;1/2019;GEN159;1;16;R;0;7;37.0
74;1/2019;SHC170;1;6;R;0;7;37.0
74;2/2019;SIS156;1;33;R;0;5;37.2
74;2/2019;FIS127;1;23;R;0;5;37.2
74;2/2019;GEN159;1;18;R;0;5;37.2
74;2/2019;SHC170;1;21;R;0;5;37.2
74;2/2019;SIS170;1;91;A;0;5;37.2
74;1/2020;SIS156;1;65;A;0;6;64.0
74;1/2020;FIS127;1;63;A;0;6;64.0
74;1/2020;GEN159;1;61;A;0;6;64.0
74;1/2020;SHC170;1;65;C;0;6;64.0
74;1/2020;MAT154;1;65;A;0;6;64.0
74;1/2020;GEN162;1;65;A;0;6;64.0
74;2/2020;GEN221;2;67;A;0;6;68.0
74;2/2020;SIS237;2;67;A;0;6;68.0
74;2/2020;SIS278;2;80;A;1;6;68.0
74;2/2020;GEN292;2;16;R;0;6;68.0
74;2/2020;SIS286;2;92;A;0;6;68.0
74;2/2020;MAT263;2;86;A;0;6;68.0
74;1/2021;GEN292;2;85;A;0;4;64.2
74;1/2021;FIS385;3;12;R;1;4;64.2
74;1/2021;SIS334;3;66;A;0;4;64.2
74;1/2021;COM388;3;94;A;0;4;64.2
74;2/2021;FIS385;3;29;R;0;4;44.8
74;2/2021;ADM429;4;9;R;0;4;44.8
74;2/2021;ADM495;4;78;A;0;4;44.8
74;2/2021;COM460;4;63;A;0;4;44.8
75;1/2020;ADM122;1;62;A;0;5;64.0
75;1/2020;MAT160;1;73;A;0;5;64.0
75;1/2020;SHC150;1;65;A;0;5;64.0
75;1/2020;GEN162;1;64;A;0;5;64.0
75;1/2020;SHC172;1;56;A;0;5;64.0
75;2/2020;SHC236;2;59;A;0;5;63.8
75;2/2020;GEN202;2;66;A;1;5;63.8
75;2/2020;GEN250;2;72;A;0;5;63.8
75;2/2020;ADM256;2;82;A;0;5;63.8
75;2/2020;GEN220;2;40;R;0;5;63.8
75;1/2021;GEN220;2;25;R;0;7;50.6
75;1/2021;COM316;3;58;A;0;7;50.6
75;1/2021;COM323;3;77;A;0;7;50.6
75;1/2021;COM333;3;65;C;0;7;50.6
75;1/2021;SIS385;3;65;A;0;7;50.6
75;1/2021;COM344;3;0;R;0;7;50.6
75;1/2021;SHC399;3;64;A;0;7;50.6
75;2/2021;GEN220;2;53;A;0;4;60.5
75;2/2021;COM344;3;54;A;0;4;60.5
75;2/2021;MAT482;4;51;A;0;4;60.5
75;2/2021;ADM445;4;84;A;0;4;60.5
75;1/2022;ADM581;5;72;A;1;4;67.5
75;1/2022;COM557;5;68;A;0;4;67.5
75;1/2022;GEN516;5;71;C;0;4;67.5
75;1/2022;GEN541;5;59;A;0;4;67.5
75;2/2022;FIS634;6;66;A;0;4;71.8
75;2/2022;SIS600;6;78;A;0;4;71.8
75;2/2022;MAT603;6;76;A;0;4;71.8
75;2/2022;MAT622;6;67;A;0;4;71.8
75;1/2023;FIS723;7;59;A;0;7;65.6
75;1/2023;SHC711;7;59;A;0;7;65.6
75;1/2023;FIS760;7;62;A;0;7;65.6
75;1/2023;SIS768;7;58;C;0;7;65.6
75;1/2023;FIS719;7;66;A;0;7;65.6
75;1/2023;FIS794;7;82;A;0;7;65.6
75;1/2023;SIS727;7;73;A;0;7;65.6
75;2/2023;ADM860;8;50;R;0;5;70.4
75;2/2023;MAT834;8;89;A;1;5;70.4
75;2/2023;FIS825;8;70;A;0;5;70.4
75;2/2023;MAT891;8;67;C;0;5;70.4
75;2/2023;MAT899;8;76;A;0;5;70.4
75;1/2024;ADM860;8;78;A;0;4;50.5
75;1/2024;MAT989;9;57;A;0;4;50.5
75;1/2024;ADM938;9;49;R;0;4;50.5
75;1/2024;SIS947;9;18;R;1;4;50.5
76;1/2019;ADM189;1;32;R;1;7;65.7
76;1/2019;GEN171;1;84;A;1;7;65.7
76;1/2019;MAT101;1;81;A;0;7;65.7
76;1/2019;MAT126;1;73;A;0;7;65.7
76;1/2019;SHC154;1;74;A;0;7;65.7
76;1/2019;ADM101;1;41;R;0;7;65.7
76;1/2019;GEN181;1;75;A;0;7;65.7
76;2/2019;ADM189;1;82;A;0;7;63.9
76;2/2019;ADM101;1;64;A;0;7;63.9
76;2/2019;COM229;2;44;R;0;7;63.9
76;2/2019;GEN295;2;48;R;0;7;63.9
76;2/2019;GEN271;2;81;A;0;7;63.9
76;2/2019;MAT230;2;60;A;0;7;63.9
76;2/2019;GEN235;2;68;A;1;7;63.9
76;1/2020;COM229;2;68;A;1;5;62.6
76;1/2020;GEN295;2;70;C;1;5;62.6
76;1/2020;FIS389;3;67;A;0;5;62.6
76;1/2020;FIS310;3;36;R;0;5;62.6
76;1/2020;FIS335;3;72;A;0;5;62.6
76;2/2020;FIS310;3;90;A;0;4;76.0
76;2/2020;ADM449;4;68;C;0;4;76.0
76;2/2020;FIS413;4;58;A;0;4;76.0
76;2/2020;GEN449;4;88;A;1;4;76.0
76;1/2021;FIS547;5;68;A;0;7;72.3
76;1/2021;ADM508;5;91;A;1;7;72.3
76;1/2021;SIS590;5;72;A;0;7;72.3
76;1/2021;COM523;5;69;A;0;7;72.3
76;1/2021;ADM502;5;75;A;0;7;72.3
76;1/2021;MAT538;5;76;A;0;7;72.3
76;1/2021;GEN586;5;55;A;1;7;72.3
76;2/2021;FIS602;6;55;C;0;6;61.5
76;2/2021;COM662;6;79;A;0;6;61.5
76;2/2021;GEN626;6;62;A;1;6;61.5
76;2/2021;MAT629;6;66;A;1;6;61.5
76;2/2021;ADM619;6;55;A;0;6;61.5
76;2/2021;SHC663;6;52;A;0;6;61.5
76;1/2022;ADM796;7;61;A;0;4;67.2
76;1/2022;GEN743;7;68;A;0;4;67.2
76;1/2022;SHC761;7;70;A;0;4;67.2
76;1/2022;FIS706;7;70;A;0;4;67.2
77;1/2018;SHC140;1;48;R;0;6;49.3
77;1/2018;SHC145;1;27;R;0;6;49.3
77;1/2018;ADM176;1;58;C;0;6;49.3
77;1/2018;ADM174;1;20;R;0;6;49.3
77;1/2018;GEN166;1;73;A;1;6;49.3
77;1/2018;SIS133;1;70;A;0;6;49.3
77;2/2018;SHC140;1;33;R;0;6;51.5
77;2/2018;SHC145;1;77;A;1;6;51.5
77;2/2018;ADM174;1;42;R;0;6;51.5
77;2/2018;SIS161;1;78;A;0;6;51.5
77;2/2018;COM161;1;41;R;1;6;51.5
77;2/2018;SHC151;1;38;R;0;6;51.5
77;1/2019;SHC140;1;77;A;0;5;75.4
77;1/2019;ADM174;1;67;A;0;5;75.4
77;1/2019;COM161;1;73;A;1;5;75.4
77;1/2019;SHC151;1;86;A;0;5;75.4
77;1/2019;MAT155;1;74;A;1;5;75.4
77;2/2019;SHC207;2;63;A;0;6;62.3
77;2/2019;ADM245;2;80;A;1;6;62.3
77;2/2019;MAT288;2;48;R;1;6;62.3
77;2/2019;FIS267;2;83;A;0;6;62.3
77;2/2019;COM249;2;33;R;0;6;62.3
77;2/2019;SHC270;2;67;A;0;6;62.3
77;1/2020;MAT288;2;54;A;0;7;47.9
77;1/2020;COM249;2;67;A;0;7;47.9
77;1/2020;ADM305;3;7;R;0;7;47.9
77;1/2020;ADM376;3;46;R;0;7;47.9
77;1/2020;ADM325;3;78;A;0;7;47.9
77;1/2020;MAT336;3;27;R;0;7;47.9
77;1/2020;GEN324;3;56;A;0;7;47.9
77;2/2020;ADM305;3;73;A;0;6;54.5
77;2/2020;ADM376;3;6;R;0;6;54.5
77;2/2020;MAT336;3;45;R;0;6;54.5
77;2/2020;SHC310;3;74;A;0;6;54.5
77;2/2020;GEN376;3;81;A;0;6;54.5
77;2/2020;ADM362;3;48;R;0;6;54.5
77;1/2021;ADM376;3;25;R;0;7;49.3
77;1/2021;MAT336;3;21;R;1;7;49.3
77;1/2021;ADM362;3;91;A;0;7;49.3
77;1/2021;ADM344;3;32;R;0;7;49.3
77;1/2021;ADM365;3;33;R;1;7;49.3
77;1/2021;MAT313;3;66;A;0;7;49.3
77;1/2021;GEN398;3;77;A;1;7;49.3
77;2/2021;ADM376;3;77;A;0;7;61.6
77;2/2021;MAT336;3;11;R;1;7;61.6
77;2/2021;ADM344;3;41;R;0;7;61.6
77;2/2021;ADM365;3;71;A;0;7;61.6
77;2/2021;ADM316;3;82;A;0;7;61.6
77;2/2021;MAT393;3;82;A;0;7;61.6
77;2/2021;FIS334;3;67;A;0;7;61.6
77;1/2022;MAT336;3;25;R;0;7;63.7
77;1/2022;ADM344;3;47;R;1;7;63.7
77;1/2022;FIS436;4;83;A;0;7;63.7
77;1/2022;COM403;4;70;A;0;7;63.7
77;1/2022;MAT407;4;67;A;0;7;63.7
77;1/2022;GEN489;4;80;C;0;7;63.7
77;1/2022;SIS418;4;74;A;0;7;63.7
77;2/2022;MAT336;3;69;C;0;7;65.3
77;2/2022;ADM344;3;39;R;0;7;65.3
77;2/2022;GEN556;5;67;A;0;7;65.3
77;2/2022;GEN571;5;82;A;1;7;65.3
77;2/2022;ADM537;5;62;A;0;7;65.3
77;2/2022;GEN538;5;72;A;0;7;65.3
77;2/2022;COM508;5;66;C;0;7;65.3
78;1/2018;COM196;1;86;A;0;5;75.0
78;1/2018;COM197;1;84;A;0;5;75.0
78;1/2018;COM162;1;64;A;0;5;75.0
78;1/2018;SHC192;1;62;A;0;5;75.0
78;1/2018;SIS146;1;79;A;0;5;75.0
78;2/2018;GEN243;2;55;A;0;5;65.0
78;2/2018;FIS262;2;60;A;1;5;65.0
78;2/2018;SHC278;2;82;A;0;5;65.0
78;2/2018;FIS216;2;53;A;0;5;65.0
78;2/2018;GEN254;2;75;C;0;5;65.0
78;1/2019;COM313;3;62;A;0;4;61.0
78;1/2019;SIS371;3;77;A;0;4;61.0
78;1/2019;FIS390;3;27;R;0;4;61.0
78;1/2019;GEN382;3;78;A;0;4;61.0
78;2/2019;FIS390;3;76;A;0;6;67.2
78;2/2019;GEN462;4;55;A;0;6;67.2
78;2/2019;GEN477;4;77;A;0;6;67.2
78;2/2019;COM425;4;63;A;1;6;67.2
78;2/2019;MAT487;4;68;A;0;6;67.2
78;2/2019;SHC460;4;64;A;1;6;67.2
78;1/2020;ADM555;5;69;A;0;7;64.9
78;1/2020;FIS540;5;67;C;0;7;64.9
78;1/2020;GEN519;5;58;A;0;7;64.9
78;1/2020;SHC541;5;18;R;1;7;64.9
78;1/2020;SIS514;5;83;C;0;7;64.9
78;1/2020;ADM536;5;68;A;0;7;64.9
78;1/2020;MAT591;5;91;A;0;7;64.9
78;2/2020;SHC541;5;79;A;1;5;69.6
78;2/2020;ADM600;6;77;A;1;5;69.6
78;2/2020;COM679;6;68;A;0;5;69.6
78;2/2020;FIS647;6;59;A;1;5;69.6
78;2/2020;ADM673;6;65;A;0;5;69.6
79;1/2019;COM120;1;65;A;0;7;61.0
79;1/2019;FIS114;1;79;A;0;7;61.0
79;1/2019;FIS194;1;14;R;1;7;61.0
79;1/2019;COM155;1;65;A;0;7;61.0
79;1/2019;GEN111;1;69;A;0;7;61.0
79;1/2019;SHC171;1;56;A;0;7;61.0
79;1/2019;COM150;1;79;A;1;7;61.0
79;2/2019;FIS194;1;71;A;0;6;67.0
79;2/2019;COM233;2;53;A;0;6;67.0
79;2/2019;SIS298;2;59;A;0;6;67.0
79;2/2019;GEN259;2;80;A;0;6;67.0
79;2/2019;ADM277;2;60;A;0;6;67.0
79;2/2019;COM266;2;79;A;0;6;67.0
79;1/2020;ADM356;3;69;A;0;4;69.2
79;1/2020;GEN379;3;70;A;0;4;69.2
79;1/2020;SHC387;3;73;A;0;4;69.2
79;1/2020;SIS352;3;65;A;0;4;69.2
79;2/2020;GEN435;4;64;A;0;7;56.9
79;2/2020;SHC469;4;66;A;0;7;56.9
79;2/2020;MAT452;4;64;A;1;7;56.9
79;2/2020;SHC485;4;40;R;0;7;56.9
79;2/2020;COM419;4;69;A;0;7;56.9
79;2/2020;MAT456;4;23;R;0;7;56.9
79;2/2020;SIS453;4;72;A;0;7;56.9
79;1/2021;SHC485;4;87;A;0;6;67.2
79;1/2021;MAT456;4;79;A;0;6;67.2
79;1/2021;SIS538;5;35;R;0;6;67.2
79;1/2021;SHC529;5;54;A;0;6;67.2
79;1/2021;SIS573;5;60;A;0;6;67.2
79;1/2021;GEN552;5;88;A;0;6;67.2
79;2/2021;SIS538;5;70;A;0;7;62.4
79;2/2021;FIS635;6;84;A;0;7;62.4
79;2/2021;ADM670;6;61;A;0;7;62.4
79;2/2021;COM608;6;46;R;0;7;62.4
79;2/2021;ADM606;6;56;A;0;7;62.4
79;2/2021;FIS664;6;65;A;0;7;62.4
79;2/2021;ADM612;6;55;A;0;7;62.4
80;1/2018;GEN187;1;60;C;0;6;46.3
80;1/2018;ADM159;1;68;A;0;6;46.3
80;1/2018;FIS140;1;64;A;0;6;46.3
80;1/2018;SIS198;1;37;R;0;6;46.3
80;1/2018;FIS173;1;25;R;1;6;46.3
80;1/2018;COM100;1;24;R;0;6;46.3
80;2/2018;SIS198;1;17;R;0;4;41.8
80;2/2018;FIS173;1;63;A;0;4;41.8
80;2/2018;COM100;1;12;R;0;4;41.8
80;2/2018;SHC107;1;75;A;0;4;41.8
80;1/2019;SIS198;1;72;A;1;7;60.4
80;1/2019;COM100;1;56;A;0;7;60.4
80;1/2019;MAT194;1;64;A;0;7;60.4
80;1/2019;SHC150;1;74;C;0;7;60.4
80;1/2019;MAT199;1;25;R;0;7;60.4
80;1/2019;FIS147;1;62;A;0;7;60.4
80;1/2019;COM153;1;70;A;0;7;60.4
80;2/2019;MAT199;1;72;A;0;6;54.3
80;2/2019;COM284;2;62;A;0;6;54.3
80;2/2019;COM267;2;54;A;1;6;54.3
80;2/2019;GEN252;2;60;A;0;6;54.3
80;2/2019;COM279;2;32;R;0;6;54.3
80;2/2019;SIS288;2;46;R;0;6;54.3
80;1/2020;COM279;2;50;R;0;5;66.4
80;1/2020;SIS288;2;64;A;0;5;66.4
80;1/2020;SIS341;3;72;A;0;5;66.4
80;1/2020;COM392;3;75;C;1;5;66.4
80;1/2020;FIS311;3;71;A;0;5;66.4
80;2/2020;COM279;2;77;A;0;4;56.0
80;2/2020;COM452;4;55;A;0;4;56.0
80;2/2020;SIS436;4;37;R;0;4;56.0
80;2/2020;ADM492;4;55;A;0;4;56.0
80;1/2021;SIS436;4;36;R;0;6;56.5
80;1/2021;COM502;5;75;A;0;6;56.5
80;1/2021;GEN500;5;74;A;0;6;56.5
80;1/2021;FIS544;5;26;R;0;6;56.5
80;1/2021;COM593;5;63;C;0;6;56.5
80;1/2021;SHC543;5;65;A;0;6;56.5
80;2/2021;SIS436;4;64;C;1;7;59.9
80;2/2021;FIS544;5;65;C;0;7;59.9
80;2/2021;SHC650;6;26;R;0;7;59.9
80;2/2021;SIS605;6;56;A;0;7;59.9
80;2/2021;COM663;6;53;A;0;7;59.9
80;2/2021;COM660;6;80;A;0;7;59.9
80;2/2021;GEN690;6;75;A;1;7;59.9
81;1/2019;GEN100;1;48;C;0;7;58.4
81;1/2019;GEN129;1;62;A;0;7;58.4
81;1/2019;GEN134;1;82;A;0;7;58.4
81;1/2019;SIS165;1;65;A;0;7;58.4
81;1/2019;ADM151;1;73;C;1;7;58.4
81;1/2019;FIS110;1;62;A;0;7;58.4
81;1/2019;COM179;1;17;R;0;7;58.4
81;2/2019;COM179;1;70;A;0;6;62.5
81;2/2019;COM277;2;58;A;1;6;62.5
81;2/2019;COM269;2;79;A;0;6;62.5
81;2/2019;ADM225;2;67;A;1;6;62.5
81;2/2019;GEN259;2;33;R;0;6;62.5
81;2/2019;COM216;2;68;A;0;6;62.5
81;1/2020;GEN259;2;57;A;0;4;53.2
81;1/2020;COM304;3;24;R;0;4;53.2
81;1/2020;FIS341;3;72;A;0;4;53.2
81;1/2020;ADM335;3;60;A;0;4;53.2
81;2/2020;COM304;3;74;A;0;7;67.7
81;2/2020;ADM411;4;71;A;0;7;67.7
81;2/2020;COM452;4;81;A;0;7;67.7
81;2/2020;SHC434;4;79;A;0;7;67.7
81;2/2020;FIS403;4;72;A;1;7;67.7
81;2/2020;SIS439;4;46;R;1;7;67.7
81;2/2020;MAT467;4;51;A;0;7;67.7
81;1/2021;SIS439;4;69;C;0;6;62.3
81;1/2021;ADM539;5;58;A;0;6;62.3
81;1/2021;GEN581;5;60;A;0;6;62.3
81;1/2021;GEN561;5;59;A;0;6;62.3
81;1/2021;SHC594;5;65;A;0;6;62.3
81;1/2021;GEN559;5;63;C;0;6;62.3
81;2/2021;MAT639;6;58;A;1;5;62.4
81;2/2021;MAT616;6;65;A;0;5;62.4
81;2/2021;COM650;6;72;A;0;5;62.4
81;2/2021;SIS683;6;57;A;0;5;62.4
81;2/2021;SHC688;6;60;A;0;5;62.4
81;1/2022;SIS761;7;83;A;0;7;61.7
81;1/2022;COM758;7;61;A;0;7;61.7
81;1/2022;ADM791;7;69;A;0;7;61.7
81;1/2022;ADM717;7;66;A;1;7;61.7
81;1/2022;FIS707;7;58;A;0;7;61.7
81;1/2022;COM725;7;46;R;0;7;61.7
81;1/2022;SHC723;7;49;R;0;7;61.7
81;2/2022;COM725;7;48;R;0;6;65.3
81;2/2022;SHC723;7;73;A;0;6;65.3
81;2/2022;SHC827;8;83;C;1;6;65.3
81;2/2022;FIS811;8;54;A;0;6;65.3
81;2/2022;FIS822;8;64;A;0;6;65.3
81;2/2022;COM860;8;70;A;0;6;65.3
81;1/2023;COM725;7;66;A;0;5;69.6
81;1/2023;ADM967;9;70;A;0;5;69.6
81;1/2023;FIS918;9;74;A;1;5;69.6
81;1/2023;MAT907;9;60;A;0;5;69.6
81;1/2023;GEN985;9;78;A;0;5;69.6
81;2/2023;MAT1025;10;80;C;0;6;77.5
81;2/2023;SIS1031;10;81;A;0;6;77.5
81;2/2023;MAT1089;10;72;A;0;6;77.5
81;2/2023;ADM1028;10;78;A;0;6;77.5
81;2/2023;SHC1034;10;77;A;0;6;77.5
81;2/2023;SHC1077;10;77;A;0;6;77.5
82;1/2018;ADM158;1;64;A;0;6;65.7
82;1/2018;SHC132;1;81;A;0;6;65.7
82;1/2018;SIS130;1;62;A;0;6;65.7
82;1/2018;FIS164;1;78;A;0;6;65.7
82;1/2018;SIS126;1;74;A;0;6;65.7
82;1/2018;MAT149;1;35;R;0;6;65.7
82;2/2018;MAT149;1;76;A;0;4;73.5
82;2/2018;FIS211;2;82;C;0;4;73.5
82;2/2018;MAT208;2;62;A;0;4;73.5
82;2/2018;FIS200;2;74;A;0;4;73.5
82;1/2019;FIS384;3;71;A;1;4;67.5
82;1/2019;SIS342;3;48;R;0;4;67.5
82;1/2019;ADM316;3;69;A;0;4;67.5
82;1/2019;FIS386;3;82;A;0;4;67.5
82;2/2019;SIS342;3;18;R;0;7;53.3
82;2/2019;FIS496;4;74;A;1;7;53.3
82;2/2019;GEN408;4;20;R;0;7;53.3
82;2/2019;FIS495;4;67;A;0;7;53.3
82;2/2019;FIS448;4;72;A;0;7;53.3
82;2/2019;ADM452;4;56;A;0;7;53.3
82;2/2019;FIS468;4;66;A;0;7;53.3
82;1/2020;SIS342;3;66;A;0;4;74.5
82;1/2020;GEN408;4;62;A;1;4;74.5
82;1/2020;FIS596;5;93;A;0;4;74.5
82;1/2020;FIS517;5;77;A;0;4;74.5
82;2/2020;MAT693;6;73;C;0;7;75.4
82;2/2020;SIS620;6;79;A;0;7;75.4
82;2/2020;COM667;6;65;A;0;7;75.4
82;2/2020;SIS665;6;58;A;1;7;75.4
82;2/2020;GEN628;6;83;A;0;7;75.4
82;2/2020;FIS647;6;87;A;0;7;75.4
82;2/2020;SIS608;6;83;A;0;7;75.4
82;1/2021;SIS759;7;87;A;0;4;75.8
82;1/2021;GEN753;7;73;A;0;4;75.8
82;1/2021;COM732;7;74;C;0;4;75.8
82;1/2021;MAT765;7;69;A;0;4;75.8
83;1/2018;MAT144;1;87;A;0;7;69.1
83;1/2018;COM149;1;68;A;0;7;69.1
83;1/2018;COM169;1;67;A;0;7;69.1
83;1/2018;COM199;1;68;A;1;7;69.1
83;1/2018;ADM101;1;65;A;0;7;69.1
83;1/2018;GEN141;1;55;A;0;7;69.1
83;1/2018;ADM116;1;74;A;0;7;69.1
83;2/2018;SHC293;2;77;A;1;5;69.4
83;2/2018;SIS231;2;53;A;0;5;69.4
83;2/2018;MAT230;2;55;C;0;5;69.4
83;2/2018;SIS240;2;84;C;0;5;69.4
83;2/2018;MAT257;2;78;A;0;5;69.4
83;1/2019;COM308;3;80;A;0;6;72.2
83;1/2019;SIS389;3;79;A;0;6;72.2
83;1/2019;COM379;3;77;A;0;6;72.2
83;1/2019;GEN324;3;73;A;0;6;72.2
83;1/2019;MAT352;3;63;A;1;6;72.2
83;1/2019;SIS366;3;61;A;0;6;72.2
83;2/2019;ADM476;4;50;C;0;7;71.9
83;2/2019;COM458;4;84;A;0;7;71.9
83;2/2019;COM483;4;67;C;0;7;71.9
83;2/2019;COM478;4;79;A;0;7;71.9
83;2/2019;SHC459;4;72;A;0;7;71.9
83;2/2019;COM405;4;84;C;0;7;71.9
83;2/2019;SHC441;4;67;C;0;7;71.9
83;1/2020;GEN577;5;72;A;0;4;65.8
83;1/2020;COM571;5;46;C;0;4;65.8
83;1/2020;ADM522;5;76;A;0;4;65.8
83;1/2020;GEN528;5;69;A;0;4;65.8
83;2/2020;COM677;6;67;A;0;5;66.6
83;2/2020;COM693;6;56;A;0;5;66.6
83;2/2020;SHC641;6;69;A;0;5;66.6
83;2/2020;COM672;6;84;A;0;5;66.6
83;2/2020;FIS661;6;57;A;0;5;66.6
83;1/2021;GEN742;7;70;A;0;4;68.0
83;1/2021;MAT715;7;63;A;0;4;68.0
83;1/2021;COM722;7;73;A;1;4;68.0
83;1/2021;SIS790;7;66;A;0;4;68.0
83;2/2021;GEN813;8;71;A;0;6;65.0
83;2/2021;SIS885;8;64;A;0;6;65.0
83;2/2021;SIS884;8;80;A;0;6;65.0
83;2/2021;MAT832;8;58;A;0;6;65.0
83;2/2021;ADM818;8;65;A;0;6;65.0
83;2/2021;COM886;8;52;C;0;6;65.0
84;1/2018;SHC176;1;36;R;0;6;65.0
84;1/2018;GEN187;1;77;A;0;6;65.0
84;1/2018;ADM162;1;68;A;1;6;65.0
84;1/2018;MAT141;1;83;A;0;6;65.0
84;1/2018;FIS149;1;77;A;0;6;65.0
84;1/2018;FIS137;1;49;R;0;6;65.0
84;2/2018;SHC176;1;77;A;0;5;36.2
84;2/2018;FIS137;1;13;R;0;5;36.2
84;2/2018;COM246;2;15;R;0;5;36.2
84;2/2018;SIS237;2;16;R;0;5;36.2
84;2/2018;GEN272;2;60;A;0;5;36.2
84;1/2019;FIS137;1;26;R;0;4;58.0
84;1/2019;COM246;2;78;A;0;4;58.0
84;1/2019;SIS237;2;63;A;0;4;58.0
84;1/2019;MAT284;2;65;A;0;4;58.0
84;2/2019;FIS137;1;68;A;0;4;61.0
84;2/2019;SHC300;3;64;A;0;4;61.0
84;2/2019;SHC368;3;43;R;0;4;61.0
84;2/2019;COM366;3;69;A;0;4;61.0
84;1/2020;SHC368;3;61;A;1;6;48.0
84;1/2020;GEN414;4;75;A;0;6;48.0
84;1/2020;SHC450;4;21;R;0;6;48.0
84;1/2020;SIS414;4;32;R;0;6;48.0
84;1/2020;SIS440;4;36;R;0;6;48.0
84;1/2020;MAT494;4;63;A;0;6;48.0
84;2/2020;SHC450;4;70;A;0;5;58.0
84;2/2020;SIS414;4;64;A;0;5;58.0
84;2/2020;SIS440;4;68;C;0;5;58.0
84;2/2020;ADM423;4;33;R;0;5;58.0
84;2/2020;SIS495;4;55;A;0;5;58.0
84;1/2021;ADM423;4;48;R;0;4;63.8
84;1/2021;FIS544;5;73;A;0;4;63.8
84;1/2021;GEN592;5;59;A;0;4;63.8
84;1/2021;SHC519;5;75;A;0;4;63.8
84;2/2021;ADM423;4;55;A;0;7;63.1
84;2/2021;SIS683;6;11;R;0;7;63.1
84;2/2021;GEN676;6;48;R;0;7;63.1
84;2/2021;COM645;6;77;A;0;7;63.1
84;2/2021;SIS608;6;75;A;0;7;63.1
84;2/2021;GEN633;6;87;A;0;7;63.1
84;2/2021;SIS638;6;89;C;0;7;63.1
84;1/2022;SIS683;6;23;R;0;6;69.3
84;1/2022;GEN676;6;85;C;0;6;69.3
84;1/2022;GEN763;7;68;A;1;6;69.3
84;1/2022;SIS728;7;100;A;0;6;69.3
84;1/2022;COM747;7;78;C;0;6;69.3
84;1/2022;FIS788;7;62;A;0;6;69.3
84;2/2022;SIS683;6;15;R;0;5;65.4
84;2/2022;ADM816;8;77;A;0;5;65.4
84;2/2022;SIS841;8;76;A;0;5;65.4
84;2/2022;FIS800;8;73;A;0;5;65.4
84;2/2022;SIS893;8;86;A;0;5;65.4
85;1/2018;SHC128;1;58;A;0;6;45.7
85;1/2018;GEN119;1;26;R;0;6;45.7
85;1/2018;GEN186;1;69;A;1;6;45.7
85;1/2018;MAT160;1;62;A;0;6;45.7
85;1/2018;ADM136;1;49;R;0;6;45.7
85;1/2018;MAT167;1;10;R;0;6;45.7
85;2/2018;GEN119;1;73;A;1;7;55.3
85;2/2018;ADM136;1;76;A;0;7;55.3
85;2/2018;MAT167;1;17;R;0;7;55.3
85;2/2018;SIS122;1;69;A;0;7;55.3
85;2/2018;FIS119;1;52;A;0;7;55.3
85;2/2018;ADM171;1;72;A;0;7;55.3
85;2/2018;MAT168;1;28;R;0;7;55.3
85;1/2019;MAT167;1;71;A;0;4;68.2
85;1/2019;MAT168;1;44;R;0;4;68.2
85;1/2019;FIS238;2;76;A;0;4;68.2
85;1/2019;SHC295;2;82;A;0;4;68.2
85;2/2019;MAT168;1;67;A;0;7;45.9
85;2/2019;MAT332;3;11;R;0;7;45.9
85;2/2019;ADM346;3;77;A;0;7;45.9
85;2/2019;SHC372;3;12;R;0;7;45.9
85;2/2019;MAT357;3;65;A;0;7;45.9
85;2/2019;ADM303;3;81;A;0;7;45.9
85;2/2019;MAT335;3;8;R;0;7;45.9
85;1/2020;MAT332;3;67;A;0;7;67.0
85;1/2020;SHC372;3;74;A;0;7;67.0
85;1/2020;MAT335;3;70;C;0;7;67.0
85;1/2020;ADM365;3;68;C;0;7;67.0
85;1/2020;ADM326;3;61;A;0;7;67.0
85;1/2020;COM358;3;70;A;0;7;67.0
85;1/2020;GEN361;3;59;A;0;7;67.0
85;2/2020;SHC436;4;40;R;1;5;51.2
85;2/2020;COM400;4;51;A;0;5;51.2
85;2/2020;SHC484;4;54;A;0;5;51.2
85;2/2020;SIS432;4;22;R;0;5;51.2
85;2/2020;GEN440;4;89;A;0;5;51.2
85;1/2021;SHC436;4;75;A;0;7;65.1
85;1/2021;SIS432;4;69;A;0;7;65.1
85;1/2021;MAT439;4;55;A;0;7;65.1
85;1/2021;SHC495;4;56;A;0;7;65.1
85;1/2021;ADM455;4;67;A;0;7;65.1
85;1/2021;MAT486;4;65;A;0;7;65.1
85;1/2021;MAT463;4;69;C;0;7;65.1
85;2/2021;SHC559;5;58;A;0;7;55.3
85;2/2021;SIS541;5;11;R;0;7;55.3
85;2/2021;ADM536;5;27;R;1;7;55.3
85;2/2021;FIS540;5;67;A;0;7;55.3
85;2/2021;SIS503;5;85;A;1;7;55.3
85;2/2021;ADM538;5;71;A;1;7;55.3
85;2/2021;SIS590;5;68;A;0;7;55.3
86;1/2020;FIS178;1;84;A;1;5;67.4
86;1/2020;FIS169;1;65;A;0;5;67.4
86;1/2020;MAT192;1;70;A;0;5;67.4
86;1/2020;SIS101;1;49;R;0;5;67.4
86;1/2020;COM176;1;69;A;1;5;67.4
86;2/2020;SIS101;1;55;C;0;5;55.2
86;2/2020;COM271;2;61;A;0;5;55.2
86;2/2020;COM277;2;73;A;0;5;55.2
86;2/2020;MAT245;2;29;R;0;5;55.2
86;2/2020;MAT218;2;58;A;0;5;55.2
86;1/2021;MAT245;2;68;A;0;4;62.0
86;1/2021;MAT336;3;45;R;0;4;62.0
86;1/2021;COM328;3;67;A;0;4;62.0
86;1/2021;MAT308;3;68;A;0;4;62.0
86;2/2021;MAT336;3;77;A;0;4;66.5
86;2/2021;SIS437;4;60;A;1;4;66.5
86;2/2021;FIS417;4;69;A;1;4;66.5
86;2/2021;SHC430;4;60;C;0;4;66.5
86;1/2022;GEN564;5;68;A;0;4;68.0
86;1/2022;COM509;5;84;A;0;4;68.0
86;1/2022;MAT582;5;63;A;1;4;68.0
86;1/2022;SHC542;5;57;A;0;4;68.0
86;2/2022;MAT656;6;70;C;0;7;56.1
86;2/2022;ADM611;6;48;R;0;7;56.1
86;2/2022;COM675;6;74;A;0;7;56.1
86;2/2022;MAT625;6;96;C;0;7;56.1
86;2/2022;MAT654;6;21;R;0;7;56.1
86;2/2022;SHC670;6;16;R;0;7;56.1
86;2/2022;SIS683;6;68;A;0;7;56.1
86;1/2023;ADM611;6;74;A;0;6;61.7
86;1/2023;MAT654;6;53;A;0;6;61.7
86;1/2023;SHC670;6;79;A;1;6;61.7
86;1/2023;FIS637;6;81;C;0;6;61.7
86;1/2023;MAT666;6;51;A;0;6;61.7
86;1/2023;MAT631;6;32;R;1;6;61.7
86;2/2023;MAT631;6;81;A;0;5;56.4
86;2/2023;SIS724;7;58;A;0;5;56.4
86;2/2023;FIS716;7;14;R;0;5;56.4
86;2/2023;GEN778;7;73;A;0;5;56.4
86;2/2023;FIS741;7;56;A;0;5;56.4
87;1/2019;MAT164;1;16;R;0;5;48.6
87;1/2019;SHC108;1;81;C;0;5;48.6
87;1/2019;FIS185;1;34;R;0;5;48.6
87;1/2019;MAT151;1;63;A;0;5;48.6
87;1/2019;SHC185;1;49;R;0;5;48.6
87;2/2019;MAT164;1;57;A;0;6;39.5
87;2/2019;FIS185;1;33;R;0;6;39.5
87;2/2019;SHC185;1;62;A;0;6;39.5
87;2/2019;SHC104;1;13;R;0;6;39.5
87;2/2019;SHC164;1;52;A;0;6;39.5
87;2/2019;SIS155;1;20;R;0;6;39.5
87;1/2020;FIS185;1;33;R;0;6;33.5
87;1/2020;SHC104;1;14;R;0;6;33.5
87;1/2020;SIS155;1;44;R;0;6;33.5
87;1/2020;COM161;1;76;C;0;6;33.5
87;1/2020;MAT135;1;20;R;0;6;33.5
87;1/2020;GEN163;1;14;R;0;6;33.5
87;2/2020;FIS185;1;81;A;0;7;63.7
87;2/2020;SHC104;1;60;A;1;7;63.7
87;2/2020;SIS155;1;31;R;0;7;63.7
87;2/2020;MAT135;1;78;A;0;7;63.7
87;2/2020;GEN163;1;75;A;1;7;63.7
87;2/2020;SHC118;1;62;A;0;7;63.7
87;2/2020;SIS105;1;59;A;1;7;63.7
87;1/2021;SIS155;1;68;A;0;7;54.1
87;1/2021;ADM290;2;77;A;0;7;54.1
87;1/2021;ADM283;2;82;A;0;7;54.1
87;1/2021;MAT204;2;26;R;0;7;54.1
87;1/2021;ADM216;2;42;R;1;7;54.1
87;1/2021;ADM282;2;14;R;0;7;54.1
87;1/2021;FIS243;2;70;A;1;7;54.1
87;2/2021;MAT204;2;65;A;0;7;62.4
87;2/2021;ADM216;2;77;C;0;7;62.4
87;2/2021;ADM282;2;83;C;1;7;62.4
87;2/2021;MAT225;2;65;A;0;7;62.4
87;2/2021;SIS218;2;19;R;0;7;62.4
87;2/2021;FIS245;2;73;A;0;7;62.4
87;2/2021;COM222;2;55;A;0;7;62.4
88;1/2020;MAT155;1;80;A;0;5;61.4
88;1/2020;COM150;1;78;A;0;5;61.4
88;1/2020;SIS121;1;15;R;0;5;61.4
88;1/2020;MAT144;1;59;A;0;5;61.4
88;1/2020;SHC141;1;75;A;0;5;61.4
88;2/2020;SIS121;1;32;R;1;7;52.3
88;2/2020;FIS249;2;59;A;0;7;52.3
88;2/2020;ADM237;2;45;R;0;7;52.3
88;2/2020;COM248;2;52;C;0;7;52.3
88;2/2020;MAT250;2;64;A;0;7;52.3
88;2/2020;MAT229;2;39;R;0;7;52.3
88;2/2020;ADM213;2;75;A;0;7;52.3
88;1/2021;SIS121;1;58;A;0;7;51.0
88;1/2021;ADM237;2;83;A;0;7;51.0
88;1/2021;MAT229;2;47;R;0;7;51.0
88;1/2021;SHC272;2;20;R;0;7;51.0
88;1/2021;SIS255;2;63;A;0;7;51.0
88;1/2021;SHC274;2;70;A;0;7;51.0
88;1/2021;SIS213;2;16;R;1;7;51.0
88;2/2021;MAT229;2;75;A;0;6;56.0
88;2/2021;SHC272;2;52;A;0;6;56.0
88;2/2021;SIS213;2;35;R;0;6;56.0
88;2/2021;MAT281;2;68;C;0;6;56.0
88;2/2021;GEN220;2;47;R;0;6;56.0
88;2/2021;COM234;2;59;C;0;6;56.0
88;1/2022;SIS213;2;74;A;1;7;73.4
88;1/2022;GEN220;2;73;A;0;7;73.4
88;1/2022;FIS315;3;74;A;0;7;73.4
88;1/2022;FIS382;3;67;A;0;7;73.4
88;1/2022;COM367;3;65;A;0;7;73.4
88;1/2022;MAT353;3;74;A;1;7;73.4
88;1/2022;GEN374;3;87;A;1;7;73.4
88;2/2022;SHC478;4;67;A;0;7;43.6
88;2/2022;FIS455;4;64;A;0;7;43.6
88;2/2022;COM420;4;23;R;0;7;43.6
88;2/2022;SIS464;4;9;R;0;7;43.6
88;2/2022;SIS453;4;72;A;0;7;43.6
88;2/2022;COM453;4;37;R;0;7;43.6
88;2/2022;MAT445;4;33;R;0;7;43.6
88;1/2023;COM420;4;15;R;0;4;38.8
88;1/2023;SIS464;4;58;A;0;4;38.8
88;1/2023;COM453;4;80;A;0;4;38.8
88;1/2023;MAT445;4;2;R;0;4;38.8
89;1/2019;SHC108;1;55;A;1;4;56.5
89;1/2019;SIS153;1;43;R;1;4;56.5
89;1/2019;ADM117;1;62;A;0;4;56.5
89;1/2019;COM179;1;66;A;0;4;56.5
89;2/2019;SIS153;1;64;A;0;7;64.3
89;2/2019;FIS215;2;75;C;0;7;64.3
89;2/2019;FIS282;2;55;A;0;7;64.3
89;2/2019;ADM274;2;73;A;0;7;64.3
89;2/2019;ADM219;2;68;A;1;7;64.3
89;2/2019;SHC219;2;66;A;0;7;64.3
89;2/2019;SIS240;2;49;R;1;7;64.3
89;1/2020;SIS240;2;75;A;0;5;64.6
89;1/2020;FIS383;3;59;A;0;5;64.6
89;1/2020;GEN381;3;65;A;0;5;64.6
89;1/2020;COM374;3;62;C;0;5;64.6
89;1/2020;SHC326;3;62;A;0;5;64.6
89;2/2020;COM429;4;57;A;1;5;58.8
89;2/2020;SIS434;4;39;R;0;5;58.8
89;2/2020;MAT466;4;68;A;0;5;58.8
89;2/2020;FIS443;4;64;C;0;5;58.8
89;2/2020;MAT462;4;66;A;0;5;58.8
89;1/2021;SIS434;4;33;R;0;4;48.8
89;1/2021;COM500;5;71;C;0;4;48.8
89;1/2021;FIS512;5;21;R;0;4;48.8
89;1/2021;FIS516;5;70;A;0;4;48.8
89;2/2021;SIS434;4;67;A;1;7;60.7
89;2/2021;FIS512;5;98;A;0;7;60.7
89;2/2021;FIS509;5;59;A;0;7;60.7
89;2/2021;GEN595;5;56;A;0;7;60.7
89;2/2021;SHC587;5;0;R;0;7;60.7
89;2/2021;SIS566;5;60;A;0;7;60.7
89;2/2021;SIS533;5;85;A;0;7;60.7
90;1/2019;SHC107;1;80;A;0;6;55.3
90;1/2019;ADM179;1;26;R;0;6;55.3
90;1/2019;COM199;1;71;A;0;6;55.3
90;1/2019;SHC123;1;26;R;0;6;55.3
90;1/2019;MAT119;1;54;C;0;6;55.3
90;1/2019;SIS178;1;75;A;0;6;55.3
90;2/2019;ADM179;1;20;R;0;7;47.3
90;2/2019;SHC123;1;59;A;1;7;47.3
90;2/2019;MAT252;2;75;C;0;7;47.3
90;2/2019;SHC210;2;42;R;0;7;47.3
90;2/2019;SHC289;2;45;R;0;7;47.3
90;2/2019;ADM269;2;55;A;0;7;47.3
90;2/2019;SIS256;2;35;R;0;7;47.3
90;1/2020;ADM179;1;67;A;1;6;57.2
90;1/2020;SHC210;2;72;A;0;6;57.2
90;1/2020;SHC289;2;13;R;0;6;57.2
90;1/2020;SIS256;2;77;A;0;6;57.2
90;1/2020;SHC221;2;75;A;0;6;57.2
90;1/2020;GEN231;2;39;R;0;6;57.2
90;2/2020;SHC289;2;64;A;0;7;65.7
90;2/2020;GEN231;2;25;R;0;7;65.7
90;2/2020;SHC375;3;80;A;0;7;65.7
90;2/2020;MAT312;3;66;A;1;7;65.7
90;2/2020;ADM345;3;69;A;0;7;65.7
90;2/2020;ADM342;3;84;A;0;7;65.7
90;2/2020;SHC324;3;72;A;0;7;65.7
90;1/2021;GEN231;2;69;A;0;7;61.4
90;1/2021;ADM428;4;31;R;0;7;61.4
90;1/2021;SIS487;4;57;A;0;7;61.4
90;1/2021;SHC477;4;86;A;0;7;61.4
90;1/2021;MAT418;4;67;A;0;7;61.4
90;1/2021;SHC472;4;74;A;0;7;61.4
90;1/2021;COM488;4;46;R;0;7;61.4
90;2/2021;ADM428;4;69;A;0;4;70.2
90;2/2021;COM488;4;69;A;0;4;70.2
90;2/2021;SHC573;5;67;A;0;4;70.2
90;2/2021;MAT597;5;76;A;0;4;70.2
90;1/2022;FIS600;6;35;R;1;4;64.0
90;1/2022;SIS619;6;72;A;0;4;64.0
90;1/2022;SIS641;6;67;A;0;4;64.0
90;1/2022;SHC648;6;82;A;0;4;64.0
90;2/2022;FIS600;6;26;R;0;6;49.3
90;2/2022;SIS796;7;76;A;0;6;49.3
90;2/2022;FIS737;7;55;A;0;6;49.3
90;2/2022;GEN737;7;35;R;0;6;49.3
90;2/2022;MAT766;7;43;R;0;6;49.3
90;2/2022;SHC746;7;61;A;1;6;49.3
90;1/2023;FIS600;6;60;A;0;5;65.6
90;1/2023;GEN737;7;66;A;0;5;65.6
90;1/2023;MAT766;7;78;A;0;5;65.6
90;1/2023;FIS795;7;61;A;0;5;65.6
90;1/2023;SHC744;7;63;A;0;5;65.6
91;1/2020;ADM171;1;79;A;0;4;71.2
91;1/2020;FIS120;1;74;A;0;4;71.2
91;1/2020;GEN196;1;72;A;0;4;71.2
91;1/2020;MAT186;1;60;A;0;4;71.2
91;2/2020;MAT207;2;65;A;0;5;71.0
91;2/2020;COM273;2;69;A;0;5;71.0
91;2/2020;SIS201;2;88;A;0;5;71.0
91;2/2020;COM200;2;51;A;0;5;71.0
91;2/2020;COM288;2;82;C;0;5;71.0
91;1/2021;MAT345;3;62;A;0;6;68.2
91;1/2021;GEN323;3;69;A;0;6;68.2
91;1/2021;MAT374;3;64;A;0;6;68.2
91;1/2021;COM364;3;64;A;0;6;68.2
91;1/2021;SIS394;3;75;A;0;6;68.2
91;1/2021;FIS332;3;75;A;0;6;68.2
91;2/2021;SHC486;4;66;A;0;5;62.8
91;2/2021;FIS449;4;80;A;0;5;62.8
91;2/2021;MAT401;4;30;R;0;5;62.8
91;2/2021;ADM408;4;75;A;0;5;62.8
91;2/2021;SHC480;4;63;A;0;5;62.8
91;1/2022;MAT401;4;37;R;0;6;58.2
91;1/2022;SIS594;5;80;A;0;6;58.2
91;1/2022;SIS561;5;44;R;0;6;58.2
91;1/2022;SIS533;5;64;C;0;6;58.2
91;1/2022;COM548;5;63;A;0;6;58.2
91;1/2022;SIS535;5;61;A;0;6;58.2
91;2/2022;MAT401;4;55;A;0;6;57.5
91;2/2022;SIS561;5;63;A;0;6;57.5
91;2/2022;SHC688;6;54;C;0;6;57.5
91;2/2022;SIS648;6;34;R;1;6;57.5
91;2/2022;FIS642;6;73;A;0;6;57.5
91;2/2022;COM619;6;66;A;1;6;57.5
91;1/2023;SIS648;6;80;A;0;5;71.0
91;1/2023;SIS708;7;71;A;1;5;71.0
91;1/2023;SHC760;7;77;A;0;5;71.0
91;1/2023;SHC733;7;52;A;0;5;71.0
91;1/2023;MAT725;7;75;C;1;5;71.0
92;1/2020;COM195;1;87;A;0;7;55.9
92;1/2020;SIS159;1;91;C;0;7;55.9
92;1/2020;SHC193;1;63;C;0;7;55.9
92;1/2020;FIS162;1;72;A;0;7;55.9
92;1/2020;SIS193;1;31;R;0;7;55.9
92;1/2020;SHC176;1;16;R;0;7;55.9
92;1/2020;SHC159;1;31;R;0;7;55.9
92;2/2020;SIS193;1;42;R;1;5;48.2
92;2/2020;SHC176;1;69;A;0;5;48.2
92;2/2020;SHC159;1;22;R;1;5;48.2
92;2/2020;ADM115;1;54;A;1;5;48.2
92;2/2020;FIS175;1;54;A;0;5;48.2
92;1/2021;SIS193;1;97;A;0;7;60.1
92;1/2021;SHC159;1;55;A;0;7;60.1
92;1/2021;COM195;1;68;A;0;7;60.1
92;1/2021;MAT197;1;74;A;0;7;60.1
92;1/2021;SIS144;1;37;R;1;7;60.1
92;1/2021;SHC112;1;69;A;0;7;60.1
92;1/2021;FIS188;1;21;R;0;7;60.1
92;2/2021;SIS144;1;77;A;0;4;44.8
92;2/2021;FIS188;1;29;R;0;4;44.8
92;2/2021;SHC262;2;2;R;0;4;44.8
92;2/2021;SHC254;2;71;A;1;4;44.8
92;1/2022;FIS188;1;59;A;1;4;55.5
92;1/2022;SHC262;2;8;R;0;4;55.5
92;1/2022;SIS258;2;92;A;0;4;55.5
92;1/2022;FIS268;2;63;A;0;4;55.5
92;2/2022;SHC262;2;58;A;0;6;58.0
92;2/2022;MAT333;3;37;R;0;6;58.0
92;2/2022;SHC329;3;76;A;0;6;58.0
92;2/2022;SHC348;3;62;A;1;6;58.0
92;2/2022;MAT350;3;36;R;0;6;58.0
92;2/2022;SHC338;3;79;A;0;6;58.0
93;1/2019;COM165;1;58;A;0;6;53.8
93;1/2019;MAT170;1;76;A;1;6;53.8
93;1/2019;FIS122;1;15;R;1;6;53.8
93;1/2019;ADM125;1;70;A;0;6;53.8
93;1/2019;MAT197;1;48;C;1;6;53.8
93;1/2019;SHC106;1;56;A;0;6;53.8
93;2/2019;FIS122;1;74;A;0;4;52.8
93;2/2019;ADM235;2;38;R;0;4;52.8
93;2/2019;GEN284;2;20;R;0;4;52.8
93;2/2019;SIS288;2;79;A;0;4;52.8
93;1/2020;ADM235;2;83;A;1;6;64.5
93;1/2020;GEN284;2;47;R;0;6;64.5
93;1/2020;SHC203;2;50;R;1;6;64.5
93;1/2020;GEN262;2;61;A;0;6;64.5
93;1/2020;ADM227;2;77;A;0;6;64.5
93;1/2020;SIS220;2;69;A;1;6;64.5
93;2/2020;GEN284;2;81;A;0;7;60.3
93;2/2020;SHC203;2;59;A;1;7;60.3
93;2/2020;COM378;3;53;A;0;7;60.3
93;2/2020;ADM340;3;74;A;0;7;60.3
93;2/2020;GEN303;3;50;R;0;7;60.3
93;2/2020;SHC355;3;82;C;0;7;60.3
93;2/2020;SHC328;3;23;R;0;7;60.3
93;1/2021;GEN303;3;57;A;0;5;61.6
93;1/2021;SHC328;3;68;A;0;5;61.6
93;1/2021;MAT400;4;80;C;1;5;61.6
93;1/2021;ADM408;4;41;R;0;5;61.6
93;1/2021;ADM462;4;62;A;1;5;61.6
93;2/2021;ADM408;4;77;A;0;7;65.4
93;2/2021;SHC502;5;65;C;0;7;65.4
93;2/2021;MAT541;5;62;A;0;7;65.4
93;2/2021;MAT529;5;87;A;0;7;65.4
93;2/2021;GEN503;5;53;A;0;7;65.4
93;2/2021;ADM584;5;51;A;0;7;65.4
93;2/2021;COM564;5;63;A;0;7;65.4
93;1/2022;MAT602;6;72;A;0;5;71.6
93;1/2022;SIS607;6;64;A;0;5;71.6
93;1/2022;MAT686;6;69;A;0;5;71.6
93;1/2022;GEN693;6;78;A;0;5;71.6
93;1/2022;MAT644;6;75;A;0;5;71.6
93;2/2022;COM744;7;24;R;0;5;62.4
93;2/2022;ADM758;7;71;A;0;5;62.4
93;2/2022;SIS773;7;74;A;1;5;62.4
93;2/2022;ADM791;7;83;A;0;5;62.4
93;2/2022;MAT714;7;60;C;0;5;62.4
93;1/2023;COM744;7;76;A;1;6;61.3
93;1/2023;COM879;8;5;R;0;6;61.3
93;1/2023;SHC847;8;49;R;0;6;61.3
93;1/2023;ADM856;8;94;A;1;6;61.3
93;1/2023;MAT830;8;76;A;0;6;61.3
93;1/2023;FIS831;8;68;A;0;6;61.3
94;1/2019;SIS164;1;62;A;1;7;72.0
94;1/2019;SIS168;1;61;A;0;7;72.0
94;1/2019;COM171;1;94;A;0;7;72.0
94;1/2019;ADM145;1;62;A;0;7;72.0
94;1/2019;SIS178;1;67;C;0;7;72.0
94;1/2019;SIS196;1;73;C;0;7;72.0
94;1/2019;SIS183;1;85;A;0;7;72.0
94;2/2019;SHC205;2;14;R;0;5;66.0
94;2/2019;FIS280;2;55;A;0;5;66.0
94;2/2019;SIS222;2;81;A;0;5;66.0
94;2/2019;MAT227;2;90;A;0;5;66.0
94;2/2019;ADM230;2;90;A;0;5;66.0
94;1/2020;SHC205;2;73;C;0;7;54.6
94;1/2020;ADM355;3;30;R;0;7;54.6
94;1/2020;COM325;3;71;A;0;7;54.6
94;1/2020;SHC387;3;69;C;0;7;54.6
94;1/2020;ADM344;3;80;A;0;7;54.6
94;1/2020;SHC369;3;21;R;0;7;54.6
94;1/2020;ADM343;3;38;R;0;7;54.6
94;2/2020;ADM355;3;23;R;0;4;44.5
94;2/2020;SHC369;3;68;A;0;4;44.5
94;2/2020;ADM343;3;1;R;0;4;44.5
94;2/2020;FIS350;3;86;A;0;4;44.5
94;1/2021;ADM355;3;64;A;0;7;60.6
94;1/2021;ADM343;3;65;C;0;7;60.6
94;1/2021;MAT311;3;66;A;0;7;60.6
94;1/2021;COM367;3;70;A;0;7;60.6
94;1/2021;GEN332;3;77;A;0;7;60.6
94;1/2021;SHC382;3;69;C;0;7;60.6
94;1/2021;SHC328;3;13;R;0;7;60.6
94;2/2021;SHC328;3;60;A;0;7;52.1
94;2/2021;GEN481;4;62;A;1;7;52.1
94;2/2021;MAT491;4;71;A;0;7;52.1
94;2/2021;GEN416;4;23;R;1;7;52.1
94;2/2021;SHC439;4;59;A;1;7;52.1
94;2/2021;ADM430;4;21;R;0;7;52.1
94;2/2021;COM482;4;69;A;0;7;52.1
94;1/2022;GEN416;4;70;A;0;5;65.6
94;1/2022;ADM430;4;18;R;1;5;65.6
94;1/2022;COM507;5;79;A;0;5;65.6
94;1/2022;SIS540;5;79;A;0;5;65.6
94;1/2022;SIS528;5;82;A;0;5;65.6
95;1/2020;MAT119;1;83;A;0;4;53.5
95;1/2020;SIS153;1;54;A;0;4;53.5
95;1/2020;MAT192;1;49;R;0;4;53.5
95;1/2020;SHC158;1;28;R;0;4;53.5
95;2/2020;MAT192;1;40;R;0;5;32.6
95;2/2020;SHC158;1;16;R;0;5;32.6
95;2/2020;MAT118;1;57;A;0;5;32.6
95;2/2020;GEN139;1;8;R;0;5;32.6
95;2/2020;ADM154;1;42;R;0;5;32.6
95;1/2021;MAT192;1;34;R;0;4;57.2
95;1/2021;SHC158;1;67;A;1;4;57.2
95;1/2021;GEN139;1;58;A;0;4;57.2
95;1/2021;ADM154;1;70;A;0;4;57.2
95;2/2021;MAT192;1;34;R;0;6;63.7
95;2/2021;COM221;2;76;A;0;6;63.7
95;2/2021;GEN257;2;68;A;0;6;63.7
95;2/2021;MAT236;2;97;A;0;6;63.7
95;2/2021;COM232;2;68;C;1;6;63.7
95;2/2021;SIS284;2;39;R;0;6;63.7
95;1/2022;MAT192;1;47;R;0;6;43.5
95;1/2022;SIS284;2;30;R;0;6;43.5
95;1/2022;COM376;3;50;C;0;6;43.5
95;1/2022;SIS310;3;15;R;0;6;43.5
95;1/2022;ADM380;3;62;A;0;6;43.5
95;1/2022;MAT318;3;57;A;0;6;43.5
95;2/2022;MAT192;1;74;C;0;4;57.2
95;2/2022;SIS284;2;24;R;0;4;57.2
95;2/2022;SIS310;3;54;A;0;4;57.2
95;2/2022;COM388;3;77;A;0;4;57.2
95;1/2023;SIS284;2;49;R;0;5;56.0
95;1/2023;MAT413;4;37;R;0;5;56.0
95;1/2023;SIS492;4;84;A;1;5;56.0
95;1/2023;ADM448;4;28;R;0;5;56.0
95;1/2023;COM422;4;82;A;0;5;56.0
95;2/2023;SIS284;2;66;A;0;7;58.0
95;2/2023;MAT413;4;77;A;0;7;58.0
95;2/2023;ADM448;4;61;A;0;7;58.0
95;2/2023;GEN438;4;69;A;0;7;58.0
95;2/2023;SHC419;4;11;R;0;7;58.0
95;2/2023;MAT416;4;62;A;0;7;58.0
95;2/2023;SHC483;4;60;A;1;7;58.0
95;1/2024;SHC419;4;39;R;1;7;55.6
95;1/2024;SIS515;5;66;A;0;7;55.6
95;1/2024;COM556;5;80;A;0;7;55.6
95;1/2024;FIS593;5;83;A;0;7;55.6
95;1/2024;SIS542;5;79;A;0;7;55.6
95;1/2024;FIS561;5;18;R;0;7;55.6
95;1/2024;MAT580;5;24;R;0;7;55.6
96;1/2019;GEN118;1;72;A;0;4;57.2
96;1/2019;ADM158;1;67;A;1;4;57.2
96;1/2019;SIS174;1;26;R;0;4;57.2
96;1/2019;SIS170;1;64;A;0;4;57.2
96;2/2019;SIS174;1;57;A;0;6;50.2
96;2/2019;MAT270;2;31;R;0;6;50.2
96;2/2019;SIS202;2;66;A;0;6;50.2
96;2/2019;ADM281;2;68;A;0;6;50.2
96;2/2019;SIS248;2;39;R;0;6;50.2
96;2/2019;MAT221;2;40;R;0;6;50.2
96;1/2020;MAT270;2;19;R;0;6;49.5
96;1/2020;SIS248;2;79;C;0;6;49.5
96;1/2020;MAT221;2;28;R;0;6;49.5
96;1/2020;ADM214;2;22;R;0;6;49.5
96;1/2020;SIS295;2;69;A;0;6;49.5
96;1/2020;ADM251;2;80;A;1;6;49.5
96;2/2020;MAT270;2;62;A;0;5;61.6
96;2/2020;MAT221;2;91;A;0;5;61.6
96;2/2020;ADM214;2;70;C;0;5;61.6
96;2/2020;COM232;2;23;R;0;5;61.6
96;2/2020;ADM200;2;62;C;0;5;61.6
96;1/2021;COM232;2;79;A;0;4;54.2
96;1/2021;MAT362;3;60;A;0;4;54.2
96;1/2021;GEN366;3;58;A;0;4;54.2
96;1/2021;FIS368;3;20;R;0;4;54.2
96;2/2021;FIS368;3;35;R;1;6;61.8
96;2/2021;FIS487;4;64;A;0;6;61.8
96;2/2021;GEN489;4;81;C;0;6;61.8
96;2/2021;ADM492;4;78;A;0;6;61.8
96;2/2021;ADM448;4;69;A;0;6;61.8
96;2/2021;SIS455;4;44;C;1;6;61.8
96;1/2022;FIS368;3;68;C;0;5;64.0
96;1/2022;MAT588;5;68;A;0;5;64.0
96;1/2022;SIS570;5;77;A;0;5;64.0
96;1/2022;SHC569;5;46;R;0;5;64.0
96;1/2022;MAT539;5;61;A;0;5;64.0
96;2/2022;SHC569;5;55;A;0;5;36.0
96;2/2022;MAT688;6;27;R;1;5;36.0
96;2/2022;GEN649;6;6;R;0;5;36.0
96;2/2022;SIS635;6;8;R;0;5;36.0
96;2/2022;GEN611;6;84;A;0;5;36.0
96;1/2023;MAT688;6;55;A;0;4;55.2
96;1/2023;GEN649;6;35;R;0;4;55.2
96;1/2023;SIS635;6;70;A;0;4;55.2
96;1/2023;COM656;6;61;A;0;4;55.2
96;2/2023;GEN649;6;19;R;1;6;41.8
96;2/2023;MAT731;7;27;R;0;6;41.8
96;2/2023;ADM793;7;61;A;0;6;41.8
96;2/2023;COM739;7;66;A;1;6;41.8
96;2/2023;FIS797;7;55;A;0;6;41.8
96;2/2023;SIS765;7;23;R;0;6;41.8
97;1/2020;ADM181;1;71;A;0;6;59.5
97;1/2020;FIS193;1;67;C;0;6;59.5
97;1/2020;COM112;1;71;A;0;6;59.5
97;1/2020;GEN104;1;71;A;1;6;59.5
97;1/2020;FIS102;1;61;A;0;6;59.5
97;1/2020;ADM149;1;16;R;1;6;59.5
97;2/2020;ADM149;1;55;A;0;6;67.3
97;2/2020;ADM242;2;61;A;0;6;67.3
97;2/2020;MAT233;2;79;A;0;6;67.3
97;2/2020;SIS240;2;76;A;0;6;67.3
97;2/2020;SIS226;2;68;A;0;6;67.3
97;2/2020;ADM293;2;65;A;0;6;67.3
97;1/2021;GEN348;3;71;A;0;4;77.5
97;1/2021;COM351;3;88;A;0;4;77.5
97;1/2021;ADM365;3;72;A;0;4;77.5
97;1/2021;SHC378;3;79;A;0;4;77.5
97;2/2021;GEN466;4;81;A;0;4;72.2
97;2/2021;ADM490;4;63;A;0;4;72.2
97;2/2021;ADM413;4;73;A;0;4;72.2
97;2/2021;GEN483;4;72;A;0;4;72.2
97;1/2022;COM551;5;72;A;0;7;63.3
97;1/2022;COM585;5;64;A;0;7;63.3
97;1/2022;SHC564;5;63;A;0;7;63.3
97;1/2022;SHC510;5;63;A;0;7;63.3
97;1/2022;COM589;5;57;A;0;7;63.3
97;1/2022;FIS563;5;76;A;0;7;63.3
97;1/2022;GEN538;5;48;R;0;7;63.3
97;2/2022;GEN538;5;61;A;0;5;68.6
97;2/2022;MAT644;6;76;A;0;5;68.6
97;2/2022;SHC630;6;78;A;0;5;68.6
97;2/2022;SHC677;6;40;R;0;5;68.6
97;2/2022;COM635;6;88;A;0;5;68.6
97;1/2023;SHC677;6;74;A;1;4;70.2
97;1/2023;SIS716;7;63;A;0;4;70.2
97;1/2023;SHC704;7;64;C;0;4;70.2
97;1/2023;ADM710;7;80;A;0;4;70.2
98;1/2019;ADM195;1;51;A;0;4;70.5
98;1/2019;SIS151;1;66;A;0;4;70.5
98;1/2019;MAT129;1;78;A;0;4;70.5
98;1/2019;ADM174;1;87;A;0;4;70.5
98;2/2019;SIS278;2;72;A;0;5;60.8
98;2/2019;GEN264;2;67;C;0;5;60.8
98;2/2019;SIS234;2;76;A;0;5;60.8
98;2/2019;SHC283;2;89;A;0;5;60.8
98;2/2019;GEN225;2;0;R;0;5;60.8
98;1/2020;GEN225;2;63;A;0;6;66.5
98;1/2020;COM328;3;28;R;0;6;66.5
98;1/2020;GEN315;3;88;A;1;6;66.5
98;1/2020;MAT320;3;67;A;0;6;66.5
98;1/2020;ADM345;3;86;C;0;6;66.5
98;1/2020;FIS301;3;67;A;0;6;66.5
98;2/2020;COM328;3;67;A;0;5;73.6
98;2/2020;SHC493;4;89;A;0;5;73.6
98;2/2020;MAT472;4;74;A;0;5;73.6
98;2/2020;SIS408;4;57;A;1;5;73.6
98;2/2020;SHC448;4;81;A;0;5;73.6
98;1/2021;SHC574;5;51;A;0;4;64.2
98;1/2021;FIS569;5;62;A;1;4;64.2
98;1/2021;SHC589;5;81;A;0;4;64.2
98;1/2021;MAT538;5;63;A;0;4;64.2
98;2/2021;SIS667;6;75;A;0;4;64.0
98;2/2021;ADM696;6;55;A;0;4;64.0
98;2/2021;MAT607;6;75;A;0;4;64.0
98;2/2021;FIS695;6;51;A;0;4;64.0
99;1/2018;MAT191;1;77;A;1;7;55.7
99;1/2018;MAT162;1;45;R;0;7;55.7
99;1/2018;COM189;1;57;A;0;7;55.7
99;1/2018;SIS157;1;54;A;0;7;55.7
99;1/2018;COM142;1;63;A;0;7;55.7
99;1/2018;ADM100;1;65;A;0;7;55.7
99;1/2018;GEN110;1;29;R;0;7;55.7
99;2/2018;MAT162;1;83;A;0;5;78.6
99;2/2018;GEN110;1;76;A;0;5;78.6
99;2/2018;GEN209;2;75;A;0;5;78.6
99;2/2018;MAT282;2;84;A;0;5;78.6
99;2/2018;ADM281;2;75;C;0;5;78.6
99;1/2019;FIS361;3;60;A;1;5;64.6
99;1/2019;SHC388;3;92;A;0;5;64.6
99;1/2019;SHC362;3;54;A;0;5;64.6
99;1/2019;SHC397;3;55;A;0;5;64.6
99;1/2019;SIS321;3;62;A;0;5;64.6
99;2/2019;COM422;4;55;A;0;7;55.6
99;2/2019;SIS408;4;77;A;0;7;55.6
99;2/2019;FIS446;4;68;A;0;7;55.6
99;2/2019;GEN422;4;68;A;0;7;55.6
99;2/2019;GEN432;4;66;A;0;7;55.6
99;2/2019;GEN413;4;9;R;0;7;55.6
99;2/2019;SIS408;4;46;R;0;7;55.6
99;1/2020;GEN413;4;66;A;1;4;73.2
99;1/2020;SIS408;4;83;A;0;4;73.2
99;1/2020;SIS548;5;70;A;0;4;73.2
99;1/2020;ADM525;5;74;A;1;4;73.2
99;2/2020;SIS641;6;0;R;1;7;61.7
99;2/2020;MAT671;6;68;A;1;7;61.7
99;2/2020;ADM609;6;78;A;0;7;61.7
99;2/2020;FIS679;6;67;C;0;7;61.7
99;2/2020;SIS695;6;80;A;0;7;61.7
99;2/2020;SIS682;6;79;A;0;7;61.7
99;2/2020;GEN631;6;60;A;0;7;61.7
99;1/2021;SIS641;6;19;R;0;4;59.0
99;1/2021;COM787;7;79;A;1;4;59.0
99;1/2021;SHC781;7;72;C;0;4;59.0
99;1/2021;SHC726;7;66;C;1;4;59.0
100;1/2020;SHC145;1;72;A;1;4;67.0
100;1/2020;MAT157;1;60;A;0;4;67.0
100;1/2020;SIS119;1;62;A;0;4;67.0
100;1/2020;COM176;1;74;A;1;4;67.0
100;2/2020;SHC257;2;62;A;0;4;64.5
100;2/2020;GEN205;2;71;A;0;4;64.5
100;2/2020;SHC281;2;52;A;0;4;64.5
100;2/2020;COM229;2;73;A;0;4;64.5
100;1/2021;GEN355;3;76;A;0;7;72.4
100;1/2021;SHC348;3;68;A;0;7;72.4
100;1/2021;COM372;3;67;A;0;7;72.4
100;1/2021;MAT395;3;76;A;0;7;72.4
100;1/2021;MAT322;3;80;A;0;7;72.4
100;1/2021;GEN353;3;71;A;0;7;72.4
100;1/2021;COM364;3;69;A;0;7;72.4
100;2/2021;GEN460;4;81;A;0;7;65.3
100;2/2021;COM479;4;76;A;0;7;65.3
100;2/2021;FIS429;4;83;A;0;7;65.3
100;2/2021;SIS442;4;64;A;0;7;65.3
100;2/2021;SIS415;4;68;A;0;7;65.3
100;2/2021;SHC478;4;76;A;0;7;65.3
100;2/2021;FIS477;4;9;R;0;7;65.3
100;1/2022;FIS477;4;58;A;0;7;75.3
100;1/2022;GEN552;5;73;A;0;7;75.3
100;1/2022;SIS504;5;76;A;0;7;75.3
100;1/2022;FIS564;5;75;A;0;7;75.3
100;1/2022;SHC500;5;93;A;0;7;75.3
100;1/2022;MAT524;5;76;A;1;7;75.3
100;1/2022;FIS568;5;76;A;0;7;75.3
100;2/2022;ADM657;6;53;A;1;7;58.6
100;2/2022;MAT609;6;60;A;1;7;58.6
100;2/2022;FIS629;6;56;C;0;7;58.6
100;2/2022;FIS640;6;56;A;0;7;58.6
100;2/2022;GEN649;6;59;A;1;7;58.6
100;2/2022;GEN653;6;43;R;0;7;58.6
100;2/2022;ADM663;6;83;A;0;7;58.6
100;1/2023;GEN653;6;68;A;0;4;76.0
100;1/2023;ADM732;7;84;A;1;4;76.0
100;1/2023;ADM746;7;78;A;1;4;76.0
100;1/2023;GEN760;7;74;A;0;4;76.0
100;2/2023;FIS800;8;62;C;0;4;64.5
100;2/2023;MAT805;8;56;A;0;4;64.5
100;2/2023;MAT894;8;62;A;0;4;64.5
100;2/2023;GEN844;8;78;A;0;4;64.5
100;1/2024;ADM904;9;75;A;0;7;71.9
100;1/2024;GEN947;9;56;A;0;7;71.9
100;1/2024;MAT930;9;83;A;0;7;71.9
100;1/2024;COM984;9;71;A;0;7;71.9
100;1/2024;SIS996;9;59;A;1;7;71.9
100;1/2024;GEN950;9;80;A;0;7;71.9
100;1/2024;ADM930;9;79;A;0;7;71.9
100;2/2024;GEN1013;10;84;A;0;6;63.3
100;2/2024;COM1028;10;51;C;0;6;63.3
100;2/2024;GEN1003;10;76;C;1;6;63.3
100;2/2024;COM1064;10;55;A;0;6;63.3
100;2/2024;MAT1072;10;71;A;1;6;63.3
100;2/2024;FIS1009;10;43;R;1;6;63.3
101;1/2018;SIS122;1;39;R;0;7;40.7
101;1/2018;SIS193;1;61;A;0;7;40.7
101;1/2018;COM139;1;28;R;0;7;40.7
101;1/2018;SHC154;1;33;R;1;7;40.7
101;1/2018;COM101;1;77;A;1;7;40.7
101;1/2018;MAT190;1;21;R;0;7;40.7
101;1/2018;COM141;1;26;R;0;7;40.7
101;2/2018;SIS122;1;26;R;0;5;53.0
101;2/2018;COM139;1;43;R;1;5;53.0
101;2/2018;SHC154;1;62;A;0;5;53.0
101;2/2018;MAT190;1;67;A;0;5;53.0
101;2/2018;COM141;1;67;A;0;5;53.0
101;1/2019;SIS122;1;65;A;1;6;58.0
101;1/2019;COM139;1;83;A;0;6;58.0
101;1/2019;MAT169;1;51;A;0;6;58.0
101;1/2019;ADM125;1;32;R;0;6;58.0
101;1/2019;SIS172;1;67;A;0;6;58.0
101;1/2019;MAT103;1;50;R;0;6;58.0
101;2/2019;ADM125;1;66;A;0;5;58.8
101;2/2019;MAT103;1;34;R;0;5;58.8
101;2/2019;FIS237;2;68;A;0;5;58.8
101;2/2019;SHC243;2;35;R;0;5;58.8
101;2/2019;ADM255;2;91;A;0;5;58.8
101;1/2020;MAT103;1;78;A;0;6;55.8
101;1/2020;SHC243;2;19;R;1;6;55.8
101;1/2020;ADM246;2;73;C;0;6;55.8
101;1/2020;FIS258;2;50;R;0;6;55.8
101;1/2020;SIS247;2;39;R;0;6;55.8
101;1/2020;SIS243;2;76;A;0;6;55.8
101;2/2020;SHC243;2;77;A;0;7;64.0
101;2/2020;FIS258;2;71;A;0;7;64.0
101;2/2020;SIS247;2;29;R;1;7;64.0
101;2/2020;SIS220;2;82;A;0;7;64.0
101;2/2020;ADM233;2;61;C;0;7;64.0
101;2/2020;SIS212;2;61;A;0;7;64.0
101;2/2020;GEN296;2;67;A;0;7;64.0
101;1/2021;SIS247;2;71;A;0;4;50.8
101;1/2021;ADM309;3;31;R;1;4;50.8
101;1/2021;GEN335;3;62;A;0;4;50.8
101;1/2021;MAT391;3;39;R;0;4;50.8
101;2/2021;ADM309;3;47;R;0;4;55.2
101;2/2021;MAT391;3;53;A;0;4;55.2
101;2/2021;SIS334;3;74;A;0;4;55.2
101;2/2021;FIS373;3;47;R;0;4;55.2
102;1/2020;MAT152;1;72;A;0;7;41.9
102;1/2020;FIS140;1;5;R;0;7;41.9
102;1/2020;GEN106;1;66;A;0;7;41.9
102;1/2020;SHC195;1;71;A;0;7;41.9
102;1/2020;ADM178;1;9;R;1;7;41.9
102;1/2020;COM136;1;6;R;0;7;41.9
102;1/2020;MAT188;1;64;A;0;7;41.9
102;2/2020;FIS140;1;16;R;0;7;61.9
102;2/2020;ADM178;1;64;A;1;7;61.9
102;2/2020;COM136;1;86;A;0;7;61.9
102;2/2020;SHC148;1;75;A;0;7;61.9
102;2/2020;GEN185;1;71;C;0;7;61.9
102;2/2020;SHC165;1;52;A;0;7;61.9
102;2/2020;COM168;1;69;A;1;7;61.9
102;1/2021;FIS140;1;48;R;0;5;58.6
102;1/2021;MAT255;2;42;R;0;5;58.6
102;1/2021;MAT276;2;67;A;0;5;58.6
102;1/2021;FIS256;2;75;A;0;5;58.6
102;1/2021;COM268;2;61;A;0;5;58.6
102;2/2021;FIS140;1;85;A;0;6;42.0
102;2/2021;MAT255;2;17;R;0;6;42.0
102;2/2021;COM230;2;15;R;0;6;42.0
102;2/2021;SIS250;2;29;R;0;6;42.0
102;2/2021;MAT292;2;45;R;0;6;42.0
102;2/2021;GEN235;2;61;A;0;6;42.0
102;1/2022;MAT255;2;86;A;0;6;74.2
102;1/2022;COM230;2;61;A;0;6;74.2
102;1/2022;SIS250;2;66;A;0;6;74.2
102;1/2022;MAT292;2;74;A;0;6;74.2
102;1/2022;MAT278;2;80;A;0;6;74.2
102;1/2022;MAT283;2;78;A;0;6;74.2
102;2/2022;COM395;3;18;R;0;4;64.0
102;2/2022;MAT347;3;76;A;0;4;64.0
102;2/2022;FIS312;3;82;C;0;4;64.0
102;2/2022;FIS368;3;80;A;0;4;64.0
102;1/2023;COM395;3;83;A;0;6;51.3
102;1/2023;GEN485;4;11;R;1;6;51.3
102;1/2023;COM480;4;30;R;1;6;51.3
102;1/2023;MAT402;4;79;A;0;6;51.3
102;1/2023;ADM464;4;77;C;0;6;51.3
102;1/2023;ADM431;4;28;R;0;6;51.3
102;2/2023;GEN485;4;66;A;0;7;41.4
102;2/2023;COM480;4;56;A;0;7;41.4
102;2/2023;ADM431;4;72;A;0;7;41.4
102;2/2023;ADM480;4;19;R;1;7;41.4
102;2/2023;COM479;4;35;R;0;7;41.4
102;2/2023;ADM411;4;13;R;0;7;41.4
102;2/2023;MAT470;4;29;R;0;7;41.4
102;1/2024;ADM480;4;84;A;1;5;66.8
102;1/2024;COM479;4;73;A;0;5;66.8
102;1/2024;ADM411;4;49;R;0;5;66.8
102;1/2024;MAT470;4;65;A;0;5;66.8
102;1/2024;ADM428;4;63;A;0;5;66.8
103;1/2018;MAT107;1;66;A;0;5;55.0
103;1/2018;SIS100;1;53;A;0;5;55.0
103;1/2018;COM186;1;62;C;0;5;55.0
103;1/2018;SHC161;1;13;R;0;5;55.0
103;1/2018;SIS136;1;81;A;0;5;55.0
103;2/2018;SHC161;1;1;R;0;4;53.0
103;2/2018;SHC207;2;70;C;0;4;53.0
103;2/2018;MAT265;2;63;A;0;4;53.0
103;2/2018;SIS227;2;78;C;0;4;53.0
103;1/2019;SHC161;1;55;A;0;4;63.8
103;1/2019;FIS364;3;54;A;0;4;63.8
103;1/2019;ADM345;3;71;A;0;4;63.8
103;1/2019;GEN390;3;75;A;0;4;63.8
103;2/2019;GEN487;4;11;R;0;5;56.0
103;2/2019;SIS474;4;55;A;0;5;56.0
103;2/2019;MAT429;4;65;A;0;5;56.0
103;2/2019;FIS475;4;77;A;0;5;56.0
103;2/2019;SIS474;4;72;A;0;5;56.0
103;1/2020;GEN487;4;59;C;0;5;63.8
103;1/2020;FIS590;5;69;A;1;5;63.8
103;1/2020;SHC522;5;60;A;0;5;63.8
103;1/2020;FIS502;5;75;A;0;5;63.8
103;1/2020;SIS519;5;56;A;1;5;63.8
103;2/2020;GEN676;6;45;R;0;4;44.2
103;2/2020;SIS670;6;40;R;0;4;44.2
103;2/2020;SHC647;6;22;R;0;4;44.2
103;2/2020;SHC673;6;70;A;1;4;44.2
103;1/2021;GEN676;6;67;A;0;6;59.3
103;1/2021;SIS670;6;69;A;0;6;59.3
103;1/2021;SHC647;6;65;A;0;6;59.3
103;1/2021;SIS687;6;52;A;1;6;59.3
103;1/2021;SIS634;6;63;A;1;6;59.3
103;1/2021;FIS615;6;40;R;1;6;59.3
104;1/2019;MAT199;1;75;A;1;4;74.0
104;1/2019;ADM116;1;79;C;0;4;74.0
104;1/2019;FIS178;1;80;A;0;4;74.0
104;1/2019;COM195;1;62;C;0;4;74.0
104;2/2019;MAT216;2;79;A;0;7;72.7
104;2/2019;COM206;2;85;A;0;7;72.7
104;2/2019;ADM235;2;61;A;0;7;72.7
104;2/2019;ADM290;2;75;A;0;7;72.7
104;2/2019;ADM239;2;64;A;1;7;72.7
104;2/2019;COM216;2;78;A;1;7;72.7
104;2/2019;GEN264;2;67;A;0;7;72.7
104;1/2020;FIS322;3;77;A;0;6;64.3
104;1/2020;GEN362;3;83;A;1;6;64.3
104;1/2020;ADM371;3;90;A;0;6;64.3
104;1/2020;MAT315;3;38;R;0;6;64.3
104;1/2020;FIS345;3;38;R;1;6;64.3
104;1/2020;COM382;3;60;A;0;6;64.3
104;2/2020;MAT315;3;95;A;0;7;68.1
104;2/2020;FIS345;3;49;R;0;7;68.1
104;2/2020;COM411;4;59;C;0;7;68.1
104;2/2020;FIS456;4;64;A;0;7;68.1
104;2/2020;COM450;4;90;A;0;7;68.1
104;2/2020;SIS449;4;70;A;0;7;68.1
104;2/2020;SIS471;4;50;R;1;7;68.1
104;1/2021;FIS345;3;61;A;0;7;59.3
104;1/2021;SIS471;4;63;A;0;7;59.3
104;1/2021;FIS593;5;45;R;0;7;59.3
104;1/2021;ADM569;5;81;A;0;7;59.3
104;1/2021;MAT538;5;76;A;0;7;59.3
104;1/2021;MAT525;5;82;A;0;7;59.3
104;1/2021;SIS501;5;7;R;0;7;59.3
104;2/2021;FIS593;5;75;A;0;4;56.5
104;2/2021;SIS501;5;83;A;0;4;56.5
104;2/2021;ADM640;6;66;A;0;4;56.5
104;2/2021;ADM628;6;2;R;0;4;56.5
104;1/2022;ADM628;6;85;A;0;5;69.8
104;1/2022;ADM784;7;78;A;0;5;69.8
104;1/2022;ADM760;7;61;A;0;5;69.8
104;1/2022;MAT792;7;61;A;0;5;69.8
104;1/2022;FIS713;7;64;A;0;5;69.8
104;2/2022;SHC870;8;75;A;1;4;68.2
104;2/2022;MAT870;8;67;A;0;4;68.2
104;2/2022;FIS800;8;60;A;1;4;68.2
104;2/2022;FIS867;8;71;C;0;4;68.2
104;1/2023;MAT937;9;69;A;0;6;65.8
104;1/2023;SHC926;9;45;C;0;6;65.8
104;1/2023;MAT925;9;64;A;0;6;65.8
104;1/2023;ADM975;9;75;A;0;6;65.8
104;1/2023;SIS905;9;74;A;0;6;65.8
104;1/2023;ADM926;9;68;A;0;6;65.8
104;2/2023;ADM1069;10;78;A;0;7;70.6
104;2/2023;SIS1090;10;63;A;0;7;70.6
104;2/2023;MAT1003;10;92;A;0;7;70.6
104;2/2023;FIS1060;10;73;A;0;7;70.6
104;2/2023;SIS1013;10;63;A;0;7;70.6
104;2/2023;FIS1020;10;89;A;0;7;70.6
104;2/2023;FIS1081;10;36;R;1;7;70.6
105;1/2020;MAT191;1;83;A;0;6;80.2
105;1/2020;MAT110;1;68;A;0;6;80.2
105;1/2020;SIS195;1;82;A;0;6;80.2
105;1/2020;COM196;1;92;A;1;6;80.2
105;1/2020;SHC163;1;84;C;0;6;80.2
105;1/2020;SIS171;1;72;A;0;6;80.2
105;2/2020;SHC256;2;79;A;0;7;60.3
105;2/2020;MAT242;2;69;C;1;7;60.3
105;2/2020;SIS234;2;59;A;0;7;60.3
105;2/2020;ADM281;2;79;A;0;7;60.3
105;2/2020;GEN296;2;11;R;1;7;60.3
105;2/2020;COM248;2;68;A;1;7;60.3
105;2/2020;GEN222;2;57;C;0;7;60.3
105;1/2021;GEN296;2;48;R;0;4;38.8
105;1/2021;GEN311;3;38;R;0;4;38.8
105;1/2021;SHC325;3;55;C;0;4;38.8
105;1/2021;FIS336;3;14;R;0;4;38.8
105;2/2021;GEN296;2;80;A;0;4;65.2
105;2/2021;GEN311;3;82;A;0;4;65.2
105;2/2021;FIS336;3;59;A;0;4;65.2
105;2/2021;SHC347;3;40;R;0;4;65.2
105;1/2022;SHC347;3;41;R;0;5;55.8
105;1/2022;COM479;4;75;A;0;5;55.8
105;1/2022;SHC448;4;67;A;0;5;55.8
105;1/2022;SHC467;4;29;R;0;5;55.8
105;1/2022;MAT436;4;67;A;0;5;55.8
105;2/2022;SHC347;3;68;A;0;5;69.0
105;2/2022;SHC467;4;71;A;0;5;69.0
105;2/2022;FIS493;4;95;A;0;5;69.0
105;2/2022;GEN448;4;46;R;1;5;69.0
105;2/2022;GEN475;4;65;A;0;5;69.0
105;1/2023;GEN448;4;72;A;0;4;58.0
105;1/2023;SHC543;5;65;A;0;4;58.0
105;1/2023;SHC583;5;21;R;1;4;58.0
105;1/2023;SHC536;5;74;A;0;4;58.0
105;2/2023;SHC583;5;24;R;1;4;23.8
105;2/2023;SIS673;6;17;R;0;4;23.8
105;2/2023;SHC643;6;14;R;1;4;23.8
105;2/2023;FIS644;6;40;R;0;4;23.8
105;1/2024;SHC583;5;23;R;1;5;52.4
105;1/2024;SIS673;6;45;R;0;5;52.4
105;1/2024;SHC643;6;58;A;0;5;52.4
105;1/2024;FIS644;6;65;C;1;5;52.4
105;1/2024;FIS666;6;71;A;0;5;52.4
106;1/2019;GEN122;1;59;A;0;5;53.0
106;1/2019;SHC188;1;33;R;0;5;53.0
106;1/2019;ADM195;1;42;R;0;5;53.0
106;1/2019;ADM105;1;57;C;0;5;53.0
106;1/2019;SIS172;1;74;A;0;5;53.0
106;2/2019;SHC188;1;66;A;0;7;53.1
106;2/2019;ADM195;1;24;R;0;7;53.1
106;2/2019;ADM185;1;59;A;1;7;53.1
106;2/2019;SIS104;1;79;A;0;7;53.1
106;2/2019;SIS133;1;63;A;0;7;53.1
106;2/2019;FIS179;1;61;A;0;7;53.1
106;2/2019;FIS164;1;20;R;0;7;53.1
106;1/2020;ADM195;1;93;A;0;5;78.6
106;1/2020;FIS164;1;77;A;1;5;78.6
106;1/2020;MAT218;2;85;A;0;5;78.6
106;1/2020;FIS220;2;68;C;0;5;78.6
106;1/2020;SHC248;2;70;A;0;5;78.6
106;2/2020;SHC330;3;87;A;0;6;40.2
106;2/2020;ADM388;3;62;A;0;6;40.2
106;2/2020;MAT302;3;9;R;0;6;40.2
106;2/2020;SIS335;3;0;R;0;6;40.2
106;2/2020;SHC301;3;9;R;1;6;40.2
106;2/2020;FIS304;3;74;A;0;6;40.2
106;1/2021;MAT302;3;73;A;1;6;55.3
106;1/2021;SIS335;3;23;R;0;6;55.3
106;1/2021;SHC301;3;76;C;0;6;55.3
106;1/2021;ADM311;3;65;A;1;6;55.3
106;1/2021;MAT386;3;34;R;0;6;55.3
106;1/2021;FIS399;3;61;A;0;6;55.3
106;2/2021;SIS335;3;11;R;0;6;63.0
106;2/2021;MAT386;3;95;A;0;6;63.0
106;2/2021;ADM495;4;81;A;0;6;63.0
106;2/2021;FIS470;4;58;A;0;6;63.0
106;2/2021;GEN494;4;70;A;1;6;63.0
106;2/2021;ADM495;4;63;A;0;6;63.0
106;1/2022;SIS335;3;27;R;0;5;52.6
106;1/2022;COM596;5;17;R;0;5;52.6
106;1/2022;FIS536;5;71;A;1;5;52.6
106;1/2022;MAT516;5;75;A;0;5;52.6
106;1/2022;SHC553;5;73;A;0;5;52.6
106;2/2022;SIS335;3;49;R;0;5;43.6
106;2/2022;COM596;5;67;A;0;5;43.6
106;2/2022;GEN554;5;63;A;0;5;43.6
106;2/2022;MAT584;5;11;R;0;5;43.6
106;2/2022;SIS562;5;28;R;0;5;43.6
107;1/2018;GEN135;1;76;A;0;5;51.2
107;1/2018;SHC149;1;33;R;0;5;51.2
107;1/2018;COM151;1;49;R;0;5;51.2
107;1/2018;SIS171;1;78;A;0;5;51.2
107;1/2018;GEN132;1;20;R;0;5;51.2
107;2/2018;SHC149;1;48;R;0;6;49.5
107;2/2018;COM151;1;0;R;1;6;49.5
107;2/2018;GEN132;1;91;A;1;6;49.5
107;2/2018;SHC124;1;74;A;0;6;49.5
107;2/2018;SHC127;1;1;R;0;6;49.5
107;2/2018;SIS146;1;83;A;0;6;49.5
107;1/2019;SHC149;1;55;A;0;4;45.8
107;1/2019;COM151;1;9;R;1;4;45.8
107;1/2019;SHC127;1;57;A;0;4;45.8
107;1/2019;GEN145;1;62;A;0;4;45.8
107;2/2019;COM151;1;57;A;0;6;59.5
107;2/2019;SHC257;2;77;A;0;6;59.5
107;2/2019;ADM259;2;74;A;0;6;59.5
107;2/2019;MAT280;2;64;C;0;6;59.5
107;2/2019;SIS244;2;25;R;0;6;59.5
107;2/2019;COM280;2;60;A;0;6;59.5
107;1/2020;SIS244;2;47;R;0;6;64.0
107;1/2020;MAT300;3;76;A;1;6;64.0
107;1/2020;SIS364;3;26;R;0;6;64.0
107;1/2020;FIS337;3;86;A;0;6;64.0
107;1/2020;ADM304;3;81;A;0;6;64.0
107;1/2020;COM343;3;68;A;0;6;64.0
107;2/2020;SIS244;2;79;A;0;4;61.0
107;2/2020;SIS364;3;28;R;0;4;61.0
107;2/2020;COM470;4;72;A;1;4;61.0
107;2/2020;SHC465;4;65;A;0;4;61.0
107;1/2021;SIS364;3;57;A;0;6;58.0
107;1/2021;MAT531;5;36;R;0;6;58.0
107;1/2021;SIS552;5;63;A;0;6;58.0
107;1/2021;FIS533;5;60;A;1;6;58.0
107;1/2021;SIS558;5;55;A;0;6;58.0
107;1/2021;GEN578;5;77;A;0;6;58.0
107;2/2021;MAT531;5;21;R;0;4;53.2
107;2/2021;MAT672;6;60;A;0;4;53.2
107;2/2021;SHC659;6;77;A;0;4;53.2
107;2/2021;FIS603;6;55;C;0;4;53.2
107;1/2022;MAT531;5;65;A;0;7;60.4
107;1/2022;FIS731;7;61;A;0;7;60.4
107;1/2022;COM766;7;77;A;0;7;60.4
107;1/2022;FIS758;7;62;A;0;7;60.4
107;1/2022;GEN781;7;73;A;0;7;60.4
107;1/2022;FIS787;7;12;R;1;7;60.4
107;1/2022;GEN766;7;73;A;0;7;60.4
108;1/2018;ADM199;1;69;A;0;7;71.1
108;1/2018;SHC133;1;71;A;1;7;71.1
108;1/2018;FIS197;1;73;A;0;7;71.1
108;1/2018;FIS199;1;67;A;0;7;71.1
108;1/2018;FIS162;1;72;A;0;7;71.1
108;1/2018;SIS177;1;76;A;1;7;71.1
108;1/2018;FIS131;1;70;A;1;7;71.1
108;2/2018;SIS246;2;76;A;0;6;68.3
108;2/2018;FIS247;2;59;A;0;6;68.3
108;2/2018;FIS290;2;61;A;0;6;68.3
108;2/2018;FIS235;2;54;A;1;6;68.3
108;2/2018;MAT284;2;72;A;1;6;68.3
108;2/2018;GEN260;2;88;A;0;6;68.3
108;1/2019;COM390;3;93;A;0;6;76.5
108;1/2019;COM381;3;67;A;0;6;76.5
108;1/2019;FIS364;3;65;A;1;6;76.5
108;1/2019;GEN322;3;73;A;1;6;76.5
108;1/2019;MAT305;3;80;A;0;6;76.5
108;1/2019;FIS309;3;81;A;0;6;76.5
108;2/2019;FIS462;4;78;A;0;5;53.2
108;2/2019;SIS414;4;54;A;0;5;53.2
108;2/2019;FIS443;4;39;R;0;5;53.2
108;2/2019;COM434;4;28;R;0;5;53.2
108;2/2019;ADM495;4;67;A;0;5;53.2
108;1/2020;FIS443;4;64;A;0;7;52.0
108;1/2020;COM434;4;40;R;0;7;52.0
108;1/2020;GEN480;4;76;A;0;7;52.0
108;1/2020;SHC495;4;63;A;0;7;52.0
108;1/2020;COM487;4;0;R;0;7;52.0
108;1/2020;GEN426;4;57;A;0;7;52.0
108;1/2020;COM451;4;64;A;0;7;52.0
108;2/2020;COM434;4;60;A;1;6;63.8
108;2/2020;COM487;4;76;A;1;6;63.8
108;2/2020;GEN564;5;56;A;0;6;63.8
108;2/2020;ADM564;5;67;A;0;6;63.8
108;2/2020;SIS512;5;63;C;0;6;63.8
108;2/2020;ADM561;5;61;A;1;6;63.8
109;1/2019;GEN159;1;81;A;0;6;61.8
109;1/2019;MAT135;1;57;A;0;6;61.8
109;1/2019;ADM160;1;80;A;1;6;61.8
109;1/2019;SHC115;1;64;A;0;6;61.8
109;1/2019;ADM121;1;59;A;0;6;61.8
109;1/2019;SHC174;1;30;R;0;6;61.8
109;2/2019;SHC174;1;91;C;0;5;70.8
109;2/2019;FIS275;2;74;A;0;5;70.8
109;2/2019;SHC277;2;35;R;0;5;70.8
109;2/2019;ADM242;2;80;C;0;5;70.8
109;2/2019;FIS295;2;74;A;0;5;70.8
109;1/2020;SHC277;2;69;A;1;6;50.3
109;1/2020;SHC301;3;82;A;0;6;50.3
109;1/2020;SIS366;3;66;A;0;6;50.3
109;1/2020;FIS375;3;15;R;0;6;50.3
109;1/2020;FIS326;3;17;R;0;6;50.3
109;1/2020;GEN347;3;53;A;0;6;50.3
109;2/2020;FIS375;3;50;R;0;7;56.9
109;2/2020;FIS326;3;70;A;0;7;56.9
109;2/2020;SIS431;4;20;R;0;7;56.9
109;2/2020;SIS464;4;81;A;0;7;56.9
109;2/2020;COM422;4;70;A;1;7;56.9
109;2/2020;SHC489;4;30;R;0;7;56.9
109;2/2020;SHC491;4;77;A;0;7;56.9
109;1/2021;FIS375;3;53;A;0;5;44.0
109;1/2021;SIS431;4;16;R;0;5;44.0
109;1/2021;SHC489;4;69;A;1;5;44.0
109;1/2021;COM421;4;30;R;0;5;44.0
109;1/2021;SHC453;4;52;A;1;5;44.0
109;2/2021;SIS431;4;54;A;0;6;49.7
109;2/2021;COM421;4;90;C;0;6;49.7
109;2/2021;GEN483;4;23;R;0;6;49.7
109;2/2021;COM445;4;26;R;0;6;49.7
109;2/2021;MAT419;4;72;A;0;6;49.7
109;2/2021;FIS441;4;33;R;0;6;49.7
109;1/2022;GEN483;4;78;A;0;6;70.2
109;1/2022;COM445;4;66;A;0;6;70.2
109;1/2022;FIS441;4;71;C;0;6;70.2
109;1/2022;ADM481;4;49;R;1;6;70.2
109;1/2022;SHC444;4;84;A;1;6;70.2
109;1/2022;SIS400;4;73;A;0;6;70.2
109;2/2022;ADM481;4;64;A;0;5;58.2
109;2/2022;GEN557;5;68;A;0;5;58.2
109;2/2022;GEN541;5;62;A;0;5;58.2
109;2/2022;SHC551;5;26;R;0;5;58.2
109;2/2022;SIS596;5;71;A;0;5;58.2
110;1/2018;MAT188;1;88;A;0;7;59.1
110;1/2018;COM149;1;73;A;0;7;59.1
110;1/2018;ADM187;1;65;A;0;7;59.1
110;1/2018;MAT150;1;59;A;1;7;59.1
110;1/2018;MAT106;1;43;R;0;7;59.1
110;1/2018;FIS188;1;65;A;0;7;59.1
110;1/2018;MAT154;1;21;R;0;7;59.1
110;2/2018;MAT106;1;68;A;0;6;63.8
110;2/2018;MAT154;1;78;A;0;6;63.8
110;2/2018;COM208;2;68;C;0;6;63.8
110;2/2018;SIS231;2;58;A;1;6;63.8
110;2/2018;FIS266;2;34;R;0;6;63.8
110;2/2018;GEN257;2;77;A;0;6;63.8
110;1/2019;FIS266;2;26;R;0;4;48.8
110;1/2019;GEN384;3;33;R;0;4;48.8
110;1/2019;SHC394;3;70;A;0;4;48.8
110;1/2019;ADM367;3;66;A;0;4;48.8
110;2/2019;FIS266;2;74;A;0;5;72.0
110;2/2019;GEN384;3;73;A;0;5;72.0
110;2/2019;FIS301;3;79;A;0;5;72.0
110;2/2019;FIS328;3;78;A;0;5;72.0
110;2/2019;ADM312;3;56;A;1;5;72.0
110;1/2020;SIS405;4;66;C;0;4;73.0
110;1/2020;MAT403;4;64;A;0;4;73.0
110;1/2020;MAT483;4;75;A;0;4;73.0
110;1/2020;SHC424;4;87;A;0;4;73.0
110;2/2020;GEN583;5;72;A;0;6;53.0
110;2/2020;COM514;5;30;R;1;6;53.0
110;2/2020;FIS573;5;73;A;0;6;53.0
110;2/2020;MAT570;5;71;A;0;6;53.0
110;2/2020;SIS571;5;17;R;0;6;53.0
110;2/2020;FIS562;5;55;A;1;6;53.0
111;1/2020;COM196;1;33;R;0;5;50.6
111;1/2020;COM178;1;55;A;0;5;50.6
111;1/2020;MAT143;1;76;A;0;5;50.6
111;1/2020;MAT144;1;16;R;0;5;50.6
111;1/2020;FIS178;1;73;A;0;5;50.6
111;2/2020;COM196;1;62;A;0;5;49.2
111;2/2020;MAT144;1;67;A;0;5;49.2
111;2/2020;FIS168;1;24;R;0;5;49.2
111;2/2020;COM115;1;71;A;0;5;49.2
111;2/2020;SHC186;1;22;R;0;5;49.2
111;1/2021;FIS168;1;70;A;1;4;51.5
111;1/2021;SHC186;1;58;A;0;4;51.5
111;1/2021;ADM166;1;13;R;0;4;51.5
111;1/2021;GEN180;1;65;A;0;4;51.5
111;2/2021;ADM166;1;65;A;0;7;56.7
111;2/2021;SIS292;2;62;A;0;7;56.7
111;2/2021;ADM207;2;70;A;0;7;56.7
111;2/2021;COM297;2;53;C;0;7;56.7
111;2/2021;ADM213;2;65;A;0;7;56.7
111;2/2021;MAT209;2;41;R;0;7;56.7
111;2/2021;FIS208;2;41;R;0;7;56.7
111;1/2022;MAT209;2;33;R;1;6;67.7
111;1/2022;FIS208;2;74;A;0;6;67.7
111;1/2022;SIS342;3;77;A;0;6;67.7
111;1/2022;GEN323;3;87;A;0;6;67.7
111;1/2022;SIS315;3;74;C;1;6;67.7
111;1/2022;ADM353;3;61;A;0;6;67.7
111;2/2022;MAT209;2;64;A;1;5;64.8
111;2/2022;COM439;4;65;A;0;5;64.8
111;2/2022;MAT406;4;64;A;0;5;64.8
111;2/2022;ADM439;4;71;A;0;5;64.8
111;2/2022;SHC493;4;60;A;0;5;64.8
112;1/2019;SHC197;1;65;A;0;7;55.3
112;1/2019;COM115;1;56;A;0;7;55.3
112;1/2019;COM144;1;24;R;0;7;55.3
112;1/2019;FIS105;1;59;A;0;7;55.3
112;1/2019;FIS115;1;65;A;1;7;55.3
112;1/2019;FIS198;1;54;A;0;7;55.3
112;1/2019;SHC121;1;64;A;1;7;55.3
112;2/2019;COM144;1;77;A;0;4;75.5
112;2/2019;SHC261;2;64;A;0;4;75.5
112;2/2019;SIS209;2;77;A;0;4;75.5
112;2/2019;FIS200;2;84;A;1;4;75.5
112;1/2020;FIS377;3;70;A;0;5;65.2
112;1/2020;GEN304;3;60;A;0;5;65.2
112;1/2020;SIS315;3;67;A;0;5;65.2
112;1/2020;GEN340;3;69;A;0;5;65.2
112;1/2020;GEN363;3;60;A;0;5;65.2
112;2/2020;ADM409;4;12;R;0;5;46.8
112;2/2020;COM421;4;82;A;1;5;46.8
112;2/2020;MAT417;4;59;A;0;5;46.8
112;2/2020;MAT401;4;16;R;0;5;46.8
112;2/2020;COM487;4;65;A;0;5;46.8
112;1/2021;ADM409;4;66;C;0;4;51.2
112;1/2021;MAT401;4;19;R;0;4;51.2
112;1/2021;ADM439;4;41;R;1;4;51.2
112;1/2021;SIS441;4;79;C;0;4;51.2
112;2/2021;MAT401;4;40;R;0;4;69.5
112;2/2021;ADM439;4;80;A;0;4;69.5
112;2/2021;SHC427;4;77;A;0;4;69.5
112;2/2021;SIS422;4;81;A;0;4;69.5
113;1/2018;FIS129;1;39;R;0;4;52.2
113;1/2018;SHC133;1;13;R;0;4;52.2
113;1/2018;SIS191;1;78;A;1;4;52.2
113;1/2018;SHC167;1;79;A;0;4;52.2
113;2/2018;FIS129;1;58;A;0;4;60.8
113;2/2018;SHC133;1;82;A;0;4;60.8
113;2/2018;FIS107;1;55;A;0;4;60.8
113;2/2018;MAT165;1;48;R;1;4;60.8
113;1/2019;MAT165;1;68;A;0;4;47.5
113;1/2019;GEN204;2;13;R;1;4;47.5
113;1/2019;ADM260;2;52;A;0;4;47.5
113;1/2019;SHC289;2;57;A;0;4;47.5
113;2/2019;GEN204;2;86;A;1;4;79.8
113;2/2019;FIS318;3;77;C;0;4;79.8
113;2/2019;SIS310;3;84;A;0;4;79.8
113;2/2019;MAT360;3;72;A;0;4;79.8
113;1/2020;FIS459;4;14;R;0;6;60.5
113;1/2020;COM487;4;66;A;0;6;60.5
113;1/2020;MAT476;4;66;A;0;6;60.5
113;1/2020;GEN421;4;71;A;0;6;60.5
113;1/2020;MAT461;4;69;A;0;6;60.5
113;1/2020;GEN486;4;77;A;0;6;60.5
113;2/2020;FIS459;4;79;A;0;4;71.0
113;2/2020;FIS588;5;78;A;0;4;71.0
113;2/2020;SIS552;5;50;R;0;4;71.0
113;2/2020;SHC570;5;77;A;0;4;71.0
113;1/2021;SIS552;5;63;A;0;6;63.0
113;1/2021;SHC624;6;23;R;0;6;63.0
113;1/2021;ADM634;6;73;A;0;6;63.0
113;1/2021;SIS637;6;70;A;0;6;63.0
113;1/2021;FIS613;6;78;A;0;6;63.0
113;1/2021;GEN688;6;71;A;0;6;63.0
114;1/2018;SHC166;1;59;A;0;5;60.2
114;1/2018;GEN169;1;63;C;0;5;60.2
114;1/2018;SIS160;1;88;A;0;5;60.2
114;1/2018;GEN162;1;72;A;0;5;60.2
114;1/2018;SHC154;1;19;R;0;5;60.2
114;2/2018;SHC154;1;77;A;0;4;65.8
114;2/2018;MAT238;2;71;A;0;4;65.8
114;2/2018;GEN234;2;44;R;1;4;65.8
114;2/2018;GEN232;2;71;A;0;4;65.8
114;1/2019;GEN234;2;74;A;0;4;72.8
114;1/2019;GEN322;3;78;A;0;4;72.8
114;1/2019;FIS304;3;73;A;0;4;72.8
114;1/2019;SHC392;3;66;A;0;4;72.8
114;2/2019;FIS452;4;48;R;0;6;61.3
114;2/2019;COM457;4;72;A;0;6;61.3
114;2/2019;MAT408;4;73;A;0;6;61.3
114;2/2019;SHC487;4;20;R;0;6;61.3
114;2/2019;GEN447;4;73;C;0;6;61.3
114;2/2019;GEN400;4;82;A;0;6;61.3
114;1/2020;FIS452;4;39;R;0;5;52.6
114;1/2020;SHC487;4;28;R;0;5;52.6
114;1/2020;MAT506;5;77;A;0;5;52.6
114;1/2020;GEN537;5;46;R;0;5;52.6
114;1/2020;ADM539;5;73;A;0;5;52.6
114;2/2020;FIS452;4;71;A;0;7;64.1
114;2/2020;SHC487;4;70;A;0;7;64.1
114;2/2020;GEN537;5;23;R;0;7;64.1
114;2/2020;SHC576;5;67;A;0;7;64.1
114;2/2020;GEN516;5;89;A;0;7;64.1
114;2/2020;MAT519;5;68;A;0;7;64.1
114;2/2020;GEN596;5;61;A;0;7;64.1
114;1/2021;GEN537;5;33;R;0;5;42.6
114;1/2021;MAT621;6;41;C;0;5;42.6
114;1/2021;SHC639;6;22;R;1;5;42.6
114;1/2021;COM691;6;74;A;0;5;42.6
114;1/2021;SHC647;6;43;R;0;5;42.6
114;2/2021;GEN537;5;94;A;0;6;68.8
114;2/2021;SHC639;6;64;A;0;6;68.8
114;2/2021;SHC647;6;78;A;0;6;68.8
114;2/2021;SHC692;6;21;R;0;6;68.8
114;2/2021;SIS631;6;77;A;0;6;68.8
114;2/2021;SIS660;6;79;A;0;6;68.8
114;1/2022;SHC692;6;60;A;0;5;40.0
114;1/2022;SIS775;7;31;R;0;5;40.0
114;1/2022;COM742;7;22;R;0;5;40.0
114;1/2022;SHC730;7;36;R;0;5;40.0
114;1/2022;FIS716;7;51;A;1;5;40.0
115;1/2019;GEN183;1;53;A;0;6;59.3
115;1/2019;SHC199;1;64;A;0;6;59.3
115;1/2019;SIS157;1;60;A;0;6;59.3
115;1/2019;ADM184;1;30;R;1;6;59.3
115;1/2019;COM146;1;64;C;0;6;59.3
115;1/2019;MAT165;1;85;C;0;6;59.3
115;2/2019;ADM184;1;72;A;0;6;55.8
115;2/2019;COM224;2;65;A;0;6;55.8
115;2/2019;ADM273;2;39;R;1;6;55.8
115;2/2019;ADM292;2;29;R;1;6;55.8
115;2/2019;ADM232;2;71;A;0;6;55.8
115;2/2019;GEN248;2;59;A;0;6;55.8
115;1/2020;ADM273;2;78;C;0;5;73.8
115;1/2020;ADM292;2;84;A;0;5;73.8
115;1/2020;SIS334;3;63;C;1;5;73.8
115;1/2020;ADM308;3;73;A;0;5;73.8
115;1/2020;SHC308;3;71;A;1;5;73.8
115;2/2020;COM430;4;65;A;0;7;65.4
115;2/2020;ADM427;4;64;A;0;7;65.4
115;2/2020;SHC454;4;36;R;0;7;65.4
115;2/2020;SIS411;4;68;A;0;7;65.4
115;2/2020;SHC471;4;52;A;0;7;65.4
115;2/2020;SIS495;4;93;A;0;7;65.4
115;2/2020;MAT440;4;80;A;0;7;65.4
115;1/2021;SHC454;4;79;A;0;7;50.6
115;1/2021;MAT564;5;63;A;0;7;50.6
115;1/2021;FIS547;5;80;A;0;7;50.6
115;1/2021;SIS515;5;67;A;0;7;50.6
115;1/2021;SHC510;5;44;R;0;7;50.6
115;1/2021;COM508;5;10;R;0;7;50.6
115;1/2021;SHC586;5;11;R;0;7;50.6
115;2/2021;SHC510;5;68;A;0;5;55.4
115;2/2021;COM508;5;31;R;0;5;55.4
115;2/2021;SHC586;5;25;R;0;5;55.4
115;2/2021;SHC595;5;95;A;0;5;55.4
115;2/2021;FIS591;5;58;A;0;5;55.4
115;1/2022;COM508;5;36;R;0;4;62.5
115;1/2022;SHC586;5;82;A;0;4;62.5
115;1/2022;FIS579;5;63;C;0;4;62.5
115;1/2022;ADM516;5;69;A;0;4;62.5
115;2/2022;COM508;5;65;A;0;7;55.3
115;2/2022;ADM633;6;80;A;0;7;55.3
115;2/2022;FIS607;6;25;R;1;7;55.3
115;2/2022;GEN644;6;63;A;0;7;55.3
115;2/2022;FIS607;6;57;A;0;7;55.3
115;2/2022;FIS656;6;73;A;0;7;55.3
115;2/2022;FIS603;6;24;R;0;7;55.3
116;1/2019;ADM184;1;68;A;0;5;63.2
116;1/2019;MAT186;1;66;A;0;5;63.2
116;1/2019;FIS129;1;32;R;0;5;63.2
116;1/2019;ADM175;1;79;C;0;5;63.2
116;1/2019;MAT158;1;71;A;1;5;63.2
116;2/2019;FIS129;1;76;A;0;7;68.7
116;2/2019;MAT254;2;48;R;0;7;68.7
116;2/2019;SHC200;2;64;A;1;7;68.7
116;2/2019;MAT220;2;73;A;0;7;68.7
116;2/2019;MAT219;2;65;A;0;7;68.7
116;2/2019;ADM276;2;81;A;0;7;68.7
116;2/2019;FIS219;2;74;A;0;7;68.7
116;1/2020;MAT254;2;86;A;0;6;54.8
116;1/2020;ADM377;3;51;A;0;6;54.8
116;1/2020;SIS315;3;74;A;0;6;54.8
116;1/2020;ADM336;3;17;R;0;6;54.8
116;1/2020;FIS325;3;41;R;0;6;54.8
116;1/2020;SIS315;3;60;A;0;6;54.8
116;2/2020;ADM336;3;18;R;0;5;58.4
116;2/2020;FIS325;3;69;A;0;5;58.4
116;2/2020;ADM401;4;68;A;0;5;58.4
116;2/2020;GEN473;4;66;A;0;5;58.4
116;2/2020;FIS494;4;71;A;0;5;58.4
116;1/2021;ADM336;3;26;R;0;7;66.3
116;1/2021;ADM559;5;81;A;0;7;66.3
116;1/2021;FIS531;5;57;A;0;7;66.3
116;1/2021;SIS588;5;66;A;0;7;66.3
116;1/2021;FIS528;5;91;A;0;7;66.3
116;1/2021;GEN565;5;76;C;0;7;66.3
116;1/2021;GEN512;5;67;A;1;7;66.3
116;2/2021;ADM336;3;77;A;0;6;68.8
116;2/2021;SIS667;6;68;A;1;6;68.8
116;2/2021;SIS628;6;72;A;0;6;68.8
116;2/2021;FIS652;6;60;A;0;6;68.8
116;2/2021;ADM606;6;80;A;0;6;68.8
116;2/2021;ADM626;6;56;C;0;6;68.8
116;1/2022;SHC794;7;29;R;0;5;56.6
116;1/2022;SIS736;7;65;A;0;5;56.6
116;1/2022;COM715;7;67;A;0;5;56.6
116;1/2022;GEN730;7;54;A;0;5;56.6
116;1/2022;GEN718;7;68;A;0;5;56.6
116;2/2022;SHC794;7;40;R;0;6;48.7
116;2/2022;SHC819;8;14;R;1;6;48.7
116;2/2022;GEN856;8;80;A;0;6;48.7
116;2/2022;COM888;8;66;A;0;6;48.7
116;2/2022;COM890;8;31;R;0;6;48.7
116;2/2022;FIS815;8;61;A;0;6;48.7
116;1/2023;SHC794;7;31;R;1;5;58.2
116;1/2023;SHC819;8;86;A;0;5;58.2
116;1/2023;COM890;8;59;A;0;5;58.2
116;1/2023;GEN882;8;40;R;0;5;58.2
116;1/2023;MAT850;8;75;A;1;5;58.2
116;2/2023;SHC794;7;73;A;1;4;67.8
116;2/2023;GEN882;8;74;A;0;4;67.8
116;2/2023;MAT813;8;60;A;0;4;67.8
116;2/2023;SIS879;8;64;A;0;4;67.8
117;1/2018;MAT110;1;71;A;0;4;40.8
117;1/2018;GEN166;1;0;R;0;4;40.8
117;1/2018;SHC142;1;19;R;0;4;40.8
117;1/2018;COM139;1;73;A;0;4;40.8
117;2/2018;GEN166;1;73;A;1;7;70.3
117;2/2018;SHC142;1;58;A;1;7;70.3
117;2/2018;COM144;1;73;A;0;7;70.3
117;2/2018;SIS136;1;79;A;0;7;70.3
117;2/2018;FIS136;1;75;A;0;7;70.3
117;2/2018;GEN135;1;63;A;0;7;70.3
117;2/2018;SHC110;1;71;A;0;7;70.3
117;1/2019;COM268;2;68;A;0;7;64.7
117;1/2019;COM216;2;65;A;0;7;64.7
117;1/2019;MAT232;2;80;A;0;7;64.7
117;1/2019;MAT278;2;82;A;0;7;64.7
117;1/2019;SIS204;2;30;R;1;7;64.7
117;1/2019;SHC244;2;74;A;1;7;64.7
117;1/2019;FIS290;2;54;A;0;7;64.7
117;2/2019;SIS204;2;57;A;0;4;65.5
117;2/2019;FIS303;3;72;A;1;4;65.5
117;2/2019;SHC309;3;68;A;0;4;65.5
117;2/2019;FIS328;3;65;C;0;4;65.5
117;1/2020;GEN408;4;36;R;0;5;53.2
117;1/2020;SIS480;4;69;A;0;5;53.2
117;1/2020;FIS476;4;25;R;0;5;53.2
117;1/2020;FIS457;4;60;C;1;5;53.2
117;1/2020;COM403;4;76;C;0;5;53.2
117;2/2020;GEN408;4;18;R;0;6;55.2
117;2/2020;FIS476;4;73;A;0;6;55.2
117;2/2020;GEN406;4;30;R;0;6;55.2
117;2/2020;ADM422;4;51;A;0;6;55.2
117;2/2020;COM467;4;80;A;0;6;55.2
117;2/2020;MAT428;4;79;A;0;6;55.2
117;1/2021;GEN408;4;62;A;0;7;58.0
117;1/2021;GEN406;4;66;A;0;7;58.0
117;1/2021;ADM575;5;83;A;0;7;58.0
117;1/2021;FIS570;5;87;A;1;7;58.0
117;1/2021;GEN551;5;80;C;1;7;58.0
117;1/2021;ADM556;5;19;R;0;7;58.0
117;1/2021;FIS583;5;9;R;0;7;58.0
117;2/2021;ADM556;5;80;A;0;7;67.6
117;2/2021;FIS583;5;72;A;0;7;67.6
117;2/2021;GEN695;6;77;A;0;7;67.6
117;2/2021;GEN620;6;58;A;0;7;67.6
117;2/2021;FIS693;6;57;A;0;7;67.6
117;2/2021;MAT652;6;72;A;0;7;67.6
117;2/2021;FIS628;6;57;A;0;7;67.6
117;1/2022;ADM759;7;69;A;0;7;67.3
117;1/2022;MAT788;7;60;A;0;7;67.3
117;1/2022;GEN706;7;67;A;0;7;67.3
117;1/2022;FIS700;7;74;A;0;7;67.3
117;1/2022;SHC724;7;66;A;0;7;67.3
117;1/2022;ADM706;7;60;A;0;7;67.3
117;1/2022;MAT792;7;75;A;0;7;67.3
118;1/2018;FIS139;1;54;C;0;4;49.5
118;1/2018;GEN158;1;63;A;0;4;49.5
118;1/2018;SHC101;1;37;R;1;4;49.5
118;1/2018;SIS177;1;44;R;0;4;49.5
118;2/2018;SHC101;1;67;C;0;4;68.5
118;2/2018;SIS177;1;90;A;0;4;68.5
118;2/2018;MAT111;1;46;R;0;4;68.5
118;2/2018;ADM146;1;71;A;1;4;68.5
118;1/2019;MAT111;1;70;A;0;6;57.2
118;1/2019;SIS222;2;42;R;0;6;57.2
118;1/2019;GEN203;2;71;A;0;6;57.2
118;1/2019;MAT232;2;81;A;0;6;57.2
118;1/2019;SHC256;2;33;R;1;6;57.2
118;1/2019;GEN217;2;46;R;0;6;57.2
118;2/2019;SIS222;2;81;A;0;4;61.5
118;2/2019;SHC256;2;46;R;0;4;61.5
118;2/2019;GEN217;2;68;A;0;4;61.5
118;2/2019;GEN227;2;51;A;0;4;61.5
118;1/2020;SHC256;2;25;R;0;5;38.4
118;1/2020;MAT323;3;10;R;1;5;38.4
118;1/2020;MAT362;3;16;R;0;5;38.4
118;1/2020;SHC381;3;77;A;0;5;38.4
118;1/2020;ADM362;3;64;C;0;5;38.4
118;2/2020;SHC256;2;57;A;0;5;61.8
118;2/2020;MAT323;3;92;A;1;5;61.8
118;2/2020;MAT362;3;61;A;0;5;61.8
118;2/2020;COM336;3;66;A;0;5;61.8
118;2/2020;SIS351;3;33;R;0;5;61.8
118;1/2021;SIS351;3;75;A;0;5;59.4
118;1/2021;SIS457;4;83;A;0;5;59.4
118;1/2021;FIS462;4;52;A;0;5;59.4
118;1/2021;COM453;4;70;A;0;5;59.4
118;1/2021;COM405;4;17;R;1;5;59.4
118;2/2021;COM405;4;71;A;1;5;65.4
118;2/2021;SIS517;5;62;A;0;5;65.4
118;2/2021;SIS531;5;75;A;1;5;65.4
118;2/2021;SIS529;5;80;A;0;5;65.4
118;2/2021;ADM572;5;39;R;0;5;65.4
118;1/2022;ADM572;5;72;A;0;4;53.0
118;1/2022;ADM627;6;52;A;0;4;53.0
118;1/2022;ADM643;6;69;A;0;4;53.0
118;1/2022;FIS691;6;19;R;0;4;53.0
118;2/2022;FIS691;6;62;A;0;6;49.7
118;2/2022;ADM749;7;34;R;0;6;49.7
118;2/2022;FIS711;7;81;C;0;6;49.7
118;2/2022;COM780;7;0;R;0;6;49.7
118;2/2022;GEN726;7;65;A;0;6;49.7
118;2/2022;MAT702;7;56;A;0;6;49.7
119;1/2019;ADM116;1;80;A;0;7;58.7
119;1/2019;FIS161;1;23;R;1;7;58.7
119;1/2019;SHC150;1;53;A;0;7;58.7
119;1/2019;SIS162;1;68;A;0;7;58.7
119;1/2019;MAT132;1;41;R;0;7;58.7
119;1/2019;SHC192;1;72;A;0;7;58.7
119;1/2019;ADM179;1;74;A;0;7;58.7
119;2/2019;FIS161;1;8;R;0;4;37.0
119;2/2019;MAT132;1;19;R;0;4;37.0
119;2/2019;GEN229;2;74;A;0;4;37.0
119;2/2019;MAT252;2;47;R;0;4;37.0
119;1/2020;FIS161;1;47;R;0;6;57.7
119;1/2020;MAT132;1;59;A;0;6;57.7
119;1/2020;MAT252;2;75;A;0;6;57.7
119;1/2020;COM284;2;72;A;0;6;57.7
119;1/2020;ADM291;2;74;A;0;6;57.7
119;1/2020;ADM298;2;19;R;0;6;57.7
119;2/2020;FIS161;1;46;R;0;6;63.3
119;2/2020;ADM298;2;65;A;0;6;63.3
119;2/2020;MAT354;3;78;C;0;6;63.3
119;2/2020;FIS330;3;35;R;0;6;63.3
119;2/2020;SIS332;3;77;A;0;6;63.3
119;2/2020;COM322;3;79;A;0;6;63.3
119;1/2021;FIS161;1;44;R;0;6;32.0
119;1/2021;FIS330;3;67;A;0;6;32.0
119;1/2021;SHC423;4;20;R;0;6;32.0
119;1/2021;SHC401;4;32;R;1;6;32.0
119;1/2021;COM490;4;29;R;1;6;32.0
119;1/2021;GEN440;4;0;R;0;6;32.0
119;2/2021;FIS161;1;60;C;0;7;67.9
119;2/2021;SHC423;4;25;R;0;7;67.9
119;2/2021;SHC401;4;67;A;0;7;67.9
119;2/2021;COM490;4;80;A;0;7;67.9
119;2/2021;GEN440;4;94;A;0;7;67.9
119;2/2021;MAT476;4;85;C;0;7;67.9
119;2/2021;MAT412;4;64;A;0;7;67.9
119;1/2022;SHC423;4;67;A;1;6;57.3
119;1/2022;FIS591;5;57;A;0;6;57.3
119;1/2022;FIS548;5;52;C;0;6;57.3
119;1/2022;COM514;5;32;R;0;6;57.3
119;1/2022;GEN565;5;72;A;0;6;57.3
119;1/2022;MAT544;5;64;A;0;6;57.3
119;2/2022;COM514;5;29;R;0;4;37.8
119;2/2022;SIS637;6;18;R;1;4;37.8
119;2/2022;GEN673;6;71;A;0;4;37.8
119;2/2022;FIS644;6;33;R;0;4;37.8
119;1/2023;COM514;5;65;A;0;6;61.2
119;1/2023;SIS637;6;70;A;0;6;61.2
119;1/2023;FIS644;6;57;A;0;6;61.2
119;1/2023;ADM684;6;55;A;1;6;61.2
119;1/2023;GEN648;6;58;A;1;6;61.2
119;1/2023;SHC675;6;62;A;0;6;61.2
119;2/2023;FIS765;7;22;R;0;6;59.8
119;2/2023;FIS779;7;61;A;0;6;59.8
119;2/2023;COM793;7;71;A;0;6;59.8
119;2/2023;SIS707;7;74;A;0;6;59.8
119;2/2023;SHC760;7;67;A;0;6;59.8
119;2/2023;MAT761;7;64;A;0;6;59.8
120;1/2020;SIS119;1;60;A;0;7;61.1
120;1/2020;ADM125;1;61;A;0;7;61.1
120;1/2020;GEN109;1;79;A;0;7;61.1
120;1/2020;GEN106;1;68;A;1;7;61.1
120;1/2020;ADM190;1;77;A;0;7;61.1
120;1/2020;ADM153;1;39;R;0;7;61.1
120;1/2020;GEN191;1;44;R;0;7;61.1
120;2/2020;ADM153;1;31;R;0;7;62.0
120;2/2020;GEN191;1;62;A;0;7;62.0
120;2/2020;GEN229;2;78;A;0;7;62.0
120;2/2020;ADM246;2;64;A;0;7;62.0
120;2/2020;FIS269;2;52;A;0;7;62.0
120;2/2020;SIS278;2;74;A;0;7;62.0
120;2/2020;ADM259;2;73;A;0;7;62.0
120;1/2021;ADM153;1;72;C;0;4;72.5
120;1/2021;FIS309;3;79;A;0;4;72.5
120;1/2021;GEN332;3;65;A;0;4;72.5
120;1/2021;GEN312;3;74;A;0;4;72.5
120;2/2021;GEN453;4;19;R;0;7;47.4
120;2/2021;MAT436;4;56;A;0;7;47.4
120;2/2021;ADM488;4;74;A;0;7;47.4
120;2/2021;FIS429;4;34;R;0;7;47.4
120;2/2021;ADM426;4;56;A;0;7;47.4
120;2/2021;ADM468;4;57;A;1;7;47.4
120;2/2021;SIS488;4;36;R;0;7;47.4
120;1/2022;GEN453;4;57;A;0;6;51.2
120;1/2022;FIS429;4;72;A;1;6;51.2
120;1/2022;SIS488;4;75;C;1;6;51.2
120;1/2022;SIS431;4;18;R;0;6;51.2
120;1/2022;GEN443;4;8;R;1;6;51.2
120;1/2022;ADM401;4;77;A;0;6;51.2
120;2/2022;SIS431;4;68;A;0;7;67.6
120;2/2022;GEN443;4;44;R;0;7;67.6
120;2/2022;SIS591;5;82;A;0;7;67.6
120;2/2022;MAT561;5;69;A;1;7;67.6
120;2/2022;SIS570;5;77;A;0;7;67.6
120;2/2022;FIS575;5;62;A;0;7;67.6
120;2/2022;FIS577;5;71;A;0;7;67.6
120;1/2023;GEN443;4;92;A;0;4;75.0
120;1/2023;ADM658;6;70;A;0;4;75.0
120;1/2023;SHC623;6;81;A;0;4;75.0
120;1/2023;SHC616;6;57;A;0;4;75.0
120;2/2023;ADM780;7;60;A;0;5;51.8
120;2/2023;FIS760;7;12;R;0;5;51.8
120;2/2023;SHC730;7;41;R;0;5;51.8
120;2/2023;ADM759;7;86;A;0;5;51.8
120;2/2023;COM760;7;60;A;0;5;51.8
120;1/2024;FIS760;7;70;A;0;4;67.5
120;1/2024;SHC730;7;73;A;0;4;67.5
120;1/2024;GEN752;7;63;A;0;4;67.5
120;1/2024;MAT746;7;64;A;1;4;67.5
121;1/2019;SIS118;1;64;A;0;5;54.2
121;1/2019;COM198;1;78;A;0;5;54.2
121;1/2019;MAT156;1;70;A;0;5;54.2
121;1/2019;ADM100;1;35;R;0;5;54.2
121;1/2019;MAT107;1;24;R;0;5;54.2
121;2/2019;ADM100;1;73;A;0;4;49.5
121;2/2019;MAT107;1;67;A;0;4;49.5
121;2/2019;COM182;1;58;A;0;4;49.5
121;2/2019;COM168;1;0;R;0;4;49.5
121;1/2020;COM168;1;62;A;0;6;46.2
121;1/2020;FIS281;2;40;R;0;6;46.2
121;1/2020;ADM228;2;57;A;0;6;46.2
121;1/2020;COM295;2;60;A;0;6;46.2
121;1/2020;FIS246;2;29;R;0;6;46.2
121;1/2020;GEN267;2;29;R;0;6;46.2
121;2/2020;FIS281;2;34;R;0;4;61.0
121;2/2020;FIS246;2;61;A;0;4;61.0
121;2/2020;GEN267;2;74;A;0;4;61.0
121;2/2020;ADM254;2;75;A;1;4;61.0
121;1/2021;FIS281;2;30;R;0;6;51.8
121;1/2021;COM363;3;71;A;0;6;51.8
121;1/2021;SHC373;3;15;R;0;6;51.8
121;1/2021;MAT316;3;78;C;1;6;51.8
121;1/2021;COM309;3;51;A;0;6;51.8
121;1/2021;MAT392;3;66;A;0;6;51.8
121;2/2021;FIS281;2;80;A;0;6;72.8
121;2/2021;SHC373;3;68;A;0;6;72.8
121;2/2021;ADM458;4;74;A;1;6;72.8
121;2/2021;SIS445;4;74;A;0;6;72.8
121;2/2021;COM445;4;71;A;0;6;72.8
121;2/2021;GEN423;4;70;A;0;6;72.8
121;1/2022;SIS531;5;65;A;0;5;67.4
121;1/2022;SIS546;5;66;A;0;5;67.4
121;1/2022;SHC543;5;64;A;0;5;67.4
121;1/2022;GEN555;5;77;A;0;5;67.4
121;1/2022;SIS591;5;65;A;0;5;67.4
121;2/2022;SIS632;6;80;A;0;6;58.0
121;2/2022;SHC697;6;80;A;1;6;58.0
121;2/2022;GEN685;6;49;R;0;6;58.0
121;2/2022;SIS666;6;63;A;0;6;58.0
121;2/2022;COM654;6;26;R;1;6;58.0
121;2/2022;SHC697;6;50;R;0;6;58.0
121;1/2023;GEN685;6;72;A;0;5;57.6
121;1/2023;COM654;6;59;A;0;5;57.6
121;1/2023;SHC697;6;33;R;1;5;57.6
121;1/2023;ADM604;6;36;R;0;5;57.6
121;1/2023;GEN698;6;88;A;0;5;57.6
122;1/2019;SIS105;1;59;A;1;7;43.6
122;1/2019;GEN110;1;34;R;0;7;43.6
122;1/2019;SHC198;1;65;C;0;7;43.6
122;1/2019;SIS140;1;68;A;0;7;43.6
122;1/2019;FIS114;1;59;A;0;7;43.6
122;1/2019;ADM150;1;18;R;0;7;43.6
122;1/2019;SHC123;1;2;R;1;7;43.6
122;2/2019;GEN110;1;57;A;0;6;71.3
122;2/2019;ADM150;1;84;A;0;6;71.3
122;2/2019;SHC123;1;65;C;0;6;71.3
122;2/2019;SHC173;1;79;A;0;6;71.3
122;2/2019;GEN121;1;75;A;0;6;71.3
122;2/2019;MAT117;1;68;A;0;6;71.3
122;1/2020;COM255;2;72;A;0;7;42.7
122;1/2020;GEN265;2;53;A;0;7;42.7
122;1/2020;FIS295;2;0;R;1;7;42.7
122;1/2020;SHC210;2;33;R;0;7;42.7
122;1/2020;ADM282;2;70;A;0;7;42.7
122;1/2020;SHC229;2;0;R;0;7;42.7
122;1/2020;FIS252;2;71;A;0;7;42.7
122;2/2020;FIS295;2;25;R;0;4;59.5
122;2/2020;SHC210;2;80;A;1;4;59.5
122;2/2020;SHC229;2;69;A;0;4;59.5
122;2/2020;SIS270;2;64;A;0;4;59.5
122;1/2021;FIS295;2;60;A;0;7;54.3
122;1/2021;GEN312;3;90;A;0;7;54.3
122;1/2021;COM373;3;18;R;1;7;54.3
122;1/2021;GEN365;3;58;A;0;7;54.3
122;1/2021;GEN302;3;64;C;0;7;54.3
122;1/2021;GEN336;3;54;A;0;7;54.3
122;1/2021;GEN341;3;36;R;0;7;54.3
122;2/2021;COM373;3;80;A;0;5;59.4
122;2/2021;GEN341;3;37;R;1;5;59.4
122;2/2021;GEN450;4;76;A;0;5;59.4
122;2/2021;SHC417;4;60;A;0;5;59.4
122;2/2021;MAT428;4;44;R;1;5;59.4
122;1/2022;GEN341;3;85;A;0;6;73.8
122;1/2022;MAT428;4;76;A;0;6;73.8
122;1/2022;SHC460;4;52;A;0;6;73.8
122;1/2022;COM407;4;71;A;0;6;73.8
122;1/2022;GEN413;4;89;A;0;6;73.8
122;1/2022;ADM443;4;70;A;0;6;73.8
122;2/2022;COM540;5;72;A;0;7;64.0
122;2/2022;COM577;5;88;A;0;7;64.0
122;2/2022;SIS537;5;70;A;0;7;64.0
122;2/2022;SIS569;5;24;R;0;7;64.0
122;2/2022;GEN572;5;74;A;0;7;64.0
122;2/2022;ADM533;5;44;R;0;7;64.0
122;2/2022;SIS577;5;76;A;0;7;64.0
122;1/2023;SIS569;5;11;R;0;6;56.2
122;1/2023;ADM533;5;59;A;0;6;56.2
122;1/2023;SIS606;6;65;A;0;6;56.2
122;1/2023;FIS682;6;75;A;0;6;56.2
122;1/2023;FIS698;6;64;A;0;6;56.2
122;1/2023;SHC601;6;63;A;0;6;56.2
122;2/2023;SIS569;5;71;A;0;4;61.8
122;2/2023;SIS728;7;75;A;0;4;61.8
122;2/2023;COM733;7;23;R;0;4;61.8
122;2/2023;FIS763;7;78;A;0;4;61.8
123;1/2018;GEN187;1;16;R;0;4;30.2
123;1/2018;SHC115;1;19;R;1;4;30.2
123;1/2018;SHC145;1;23;R;0;4;30.2
123;1/2018;FIS146;1;63;A;0;4;30.2
123;2/2018;GEN187;1;68;A;1;6;68.8
123;2/2018;SHC115;1;86;A;0;6;68.8
123;2/2018;SHC145;1;75;A;1;6;68.8
123;2/2018;ADM160;1;62;A;0;6;68.8
123;2/2018;ADM199;1;55;A;0;6;68.8
123;2/2018;GEN167;1;67;A;0;6;68.8
123;1/2019;SHC238;2;53;A;0;4;59.0
123;1/2019;SIS223;2;71;A;0;4;59.0
123;1/2019;SIS223;2;34;R;0;4;59.0
123;1/2019;SHC253;2;78;C;0;4;59.0
123;2/2019;SIS223;2;38;R;0;6;66.0
123;2/2019;ADM369;3;68;A;1;6;66.0
123;2/2019;FIS312;3;63;A;0;6;66.0
123;2/2019;GEN309;3;69;A;0;6;66.0
123;2/2019;FIS360;3;89;C;0;6;66.0
123;2/2019;SIS386;3;69;A;1;6;66.0
123;1/2020;SIS223;2;0;R;0;4;36.5
123;1/2020;COM485;4;14;R;0;4;36.5
123;1/2020;FIS447;4;75;A;0;4;36.5
123;1/2020;COM406;4;57;A;0;4;36.5
123;2/2020;SIS223;2;0;R;0;4;44.5
123;2/2020;COM485;4;82;A;0;4;44.5
123;2/2020;FIS455;4;71;A;0;4;44.5
123;2/2020;ADM454;4;25;R;0;4;44.5
123;1/2021;SIS223;2;9;R;0;6;57.0
123;1/2021;ADM454;4;96;A;0;6;57.0
123;1/2021;FIS419;4;15;R;0;6;57.0
123;1/2021;SHC437;4;67;A;0;6;57.0
123;1/2021;ADM478;4;73;A;0;6;57.0
123;1/2021;SHC477;4;82;A;0;6;57.0
123;2/2021;SIS223;2;69;A;1;7;59.0
123;2/2021;FIS419;4;28;R;0;7;59.0
123;2/2021;ADM556;5;61;A;0;7;59.0
123;2/2021;SIS577;5;79;A;1;7;59.0
123;2/2021;COM540;5;74;A;0;7;59.0
123;2/2021;SHC535;5;67;A;0;7;59.0
123;2/2021;SHC580;5;35;R;0;7;59.0
123;1/2022;FIS419;4;20;R;0;4;46.2
123;1/2022;SHC580;5;41;R;0;4;46.2
123;1/2022;COM646;6;60;A;0;4;46.2
123;1/2022;ADM681;6;64;A;0;4;46.2
123;2/2022;FIS419;4;66;A;1;7;60.6
123;2/2022;SHC580;5;77;A;0;7;60.6
123;2/2022;FIS627;6;59;A;1;7;60.6
123;2/2022;SHC660;6;42;R;0;7;60.6
123;2/2022;SIS628;6;69;A;0;7;60.6
123;2/2022;COM686;6;30;R;0;7;60.6
123;2/2022;FIS696;6;81;A;0;7;60.6
124;1/2019;SHC159;1;0;R;0;4;42.8
124;1/2019;FIS172;1;17;R;0;4;42.8
124;1/2019;ADM188;1;87;A;0;4;42.8
124;1/2019;MAT140;1;67;A;0;4;42.8
124;2/2019;SHC159;1;65;A;0;7;62.4
124;2/2019;FIS172;1;69;A;0;7;62.4
124;2/2019;SIS127;1;91;A;0;7;62.4
124;2/2019;COM144;1;47;R;0;7;62.4
124;2/2019;GEN155;1;71;A;0;7;62.4
124;2/2019;SIS105;1;76;A;0;7;62.4
124;2/2019;ADM155;1;18;R;0;7;62.4
124;1/2020;COM144;1;58;C;0;5;69.0
124;1/2020;ADM155;1;74;A;0;5;69.0
124;1/2020;ADM202;2;77;A;0;5;69.0
124;1/2020;SHC260;2;68;A;0;5;69.0
124;1/2020;MAT287;2;68;A;0;5;69.0
124;2/2020;SHC302;3;78;A;0;7;61.1
124;2/2020;GEN332;3;64;C;0;7;61.1
124;2/2020;GEN338;3;56;A;1;7;61.1
124;2/2020;SHC394;3;68;A;0;7;61.1
124;2/2020;SIS324;3;76;A;0;7;61.1
124;2/2020;FIS307;3;60;A;1;7;61.1
124;2/2020;ADM356;3;26;R;0;7;61.1
124;1/2021;ADM356;3;86;A;0;7;65.7
124;1/2021;COM494;4;29;R;0;7;65.7
124;1/2021;SIS421;4;74;A;1;7;65.7
124;1/2021;MAT465;4;63;A;0;7;65.7
124;1/2021;FIS476;4;66;A;0;7;65.7
124;1/2021;GEN432;4;75;A;0;7;65.7
124;1/2021;GEN462;4;67;A;0;7;65.7
124;2/2021;COM494;4;77;A;0;6;64.5
124;2/2021;FIS589;5;66;A;0;6;64.5
124;2/2021;GEN526;5;65;A;0;6;64.5
124;2/2021;GEN518;5;77;C;0;6;64.5
124;2/2021;SHC593;5;59;A;0;6;64.5
124;2/2021;COM560;5;43;R;0;6;64.5
124;1/2022;COM560;5;70;A;0;5;64.8
124;1/2022;ADM686;6;76;A;0;5;64.8
124;1/2022;SIS655;6;70;A;0;5;64.8
124;1/2022;SHC619;6;88;A;0;5;64.8
124;1/2022;GEN686;6;20;R;1;5;64.8
124;2/2022;GEN686;6;54;A;1;7;41.6
124;2/2022;COM795;7;28;R;0;7;41.6
124;2/2022;SHC746;7;47;R;0;7;41.6
124;2/2022;MAT701;7;3;R;0;7;41.6
124;2/2022;SIS789;7;66;A;0;7;41.6
124;2/2022;SHC725;7;76;C;0;7;41.6
124;2/2022;COM785;7;17;R;0;7;41.6
125;1/2020;FIS188;1;15;R;0;4;47.2
125;1/2020;MAT155;1;75;A;0;4;47.2
125;1/2020;FIS168;1;47;R;1;4;47.2
125;1/2020;FIS117;1;52;A;0;4;47.2
125;2/2020;FIS188;1;63;A;0;5;55.8
125;2/2020;FIS168;1;58;A;0;5;55.8
125;2/2020;MAT133;1;79;A;0;5;55.8
125;2/2020;SHC133;1;75;A;0;5;55.8
125;2/2020;GEN180;1;4;R;0;5;55.8
125;1/2021;GEN180;1;28;R;0;7;45.3
125;1/2021;SHC227;2;41;R;1;7;45.3
125;1/2021;SHC291;2;16;R;0;7;45.3
125;1/2021;FIS231;2;70;A;0;7;45.3
125;1/2021;MAT287;2;34;R;1;7;45.3
125;1/2021;COM276;2;66;A;1;7;45.3
125;1/2021;COM283;2;62;A;0;7;45.3
125;2/2021;GEN180;1;61;A;0;7;33.6
125;2/2021;SHC227;2;12;R;0;7;33.6
125;2/2021;SHC291;2;81;A;0;7;33.6
125;2/2021;MAT287;2;10;R;0;7;33.6
125;2/2021;COM284;2;23;R;0;7;33.6
125;2/2021;ADM298;2;10;R;0;7;33.6
125;2/2021;MAT282;2;38;R;0;7;33.6
125;1/2022;SHC227;2;67;A;0;6;55.8
125;1/2022;MAT287;2;42;R;0;6;55.8
125;1/2022;COM284;2;85;A;0;6;55.8
125;1/2022;ADM298;2;50;R;0;6;55.8
125;1/2022;MAT282;2;75;A;0;6;55.8
125;1/2022;MAT231;2;16;R;0;6;55.8
125;2/2022;MAT287;2;81;A;0;5;63.2
125;2/2022;ADM298;2;20;R;0;5;63.2
125;2/2022;MAT231;2;76;A;0;5;63.2
125;2/2022;COM226;2;75;A;1;5;63.2
125;2/2022;MAT200;2;64;A;0;5;63.2
125;1/2023;ADM298;2;10;R;0;7;60.7
125;1/2023;SHC361;3;75;A;1;7;60.7
125;1/2023;GEN391;3;78;A;0;7;60.7
125;1/2023;GEN396;3;80;A;0;7;60.7
125;1/2023;ADM374;3;32;R;0;7;60.7
125;1/2023;FIS331;3;79;A;0;7;60.7
125;1/2023;SIS389;3;71;A;0;7;60.7
125;2/2023;ADM298;2;24;R;0;6;26.2
125;2/2023;ADM374;3;55;A;0;6;26.2
125;2/2023;ADM449;4;6;R;0;6;26.2
125;2/2023;ADM489;4;22;R;0;6;26.2
125;2/2023;COM430;4;25;R;0;6;26.2
125;2/2023;SHC455;4;25;R;0;6;26.2
126;1/2020;COM168;1;11;R;0;4;30.0
126;1/2020;MAT100;1;23;R;0;4;30.0
126;1/2020;FIS185;1;9;R;0;4;30.0
126;1/2020;SHC196;1;77;A;0;4;30.0
126;2/2020;COM168;1;66;A;0;6;56.5
126;2/2020;MAT100;1;62;A;0;6;56.5
126;2/2020;FIS185;1;67;A;0;6;56.5
126;2/2020;SHC173;1;64;A;0;6;56.5
126;2/2020;SIS109;1;60;A;0;6;56.5
126;2/2020;MAT146;1;20;R;1;6;56.5
126;1/2021;MAT146;1;71;A;0;4;54.0
126;1/2021;SIS222;2;47;R;0;4;54.0
126;1/2021;ADM207;2;62;A;0;4;54.0
126;1/2021;FIS229;2;36;R;0;4;54.0
126;2/2021;SIS222;2;86;A;0;6;55.0
126;2/2021;FIS229;2;20;R;0;6;55.0
126;2/2021;GEN281;2;65;C;0;6;55.0
126;2/2021;FIS295;2;28;R;0;6;55.0
126;2/2021;SHC237;2;48;R;0;6;55.0
126;2/2021;MAT290;2;83;A;0;6;55.0
126;1/2022;FIS229;2;87;A;0;5;68.6
126;1/2022;FIS295;2;88;A;0;5;68.6
126;1/2022;SHC237;2;67;A;0;5;68.6
126;1/2022;FIS299;2;33;R;0;5;68.6
126;1/2022;SHC254;2;68;A;0;5;68.6
126;2/2022;FIS299;2;32;R;0;5;33.8
126;2/2022;MAT308;3;24;R;0;5;33.8
126;2/2022;SHC378;3;21;R;0;5;33.8
126;2/2022;SIS350;3;26;R;0;5;33.8
126;2/2022;ADM302;3;66;C;1;5;33.8
126;1/2023;FIS299;2;65;A;0;4;73.5
126;1/2023;MAT308;3;75;A;0;4;73.5
126;1/2023;SHC378;3;73;A;0;4;73.5
126;1/2023;SIS350;3;81;A;0;4;73.5
127;1/2018;FIS104;1;27;R;0;4;70.5
127;1/2018;SHC146;1;90;A;0;4;70.5
127;1/2018;GEN187;1;81;A;0;4;70.5
127;1/2018;FIS188;1;84;A;1;4;70.5
127;2/2018;FIS104;1;37;R;0;7;49.9
127;2/2018;ADM221;2;49;R;1;7;49.9
127;2/2018;MAT288;2;58;A;0;7;49.9
127;2/2018;COM277;2;42;R;0;7;49.9
127;2/2018;SIS238;2;75;A;0;7;49.9
127;2/2018;SIS279;2;40;R;0;7;49.9
127;2/2018;SHC243;2;48;R;0;7;49.9
127;1/2019;FIS104;1;76;A;0;7;52.7
127;1/2019;ADM221;2;0;R;0;7;52.7
127;1/2019;COM277;2;82;A;0;7;52.7
127;1/2019;SIS279;2;23;R;1;7;52.7
127;1/2019;SHC243;2;57;A;0;7;52.7
127;1/2019;ADM279;2;72;C;1;7;52.7
127;1/2019;SIS217;2;59;A;0;7;52.7
127;2/2019;ADM221;2;48;R;0;5;49.6
127;2/2019;SIS279;2;72;A;0;5;49.6
127;2/2019;SIS371;3;86;A;0;5;49.6
127;2/2019;COM350;3;24;R;0;5;49.6
127;2/2019;FIS305;3;18;R;0;5;49.6
127;1/2020;ADM221;2;67;C;0;7;61.9
127;1/2020;COM350;3;70;A;0;7;61.9
127;1/2020;FIS305;3;69;C;0;7;61.9
127;1/2020;SHC359;3;73;A;0;7;61.9
127;1/2020;ADM367;3;60;A;0;7;61.9
127;1/2020;COM322;3;27;R;0;7;61.9
127;1/2020;SIS357;3;67;A;0;7;61.9
127;2/2020;COM322;3;14;R;0;4;49.2
127;2/2020;SHC492;4;61;A;0;4;49.2
127;2/2020;SHC446;4;82;A;0;4;49.2
127;2/2020;SHC477;4;40;R;0;4;49.2
127;1/2021;COM322;3;71;A;1;6;61.5
127;1/2021;SHC477;4;29;R;0;6;61.5
127;1/2021;COM422;4;54;A;0;6;61.5
127;1/2021;GEN468;4;79;A;0;6;61.5
127;1/2021;COM419;4;73;A;0;6;61.5
127;1/2021;SHC459;4;63;A;0;6;61.5
127;2/2021;SHC477;4;62;A;0;4;51.5
127;2/2021;FIS573;5;71;C;0;4;51.5
127;2/2021;SIS546;5;32;R;0;4;51.5
127;2/2021;SHC500;5;41;R;0;4;51.5
127;1/2022;SIS546;5;76;A;0;5;73.6
127;1/2022;SHC500;5;79;A;0;5;73.6
127;1/2022;MAT519;5;68;A;0;5;73.6
127;1/2022;SHC546;5;64;C;0;5;73.6
127;1/2022;GEN564;5;81;A;0;5;73.6
127;2/2022;ADM675;6;36;R;0;6;55.8
127;2/2022;GEN652;6;82;A;0;6;55.8
127;2/2022;GEN635;6;41;R;0;6;55.8
127;2/2022;SIS628;6;77;A;0;6;55.8
127;2/2022;COM667;6;78;A;1;6;55.8
127;2/2022;ADM616;6;21;R;0;6;55.8
128;1/2019;GEN154;1;80;C;0;7;67.6
128;1/2019;MAT125;1;73;A;0;7;67.6
128;1/2019;GEN144;1;63;A;0;7;67.6
128;1/2019;COM149;1;60;C;0;7;67.6
128;1/2019;ADM130;1;71;A;0;7;67.6
128;1/2019;GEN106;1;61;A;0;7;67.6
128;1/2019;SIS147;1;65;A;0;7;67.6
128;2/2019;MAT285;2;56;A;0;4;72.8
128;2/2019;COM202;2;80;A;0;4;72.8
128;2/2019;FIS229;2;80;A;1;4;72.8
128;2/2019;SHC225;2;75;A;0;4;72.8
128;1/2020;SIS367;3;85;C;0;5;65.8
128;1/2020;MAT306;3;61;A;0;5;65.8
128;1/2020;ADM354;3;99;A;0;5;65.8
128;1/2020;GEN351;3;17;R;0;5;65.8
128;1/2020;COM348;3;67;C;1;5;65.8
128;2/2020;GEN351;3;90;A;0;7;70.6
128;2/2020;COM475;4;69;A;0;7;70.6
128;2/2020;COM499;4;71;A;1;7;70.6
128;2/2020;SHC462;4;54;A;0;7;70.6
128;2/2020;SHC427;4;65;A;1;7;70.6
128;2/2020;FIS497;4;65;A;0;7;70.6
128;2/2020;SHC489;4;80;A;0;7;70.6
128;1/2021;MAT560;5;81;A;1;4;69.8
128;1/2021;MAT558;5;46;R;1;4;69.8
128;1/2021;SHC515;5;70;A;0;4;69.8
128;1/2021;FIS568;5;82;A;0;4;69.8
128;2/2021;MAT558;5;97;A;0;7;77.0
128;2/2021;SIS699;6;67;A;1;7;77.0
128;2/2021;GEN698;6;82;A;0;7;77.0
128;2/2021;SIS673;6;77;A;0;7;77.0
128;2/2021;FIS692;6;59;A;0;7;77.0
128;2/2021;COM653;6;80;A;1;7;77.0
128;2/2021;COM681;6;77;A;0;7;77.0
129;1/2019;ADM150;1;47;R;0;6;46.0
129;1/2019;SHC137;1;19;R;0;6;46.0
129;1/2019;SIS124;1;60;A;1;6;46.0
129;1/2019;SHC160;1;68;A;0;6;46.0
129;1/2019;MAT127;1;34;R;0;6;46.0
129;1/2019;GEN177;1;48;R;0;6;46.0
129;2/2019;ADM150;1;73;A;0;7;63.4
129;2/2019;SHC137;1;69;C;0;7;63.4
129;2/2019;MAT127;1;55;A;1;7;63.4
129;2/2019;GEN177;1;66;C;0;7;63.4
129;2/2019;ADM103;1;79;A;0;7;63.4
129;2/2019;SHC125;1;24;R;0;7;63.4
129;2/2019;ADM176;1;78;C;0;7;63.4
129;1/2020;SHC125;1;47;R;1;5;43.0
129;1/2020;SIS227;2;52;A;0;5;43.0
129;1/2020;SHC239;2;55;A;0;5;43.0
129;1/2020;ADM255;2;6;R;0;5;43.0
129;1/2020;FIS261;2;55;C;0;5;43.0
129;2/2020;SHC125;1;75;C;0;4;69.5
129;2/2020;ADM255;2;87;C;0;4;69.5
129;2/2020;FIS267;2;72;A;0;4;69.5
129;2/2020;GEN294;2;44;R;0;4;69.5
129;1/2021;GEN294;2;40;R;0;7;40.1
129;1/2021;COM327;3;80;A;0;7;40.1
129;1/2021;SHC396;3;15;R;0;7;40.1
129;1/2021;GEN396;3;65;A;0;7;40.1
129;1/2021;MAT378;3;57;A;0;7;40.1
129;1/2021;SHC363;3;14;R;0;7;40.1
129;1/2021;GEN316;3;10;R;0;7;40.1
129;2/2021;GEN294;2;40;R;1;5;58.2
129;2/2021;SHC396;3;70;A;0;5;58.2
129;2/2021;SHC363;3;70;A;0;5;58.2
129;2/2021;GEN316;3;76;C;0;5;58.2
129;2/2021;COM372;3;35;R;0;5;58.2
129;1/2022;GEN294;2;65;A;0;7;68.7
129;1/2022;COM372;3;77;A;0;7;68.7
129;1/2022;MAT340;3;76;A;0;7;68.7
129;1/2022;COM360;3;82;A;0;7;68.7
129;1/2022;ADM337;3;53;A;1;7;68.7
129;1/2022;SIS374;3;59;A;1;7;68.7
129;1/2022;SIS313;3;69;A;0;7;68.7
129;2/2022;COM477;4;91;A;0;4;70.0
129;2/2022;ADM431;4;35;R;0;4;70.0
129;2/2022;SHC490;4;73;A;1;4;70.0
129;2/2022;FIS492;4;81;A;0;4;70.0
129;1/2023;ADM431;4;86;A;1;5;64.2
129;1/2023;SIS504;5;52;A;0;5;64.2
129;1/2023;FIS522;5;72;A;0;5;64.2
129;1/2023;FIS539;5;78;A;0;5;64.2
129;1/2023;MAT525;5;33;R;1;5;64.2
130;1/2018;SIS137;1;33;R;0;4;47.8
130;1/2018;FIS118;1;66;A;0;4;47.8
130;1/2018;MAT130;1;65;A;0;4;47.8
130;1/2018;SIS192;1;27;R;0;4;47.8
130;2/2018;SIS137;1;67;A;0;6;66.3
130;2/2018;SIS192;1;75;A;0;6;66.3
130;2/2018;FIS184;1;86;A;1;6;66.3
130;2/2018;FIS162;1;53;A;0;6;66.3
130;2/2018;COM180;1;56;A;0;6;66.3
130;2/2018;ADM150;1;61;A;0;6;66.3
130;1/2019;SIS239;2;76;A;0;6;64.7
130;1/2019;ADM251;2;49;R;0;6;64.7
130;1/2019;COM287;2;69;A;0;6;64.7
130;1/2019;SIS272;2;63;A;1;6;64.7
130;1/2019;COM290;2;74;A;0;6;64.7
130;1/2019;GEN242;2;57;A;1;6;64.7
130;2/2019;ADM251;2;34;R;1;4;46.8
130;2/2019;GEN370;3;52;A;0;4;46.8
130;2/2019;ADM346;3;57;A;1;4;46.8
130;2/2019;SIS361;3;44;R;0;4;46.8
130;1/2020;ADM251;2;73;A;0;6;49.3
130;1/2020;SIS361;3;67;A;1;6;49.3
130;1/2020;ADM396;3;50;R;0;6;49.3
130;1/2020;ADM397;3;31;R;0;6;49.3
130;1/2020;ADM324;3;57;A;0;6;49.3
130;1/2020;SHC367;3;18;R;0;6;49.3
130;2/2020;ADM396;3;66;A;0;7;50.0
130;2/2020;ADM397;3;29;R;0;7;50.0
130;2/2020;SHC367;3;31;R;1;7;50.0
130;2/2020;SIS354;3;12;R;1;7;50.0
130;2/2020;MAT396;3;73;A;0;7;50.0
130;2/2020;FIS324;3;68;A;0;7;50.0
130;2/2020;GEN306;3;71;A;0;7;50.0
130;1/2021;ADM397;3;52;A;0;5;56.0
130;1/2021;SHC367;3;77;A;0;5;56.0
130;1/2021;SIS354;3;83;A;0;5;56.0
130;1/2021;GEN387;3;17;R;1;5;56.0
130;1/2021;FIS361;3;51;A;0;5;56.0
130;2/2021;GEN387;3;13;R;0;4;47.8
130;2/2021;SHC413;4;42;R;0;4;47.8
130;2/2021;GEN491;4;70;C;1;4;47.8
130;2/2021;COM435;4;66;A;0;4;47.8
130;1/2022;GEN387;3;64;A;0;7;67.6
130;1/2022;SHC413;4;84;A;0;7;67.6
130;1/2022;ADM405;4;71;A;0;7;67.6
130;1/2022;MAT428;4;76;A;0;7;67.6
130;1/2022;SIS411;4;40;R;1;7;67.6
130;1/2022;COM462;4;68;A;0;7;67.6
130;1/2022;FIS486;4;70;A;0;7;67.6
131;1/2019;MAT130;1;23;R;0;4;45.5
131;1/2019;ADM170;1;28;R;0;4;45.5
131;1/2019;GEN107;1;72;A;0;4;45.5
131;1/2019;GEN104;1;59;C;0;4;45.5
131;2/2019;MAT130;1;68;A;0;6;66.2
131;2/2019;ADM170;1;67;A;0;6;66.2
131;2/2019;ADM198;1;72;A;0;6;66.2
131;2/2019;ADM149;1;88;A;0;6;66.2
131;2/2019;SHC190;1;76;A;1;6;66.2
131;2/2019;GEN142;1;26;R;0;6;66.2
131;1/2020;GEN142;1;81;C;0;7;56.4
131;1/2020;SIS281;2;18;R;1;7;56.4
131;1/2020;COM228;2;36;R;0;7;56.4
131;1/2020;SIS251;2;68;C;0;7;56.4
131;1/2020;MAT256;2;66;C;0;7;56.4
131;1/2020;SIS296;2;51;A;0;7;56.4
131;1/2020;SHC246;2;75;A;0;7;56.4
131;2/2020;SIS281;2;88;A;0;5;70.6
131;2/2020;COM228;2;75;A;0;5;70.6
131;2/2020;FIS315;3;68;A;0;5;70.6
131;2/2020;SHC301;3;39;R;0;5;70.6
131;2/2020;GEN359;3;83;A;0;5;70.6
131;1/2021;SHC301;3;79;A;0;7;66.1
131;1/2021;GEN412;4;58;A;0;7;66.1
131;1/2021;GEN475;4;57;A;0;7;66.1
131;1/2021;ADM485;4;80;A;1;7;66.1
131;1/2021;GEN474;4;59;A;0;7;66.1
131;1/2021;SHC498;4;71;A;1;7;66.1
131;1/2021;COM472;4;59;A;0;7;66.1
131;2/2021;GEN589;5;63;A;0;7;64.6
131;2/2021;FIS541;5;69;A;1;7;64.6
131;2/2021;MAT506;5;70;C;0;7;64.6
131;2/2021;SHC591;5;78;A;0;7;64.6
131;2/2021;MAT522;5;60;A;1;7;64.6
131;2/2021;ADM531;5;61;A;0;7;64.6
131;2/2021;ADM517;5;51;A;0;7;64.6
131;1/2022;SHC684;6;76;A;0;6;64.7
131;1/2022;COM631;6;36;R;0;6;64.7
131;1/2022;SHC653;6;67;C;1;6;64.7
131;1/2022;COM694;6;63;A;0;6;64.7
131;1/2022;SHC624;6;67;A;0;6;64.7
131;1/2022;MAT643;6;79;A;0;6;64.7
131;2/2022;COM631;6;67;A;0;7;54.7
131;2/2022;GEN776;7;67;A;0;7;54.7
131;2/2022;SHC746;7;78;A;0;7;54.7
131;2/2022;MAT729;7;64;A;1;7;54.7
131;2/2022;FIS744;7;66;A;0;7;54.7
131;2/2022;COM765;7;18;R;0;7;54.7
131;2/2022;FIS782;7;23;R;0;7;54.7
131;1/2023;COM765;7;76;A;1;7;56.9
131;1/2023;FIS782;7;25;R;0;7;56.9
131;1/2023;SIS841;8;19;R;0;7;56.9
131;1/2023;ADM850;8;87;A;0;7;56.9
131;1/2023;ADM856;8;70;A;0;7;56.9
131;1/2023;ADM809;8;77;A;0;7;56.9
131;1/2023;SIS837;8;44;R;0;7;56.9
131;2/2023;FIS782;7;64;A;1;5;31.6
131;2/2023;SIS841;8;9;R;0;5;31.6
131;2/2023;SIS837;8;25;R;0;5;31.6
131;2/2023;COM827;8;12;R;1;5;31.6
131;2/2023;SHC889;8;48;R;0;5;31.6
132;1/2019;FIS144;1;85;A;0;7;47.6
132;1/2019;ADM129;1;66;A;0;7;47.6
132;1/2019;COM189;1;37;R;0;7;47.6
132;1/2019;SIS110;1;46;R;0;7;47.6
132;1/2019;GEN184;1;29;R;0;7;47.6
132;1/2019;SIS189;1;6;R;0;7;47.6
132;1/2019;SIS165;1;64;A;0;7;47.6
132;2/2019;COM189;1;63;A;0;7;46.6
132;2/2019;SIS110;1;8;R;0;7;46.6
132;2/2019;GEN184;1;47;R;1;7;46.6
132;2/2019;SIS189;1;29;R;0;7;46.6
132;2/2019;FIS118;1;74;A;0;7;46.6
132;2/2019;SIS171;1;69;A;0;7;46.6
132;2/2019;SHC129;1;36;R;0;7;46.6
132;1/2020;SIS110;1;17;R;0;5;52.2
132;1/2020;GEN184;1;67;A;0;5;52.2
132;1/2020;SIS189;1;73;A;0;5;52.2
132;1/2020;SHC129;1;26;R;0;5;52.2
132;1/2020;SHC130;1;78;A;0;5;52.2
132;2/2020;SIS110;1;79;A;0;6;45.8
132;2/2020;SHC129;1;28;R;1;6;45.8
132;2/2020;SIS150;1;11;R;0;6;45.8
132;2/2020;SHC168;1;23;R;0;6;45.8
132;2/2020;ADM183;1;68;A;0;6;45.8
132;2/2020;COM173;1;66;A;0;6;45.8
132;1/2021;SHC129;1;13;R;0;7;49.6
132;1/2021;SIS150;1;73;A;1;7;49.6
132;1/2021;SHC168;1;85;A;1;7;49.6
132;1/2021;COM187;1;64;A;0;7;49.6
132;1/2021;COM126;1;17;R;0;7;49.6
132;1/2021;MAT142;1;62;A;0;7;49.6
132;1/2021;SIS191;1;33;R;0;7;49.6
132;2/2021;SHC129;1;55;A;0;5;46.8
132;2/2021;COM126;1;53;A;0;5;46.8
132;2/2021;SIS191;1;61;A;0;5;46.8
132;2/2021;FIS159;1;33;R;0;5;46.8
132;2/2021;COM112;1;32;R;0;5;46.8
132;1/2022;FIS159;1;41;R;0;5;45.4
132;1/2022;COM112;1;68;A;0;5;45.4
132;1/2022;ADM122;1;34;R;0;5;45.4
132;1/2022;COM150;1;23;R;0;5;45.4
132;1/2022;MAT126;1;61;A;1;5;45.4
132;2/2022;FIS159;1;58;A;0;6;51.2
132;2/2022;ADM122;1;45;R;0;6;51.2
132;2/2022;COM150;1;62;A;0;6;51.2
132;2/2022;SIS139;1;18;R;0;6;51.2
132;2/2022;SIS147;1;67;A;0;6;51.2
132;2/2022;COM171;1;57;A;1;6;51.2
133;1/2020;SIS152;1;75;A;0;4;72.0
133;1/2020;ADM154;1;73;A;0;4;72.0
133;1/2020;FIS102;1;72;A;1;4;72.0
133;1/2020;MAT172;1;68;A;0;4;72.0
133;2/2020;SIS267;2;41;R;0;5;39.0
133;2/2020;FIS283;2;27;R;0;5;39.0
133;2/2020;FIS200;2;31;R;0;5;39.0
133;2/2020;COM269;2;55;A;0;5;39.0
133;2/2020;FIS262;2;41;R;1;5;39.0
133;1/2021;SIS267;2;42;R;0;6;57.8
133;1/2021;FIS283;2;96;A;0;6;57.8
133;1/2021;FIS200;2;3;R;1;6;57.8
133;1/2021;FIS262;2;51;A;1;6;57.8
133;1/2021;GEN220;2;70;A;0;6;57.8
133;1/2021;MAT227;2;85;A;0;6;57.8
133;2/2021;SIS267;2;84;C;0;6;73.7
133;2/2021;FIS200;2;67;A;0;6;73.7
133;2/2021;FIS365;3;76;A;0;6;73.7
133;2/2021;MAT391;3;64;C;0;6;73.7
133;2/2021;FIS389;3;63;C;0;6;73.7
133;2/2021;SIS346;3;88;A;0;6;73.7
133;1/2022;GEN413;4;24;R;0;7;46.4
133;1/2022;ADM450;4;44;R;0;7;46.4
133;1/2022;ADM420;4;59;A;0;7;46.4
133;1/2022;COM419;4;60;A;0;7;46.4
133;1/2022;FIS442;4;59;A;0;7;46.4
133;1/2022;ADM458;4;66;A;0;7;46.4
133;1/2022;SIS421;4;13;R;1;7;46.4
133;2/2022;GEN413;4;38;R;1;7;47.1
133;2/2022;ADM450;4;46;R;0;7;47.1
133;2/2022;SIS421;4;46;R;0;7;47.1
133;2/2022;COM472;4;20;R;0;7;47.1
133;2/2022;ADM463;4;66;A;0;7;47.1
133;2/2022;GEN447;4;88;A;0;7;47.1
133;2/2022;MAT420;4;26;R;0;7;47.1
133;1/2023;GEN413;4;73;C;0;5;65.2
133;1/2023;ADM450;4;49;C;1;5;65.2
133;1/2023;SIS421;4;67;A;1;5;65.2
133;1/2023;COM472;4;81;A;0;5;65.2
133;1/2023;MAT420;4;56;A;0;5;65.2
133;2/2023;FIS584;5;58;A;0;6;47.7
133;2/2023;FIS528;5;59;A;0;6;47.7
133;2/2023;ADM553;5;57;A;0;6;47.7
133;2/2023;COM594;5;64;A;0;6;47.7
133;2/2023;SIS544;5;8;R;0;6;47.7
133;2/2023;FIS557;5;40;R;0;6;47.7
133;1/2024;SIS544;5;58;A;0;7;60.3
133;1/2024;FIS557;5;67;A;0;7;60.3
133;1/2024;FIS682;6;73;A;0;7;60.3
133;1/2024;SIS638;6;65;A;0;7;60.3
133;1/2024;FIS625;6;72;A;0;7;60.3
133;1/2024;MAT662;6;22;R;0;7;60.3
133;1/2024;GEN699;6;65;C;0;7;60.3
133;2/2024;MAT662;6;33;R;1;5;60.8
133;2/2024;FIS701;7;77;A;0;5;60.8
133;2/2024;SIS700;7;60;A;1;5;60.8
133;2/2024;ADM781;7;83;A;0;5;60.8
133;2/2024;MAT743;7;51;A;0;5;60.8
134;1/2019;COM117;1;77;A;0;5;69.2
134;1/2019;SIS199;1;55;A;0;5;69.2
134;1/2019;SIS181;1;62;A;0;5;69.2
134;1/2019;GEN114;1;79;A;0;5;69.2
134;1/2019;COM123;1;73;A;0;5;69.2
134;2/2019;GEN291;2;60;C;0;5;66.0
134;2/2019;MAT276;2;61;A;1;5;66.0
134;2/2019;GEN252;2;66;A;0;5;66.0
134;2/2019;SIS286;2;62;A;0;5;66.0
134;2/2019;FIS277;2;81;A;0;5;66.0
134;1/2020;ADM356;3;49;R;1;5;63.4
134;1/2020;MAT386;3;85;A;0;5;63.4
134;1/2020;MAT327;3;63;A;0;5;63.4
134;1/2020;SHC393;3;31;R;0;5;63.4
134;1/2020;ADM344;3;89;A;0;5;63.4
134;2/2020;ADM356;3;64;A;0;6;61.2
134;2/2020;SHC393;3;61;A;0;6;61.2
134;2/2020;FIS392;3;61;A;0;6;61.2
134;2/2020;SHC303;3;60;C;0;6;61.2
134;2/2020;MAT334;3;60;A;0;6;61.2
134;2/2020;SHC371;3;61;A;0;6;61.2
134;1/2021;ADM422;4;33;R;0;7;67.0
134;1/2021;ADM422;4;54;A;0;7;67.0
134;1/2021;ADM485;4;63;A;1;7;67.0
134;1/2021;GEN466;4;75;A;0;7;67.0
134;1/2021;GEN492;4;76;A;0;7;67.0
134;1/2021;COM473;4;79;A;0;7;67.0
134;1/2021;MAT441;4;89;A;0;7;67.0
134;2/2021;ADM422;4;82;A;0;6;64.0
134;2/2021;SIS511;5;78;A;0;6;64.0
134;2/2021;ADM561;5;72;A;0;6;64.0
134;2/2021;FIS590;5;25;R;0;6;64.0
134;2/2021;SIS547;5;87;A;0;6;64.0
134;2/2021;FIS514;5;40;R;0;6;64.0
134;1/2022;FIS590;5;62;C;0;4;68.0
134;1/2022;FIS514;5;65;A;0;4;68.0
134;1/2022;COM614;6;78;A;0;4;68.0
134;1/2022;COM629;6;67;A;0;4;68.0
134;2/2022;GEN701;7;63;A;1;5;62.2
134;2/2022;ADM799;7;37;R;1;5;62.2
134;2/2022;SIS770;7;67;A;0;5;62.2
134;2/2022;MAT771;7;71;A;1;5;62.2
134;2/2022;GEN735;7;73;A;0;5;62.2
135;1/2020;SIS179;1;65;A;0;5;50.8
135;1/2020;SIS162;1;25;R;0;5;50.8
135;1/2020;MAT119;1;63;C;0;5;50.8
135;1/2020;FIS168;1;27;R;1;5;50.8
135;1/2020;SIS175;1;74;A;0;5;50.8
135;2/2020;SIS162;1;67;A;0;7;56.9
135;2/2020;FIS168;1;57;C;0;7;56.9
135;2/2020;SIS155;1;62;A;0;7;56.9
135;2/2020;MAT157;1;57;A;0;7;56.9
135;2/2020;FIS170;1;75;A;0;7;56.9
135;2/2020;GEN172;1;70;A;0;7;56.9
135;2/2020;SHC181;1;10;R;0;7;56.9
135;1/2021;SHC181;1;73;A;0;7;66.7
135;1/2021;FIS277;2;67;A;0;7;66.7
135;1/2021;MAT296;2;87;A;0;7;66.7
135;1/2021;COM288;2;27;R;0;7;66.7
135;1/2021;SIS244;2;63;A;0;7;66.7
135;1/2021;SHC290;2;73;A;0;7;66.7
135;1/2021;FIS211;2;77;A;0;7;66.7
135;2/2021;COM288;2;25;R;0;6;53.3
135;2/2021;MAT331;3;30;R;0;6;53.3
135;2/2021;SHC316;3;63;A;0;6;53.3
135;2/2021;GEN388;3;75;C;0;6;53.3
135;2/2021;FIS337;3;63;A;0;6;53.3
135;2/2021;GEN376;3;64;A;0;6;53.3
135;1/2022;COM288;2;63;A;0;7;57.0
135;1/2022;MAT331;3;28;R;0;7;57.0
135;1/2022;FIS478;4;93;C;0;7;57.0
135;1/2022;COM483;4;23;R;0;7;57.0
135;1/2022;MAT494;4;61;A;0;7;57.0
135;1/2022;MAT408;4;59;A;1;7;57.0
135;1/2022;COM403;4;72;C;0;7;57.0
135;2/2022;MAT331;3;66;A;0;7;67.1
135;2/2022;COM483;4;78;A;0;7;67.1
135;2/2022;COM551;5;74;A;0;7;67.1
135;2/2022;SIS526;5;56;A;0;7;67.1
135;2/2022;MAT559;5;93;A;0;7;67.1
135;2/2022;MAT564;5;61;A;0;7;67.1
135;2/2022;MAT591;5;42;R;0;7;67.1
135;1/2023;MAT591;5;59;A;0;5;73.6
135;1/2023;GEN667;6;74;A;0;5;73.6
135;1/2023;MAT683;6;88;A;0;5;73.6
135;1/2023;SHC611;6;81;A;0;5;73.6
135;1/2023;MAT642;6;66;A;0;5;73.6
135;2/2023;GEN715;7;58;A;0;7;52.4
135;2/2023;COM768;7;57;A;0;7;52.4
135;2/2023;GEN718;7;53;A;0;7;52.4
135;2/2023;FIS797;7;72;C;0;7;52.4
135;2/2023;MAT711;7;31;R;0;7;52.4
135;2/2023;ADM715;7;16;R;0;7;52.4
135;2/2023;MAT731;7;80;A;0;7;52.4
135;1/2024;MAT711;7;68;A;0;7;58.3
135;1/2024;ADM715;7;98;A;0;7;58.3
135;1/2024;SIS882;8;83;A;0;7;58.3
135;1/2024;FIS838;8;66;A;0;7;58.3
135;1/2024;GEN895;8;29;R;0;7;58.3
135;1/2024;COM892;8;30;R;0;7;58.3
135;1/2024;COM871;8;34;R;0;7;58.3
135;2/2024;GEN895;8;81;A;0;4;56.0
135;2/2024;COM892;8;27;R;0;4;56.0
135;2/2024;COM871;8;58;A;1;4;56.0
135;2/2024;MAT884;8;58;A;0;4;56.0
136;1/2020;COM192;1;49;R;0;4;52.8
136;1/2020;GEN185;1;66;A;0;4;52.8
136;1/2020;ADM107;1;36;R;0;4;52.8
136;1/2020;FIS122;1;60;A;0;4;52.8
136;2/2020;COM192;1;72;A;0;6;52.5
136;2/2020;ADM107;1;69;A;1;6;52.5
136;2/2020;GEN162;1;15;R;0;6;52.5
136;2/2020;FIS182;1;64;A;0;6;52.5
136;2/2020;SIS156;1;24;R;0;6;52.5
136;2/2020;MAT179;1;71;A;0;6;52.5
136;1/2021;GEN162;1;71;A;0;6;67.2
136;1/2021;SIS156;1;62;A;0;6;67.2
136;1/2021;MAT248;2;70;C;0;6;67.2
136;1/2021;SHC255;2;74;A;0;6;67.2
136;1/2021;GEN287;2;75;A;0;6;67.2
136;1/2021;MAT299;2;51;A;0;6;67.2
136;2/2021;SHC380;3;67;C;0;4;69.5
136;2/2021;ADM377;3;77;A;0;4;69.5
136;2/2021;MAT319;3;63;A;0;4;69.5
136;2/2021;ADM375;3;71;A;0;4;69.5
136;1/2022;SIS481;4;68;A;0;4;75.8
136;1/2022;MAT497;4;90;A;0;4;75.8
136;1/2022;ADM493;4;71;A;0;4;75.8
136;1/2022;FIS430;4;74;A;0;4;75.8
136;2/2022;COM528;5;40;R;0;4;64.5
136;2/2022;ADM572;5;59;A;0;4;64.5
136;2/2022;ADM502;5;96;A;0;4;64.5
136;2/2022;COM542;5;63;A;0;4;64.5
136;1/2023;COM528;5;78;A;0;5;71.4
136;1/2023;MAT699;6;83;A;0;5;71.4
136;1/2023;GEN667;6;36;R;0;5;71.4
136;1/2023;COM636;6;79;A;0;5;71.4
136;1/2023;MAT682;6;81;A;0;5;71.4
137;1/2018;GEN158;1;61;C;0;6;50.5
137;1/2018;MAT167;1;64;A;0;6;50.5
137;1/2018;MAT113;1;16;R;0;6;50.5
137;1/2018;FIS137;1;76;A;0;6;50.5
137;1/2018;ADM108;1;26;R;0;6;50.5
137;1/2018;SIS178;1;60;A;0;6;50.5
137;2/2018;MAT113;1;57;A;0;4;53.5
137;2/2018;ADM108;1;11;R;0;4;53.5
137;2/2018;COM217;2;73;A;0;4;53.5
137;2/2018;GEN267;2;73;A;0;4;53.5
137;1/2019;ADM108;1;60;A;0;4;66.0
137;1/2019;ADM317;3;68;A;0;4;66.0
137;1/2019;SHC361;3;66;A;0;4;66.0
137;1/2019;MAT364;3;70;A;0;4;66.0
137;2/2019;ADM435;4;66;A;0;6;48.3
137;2/2019;COM436;4;77;A;0;6;48.3
137;2/2019;COM470;4;26;R;0;6;48.3
137;2/2019;COM434;4;34;R;0;6;48.3
137;2/2019;GEN459;4;18;R;0;6;48.3
137;2/2019;MAT486;4;69;C;0;6;48.3
137;1/2020;COM470;4;64;A;0;7;71.7
137;1/2020;COM434;4;88;A;1;7;71.7
137;1/2020;GEN459;4;65;C;0;7;71.7
137;1/2020;FIS468;4;65;A;1;7;71.7
137;1/2020;SHC403;4;64;A;0;7;71.7
137;1/2020;GEN463;4;75;A;0;7;71.7
137;1/2020;MAT448;4;81;A;0;7;71.7
137;2/2020;MAT568;5;47;R;0;7;47.0
137;2/2020;SIS596;5;8;R;0;7;47.0
137;2/2020;MAT581;5;27;R;0;7;47.0
137;2/2020;COM502;5;47;R;0;7;47.0
137;2/2020;ADM553;5;81;A;0;7;47.0
137;2/2020;SIS578;5;62;A;0;7;47.0
137;2/2020;ADM576;5;57;A;0;7;47.0
137;1/2021;MAT568;5;72;A;0;5;70.8
137;1/2021;SIS596;5;62;A;0;5;70.8
137;1/2021;MAT581;5;75;A;0;5;70.8
137;1/2021;COM502;5;77;A;0;5;70.8
137;1/2021;FIS512;5;68;C;0;5;70.8
137;2/2021;ADM630;6;57;C;0;4;62.0
137;2/2021;FIS617;6;46;R;0;4;62.0
137;2/2021;MAT609;6;59;A;0;4;62.0
137;2/2021;SHC688;6;86;A;0;4;62.0
138;1/2019;SIS184;1;40;R;0;7;38.3
138;1/2019;COM167;1;29;R;0;7;38.3
138;1/2019;FIS170;1;19;R;0;7;38.3
138;1/2019;ADM131;1;30;R;1;7;38.3
138;1/2019;GEN102;1;56;C;0;7;38.3
138;1/2019;COM143;1;38;R;0;7;38.3
138;1/2019;ADM199;1;56;A;0;7;38.3
138;2/2019;SIS184;1;74;A;0;5;54.4
138;2/2019;COM167;1;61;A;0;5;54.4
138;2/2019;FIS170;1;49;R;0;5;54.4
138;2/2019;ADM131;1;11;R;0;5;54.4
138;2/2019;COM143;1;77;A;0;5;54.4
138;1/2020;FIS170;1;80;A;0;6;58.5
138;1/2020;ADM131;1;32;R;0;6;58.5
138;1/2020;SHC141;1;64;A;0;6;58.5
138;1/2020;MAT170;1;70;A;0;6;58.5
138;1/2020;MAT116;1;60;A;0;6;58.5
138;1/2020;GEN175;1;45;R;0;6;58.5
138;2/2020;ADM131;1;67;A;0;6;63.2
138;2/2020;GEN175;1;44;R;0;6;63.2
138;2/2020;SHC233;2;78;A;1;6;63.2
138;2/2020;FIS269;2;80;A;1;6;63.2
138;2/2020;ADM264;2;72;A;0;6;63.2
138;2/2020;SIS281;2;38;R;0;6;63.2
138;1/2021;GEN175;1;64;A;0;6;61.3
138;1/2021;SIS281;2;83;A;0;6;61.3
138;1/2021;ADM365;3;69;C;1;6;61.3
138;1/2021;FIS388;3;75;A;0;6;61.3
138;1/2021;MAT309;3;77;C;0;6;61.3
138;1/2021;ADM355;3;0;R;0;6;61.3
138;2/2021;ADM355;3;24;R;0;4;32.8
138;2/2021;GEN486;4;15;R;0;4;32.8
138;2/2021;GEN452;4;9;R;0;4;32.8
138;2/2021;COM463;4;83;A;0;4;32.8
138;1/2022;ADM355;3;19;R;0;5;49.0
138;1/2022;GEN486;4;27;R;0;5;49.0
138;1/2022;GEN452;4;65;A;0;5;49.0
138;1/2022;GEN470;4;53;A;0;5;49.0
138;1/2022;MAT440;4;81;A;0;5;49.0
138;2/2022;ADM355;3;55;A;0;6;55.0
138;2/2022;GEN486;4;68;A;0;6;55.0
138;2/2022;FIS427;4;68;A;0;6;55.0
138;2/2022;FIS466;4;80;A;0;6;55.0
138;2/2022;COM480;4;30;R;0;6;55.0
138;2/2022;COM458;4;29;R;0;6;55.0
138;1/2023;COM480;4;20;R;0;5;54.8
138;1/2023;COM458;4;91;A;0;5;54.8
138;1/2023;COM525;5;70;A;0;5;54.8
138;1/2023;COM544;5;76;A;0;5;54.8
138;1/2023;MAT509;5;17;R;1;5;54.8
138;2/2023;COM480;4;67;A;1;7;62.1
138;2/2023;MAT509;5;80;A;0;7;62.1
138;2/2023;COM599;5;63;C;1;7;62.1
138;2/2023;SIS520;5;63;A;0;7;62.1
138;2/2023;MAT547;5;61;A;0;7;62.1
138;2/2023;GEN501;5;62;A;1;7;62.1
138;2/2023;FIS511;5;39;R;0;7;62.1
139;1/2018;SHC115;1;24;R;1;5;60.8
139;1/2018;COM184;1;77;A;0;5;60.8
139;1/2018;COM175;1;57;A;0;5;60.8
139;1/2018;GEN192;1;62;A;0;5;60.8
139;1/2018;FIS169;1;84;A;0;5;60.8
139;2/2018;SHC115;1;90;A;0;7;49.7
139;2/2018;SHC221;2;68;A;0;7;49.7
139;2/2018;FIS299;2;44;R;0;7;49.7
139;2/2018;GEN270;2;22;R;1;7;49.7
139;2/2018;GEN207;2;58;A;0;7;49.7
139;2/2018;SHC276;2;38;R;0;7;49.7
139;2/2018;SHC240;2;28;R;0;7;49.7
139;1/2019;FIS299;2;65;C;0;5;75.4
139;1/2019;GEN270;2;78;A;0;5;75.4
139;1/2019;SHC276;2;80;A;0;5;75.4
139;1/2019;SHC240;2;88;A;0;5;75.4
139;1/2019;SHC295;2;66;A;0;5;75.4
139;2/2019;ADM395;3;66;A;0;5;58.2
139;2/2019;FIS370;3;27;R;0;5;58.2
139;2/2019;COM384;3;73;A;0;5;58.2
139;2/2019;SHC379;3;73;A;1;5;58.2
139;2/2019;SHC368;3;52;C;0;5;58.2
139;1/2020;FIS370;3;82;A;1;6;63.8
139;1/2020;MAT456;4;57;A;0;6;63.8
139;1/2020;COM412;4;74;A;0;6;63.8
139;1/2020;SHC470;4;69;A;0;6;63.8
139;1/2020;COM483;4;39;R;0;6;63.8
139;1/2020;FIS483;4;62;A;0;6;63.8
139;2/2020;COM483;4;73;A;0;5;58.6
139;2/2020;COM505;5;65;A;0;5;58.6
139;2/2020;FIS571;5;77;C;1;5;58.6
139;2/2020;FIS565;5;44;R;0;5;58.6
139;2/2020;COM532;5;34;R;0;5;58.6
139;1/2021;FIS565;5;76;C;0;5;68.2
139;1/2021;COM532;5;67;C;1;5;68.2
139;1/2021;ADM573;5;69;A;0;5;68.2
139;1/2021;COM572;5;46;R;0;5;68.2
139;1/2021;FIS561;5;83;A;0;5;68.2
139;2/2021;COM572;5;28;R;0;4;67.5
139;2/2021;SIS678;6;83;A;0;4;67.5
139;2/2021;MAT652;6;92;A;0;4;67.5
139;2/2021;ADM696;6;67;A;1;4;67.5
139;1/2022;COM572;5;67;A;0;6;46.7
139;1/2022;MAT716;7;60;A;0;6;46.7
139;1/2022;FIS748;7;48;R;0;6;46.7
139;1/2022;ADM714;7;38;R;0;6;46.7
139;1/2022;COM744;7;41;R;0;6;46.7
139;1/2022;GEN717;7;26;R;0;6;46.7
140;1/2018;GEN161;1;76;A;0;5;66.4
140;1/2018;FIS118;1;58;A;1;5;66.4
140;1/2018;SIS132;1;62;A;1;5;66.4
140;1/2018;GEN118;1;62;A;0;5;66.4
140;1/2018;SHC178;1;74;A;1;5;66.4
140;2/2018;FIS259;2;71;A;0;7;73.6
140;2/2018;SHC248;2;72;A;0;7;73.6
140;2/2018;MAT262;2;79;A;0;7;73.6
140;2/2018;ADM206;2;64;A;1;7;73.6
140;2/2018;GEN275;2;76;A;0;7;73.6
140;2/2018;GEN226;2;78;A;0;7;73.6
140;2/2018;COM284;2;75;C;0;7;73.6
140;1/2019;ADM348;3;91;A;0;5;65.2
140;1/2019;SIS337;3;38;R;0;5;65.2
140;1/2019;MAT395;3;76;C;1;5;65.2
140;1/2019;SIS322;3;70;A;0;5;65.2
140;1/2019;SIS371;3;51;A;0;5;65.2
140;2/2019;SIS337;3;66;A;0;6;45.0
140;2/2019;COM448;4;0;R;0;6;45.0
140;2/2019;GEN480;4;71;A;0;6;45.0
140;2/2019;GEN417;4;61;A;0;6;45.0
140;2/2019;FIS429;4;3;R;0;6;45.0
140;2/2019;COM494;4;69;A;0;6;45.0
140;1/2020;COM448;4;79;A;0;6;55.2
140;1/2020;FIS429;4;11;R;0;6;55.2
140;1/2020;GEN595;5;74;A;0;6;55.2
140;1/2020;SIS542;5;28;R;0;6;55.2
140;1/2020;GEN565;5;75;C;0;6;55.2
140;1/2020;COM526;5;64;C;0;6;55.2
140;2/2020;FIS429;4;81;C;0;6;51.5
140;2/2020;SIS542;5;38;R;1;6;51.5
140;2/2020;FIS629;6;76;A;0;6;51.5
140;2/2020;COM691;6;84;A;0;6;51.5
140;2/2020;FIS604;6;11;R;0;6;51.5
140;2/2020;SHC628;6;19;R;0;6;51.5
140;1/2021;SIS542;5;80;C;1;5;53.6
140;1/2021;FIS604;6;66;A;0;5;53.6
140;1/2021;SHC628;6;35;R;0;5;53.6
140;1/2021;SHC658;6;61;A;0;5;53.6
140;1/2021;MAT648;6;26;R;0;5;53.6
141;1/2020;COM129;1;77;A;0;5;69.6
141;1/2020;FIS158;1;32;R;0;5;69.6
141;1/2020;FIS165;1;75;A;0;5;69.6
141;1/2020;COM117;1;87;A;0;5;69.6
141;1/2020;COM167;1;77;A;0;5;69.6
141;2/2020;FIS158;1;77;C;0;7;68.6
141;2/2020;SIS266;2;80;A;0;7;68.6
141;2/2020;GEN218;2;66;A;0;7;68.6
141;2/2020;COM245;2;88;A;0;7;68.6
141;2/2020;COM269;2;48;R;0;7;68.6
141;2/2020;MAT229;2;64;A;0;7;68.6
141;2/2020;MAT204;2;57;A;0;7;68.6
141;1/2021;COM269;2;70;A;0;6;64.7
141;1/2021;COM340;3;56;A;0;6;64.7
141;1/2021;GEN383;3;76;A;0;6;64.7
141;1/2021;SHC382;3;20;R;0;6;64.7
141;1/2021;FIS359;3;91;A;0;6;64.7
141;1/2021;COM389;3;75;A;0;6;64.7
141;2/2021;SHC382;3;81;C;0;7;54.7
141;2/2021;COM482;4;74;A;0;7;54.7
141;2/2021;GEN425;4;65;A;0;7;54.7
141;2/2021;SIS467;4;68;A;0;7;54.7
141;2/2021;SHC478;4;62;A;1;7;54.7
141;2/2021;SHC421;4;26;R;0;7;54.7
141;2/2021;SIS433;4;7;R;1;7;54.7
141;1/2022;SHC421;4;56;A;0;6;63.3
141;1/2022;SIS433;4;26;R;0;6;63.3
141;1/2022;GEN599;5;89;A;0;6;63.3
141;1/2022;FIS556;5;77;A;0;6;63.3
141;1/2022;MAT571;5;81;A;0;6;63.3
141;1/2022;ADM504;5;51;A;0;6;63.3
141;2/2022;SIS433;4;68;A;0;4;74.0
141;2/2022;ADM650;6;73;A;0;4;74.0
141;2/2022;COM697;6;80;C;1;4;74.0
141;2/2022;GEN693;6;75;A;0;4;74.0
141;1/2023;ADM716;7;50;R;0;4;46.5
141;1/2023;FIS727;7;10;R;0;4;46.5
141;1/2023;COM784;7;55;A;0;4;46.5
141;1/2023;FIS711;7;71;A;0;4;46.5
141;2/2023;ADM716;7;70;A;0;4;50.8
141;2/2023;FIS727;7;77;A;0;4;50.8
141;2/2023;FIS760;7;56;A;0;4;50.8
141;2/2023;SIS733;7;0;R;0;4;50.8
142;1/2019;COM131;1;58;A;0;5;59.0
142;1/2019;GEN144;1;59;A;1;5;59.0
142;1/2019;GEN148;1;54;A;0;5;59.0
142;1/2019;SHC173;1;67;A;0;5;59.0
142;1/2019;FIS180;1;57;A;1;5;59.0
142;2/2019;GEN299;2;67;A;0;5;67.6
142;2/2019;FIS299;2;50;R;1;5;67.6
142;2/2019;FIS285;2;79;A;0;5;67.6
142;2/2019;SIS250;2;59;A;0;5;67.6
142;2/2019;GEN266;2;83;A;0;5;67.6
142;1/2020;FIS299;2;47;R;0;6;58.8
142;1/2020;MAT308;3;68;A;1;6;58.8
142;1/2020;COM319;3;78;A;0;6;58.8
142;1/2020;SHC399;3;30;R;0;6;58.8
142;1/2020;ADM339;3;69;A;1;6;58.8
142;1/2020;MAT399;3;61;A;0;6;58.8
142;2/2020;FIS299;2;72;A;0;4;64.8
142;2/2020;SHC399;3;42;R;0;4;64.8
142;2/2020;FIS433;4;70;A;1;4;64.8
142;2/2020;FIS499;4;75;A;0;4;64.8
142;1/2021;SHC399;3;61;C;0;6;52.0
142;1/2021;MAT528;5;33;R;0;6;52.0
142;1/2021;MAT571;5;43;R;0;6;52.0
142;1/2021;SHC510;5;40;R;0;6;52.0
142;1/2021;MAT571;5;72;C;0;6;52.0
142;1/2021;GEN580;5;63;A;0;6;52.0
142;2/2021;MAT528;5;29;R;0;6;58.3
142;2/2021;MAT571;5;84;A;0;6;58.3
142;2/2021;SHC510;5;64;A;0;6;58.3
142;2/2021;GEN507;5;38;R;0;6;58.3
142;2/2021;SHC579;5;64;A;0;6;58.3
142;2/2021;SIS586;5;71;C;1;6;58.3
143;1/2020;FIS111;1;86;A;0;5;75.2
143;1/2020;ADM183;1;79;A;0;5;75.2
143;1/2020;ADM167;1;70;A;0;5;75.2
143;1/2020;MAT142;1;71;A;0;5;75.2
143;1/2020;ADM111;1;70;A;0;5;75.2
143;2/2020;MAT296;2;67;A;0;6;61.2
143;2/2020;GEN261;2;66;A;0;6;61.2
143;2/2020;MAT219;2;18;R;0;6;61.2
143;2/2020;FIS202;2;58;A;0;6;61.2
143;2/2020;MAT265;2;85;A;0;6;61.2
143;2/2020;GEN280;2;73;A;0;6;61.2
143;1/2021;MAT219;2;78;A;0;5;72.6
143;1/2021;SIS318;3;62;A;0;5;72.6
143;1/2021;SIS318;3;68;A;0;5;72.6
143;1/2021;SIS392;3;83;A;0;5;72.6
143;1/2021;GEN346;3;72;A;0;5;72.6
143;2/2021;MAT406;4;57;A;1;4;69.8
143;2/2021;COM429;4;90;A;0;4;69.8
143;2/2021;ADM476;4;65;A;0;4;69.8
143;2/2021;ADM453;4;67;A;0;4;69.8
143;1/2022;GEN517;5;82;A;0;4;68.0
143;1/2022;GEN581;5;64;A;0;4;68.0
143;1/2022;ADM577;5;67;A;0;4;68.0
143;1/2022;MAT522;5;59;A;0;4;68.0
143;2/2022;ADM659;6;72;A;0;5;66.0
143;2/2022;SHC622;6;57;A;0;5;66.0
143;2/2022;SIS648;6;72;C;0;5;66.0
143;2/2022;FIS677;6;69;A;0;5;66.0
143;2/2022;SIS627;6;60;A;0;5;66.0
144;1/2019;GEN178;1;87;A;0;7;45.3
144;1/2019;SHC118;1;21;R;0;7;45.3
144;1/2019;ADM172;1;66;A;0;7;45.3
144;1/2019;SHC197;1;33;R;0;7;45.3
144;1/2019;MAT162;1;12;R;0;7;45.3
144;1/2019;MAT108;1;64;A;0;7;45.3
144;1/2019;GEN118;1;34;R;0;7;45.3
144;2/2019;SHC118;1;83;A;0;5;65.8
144;2/2019;SHC197;1;77;A;0;5;65.8
144;2/2019;MAT162;1;43;R;0;5;65.8
144;2/2019;GEN118;1;50;R;0;5;65.8
144;2/2019;MAT136;1;76;A;0;5;65.8
144;1/2020;MAT162;1;58;A;0;6;54.3
144;1/2020;GEN118;1;9;R;0;6;54.3
144;1/2020;ADM133;1;76;A;0;6;54.3
144;1/2020;GEN101;1;76;A;0;6;54.3
144;1/2020;COM167;1;87;A;0;6;54.3
144;1/2020;SHC106;1;20;R;1;6;54.3
144;2/2020;GEN118;1;45;C;0;6;63.8
144;2/2020;SHC106;1;82;A;0;6;63.8
144;2/2020;FIS268;2;84;A;1;6;63.8
144;2/2020;COM288;2;29;R;1;6;63.8
144;2/2020;SIS257;2;73;C;1;6;63.8
144;2/2020;GEN232;2;70;A;0;6;63.8
144;1/2021;COM288;2;73;A;1;4;60.8
144;1/2021;MAT342;3;65;A;0;4;60.8
144;1/2021;SHC356;3;28;R;0;4;60.8
144;1/2021;SIS308;3;77;A;0;4;60.8
144;2/2021;SHC356;3;50;R;1;4;49.0
144;2/2021;MAT473;4;54;A;0;4;49.0
144;2/2021;GEN400;4;59;A;0;4;49.0
144;2/2021;COM442;4;33;R;1;4;49.0
144;1/2022;SHC356;3;21;R;0;4;41.5
144;1/2022;COM442;4;47;R;1;4;41.5
144;1/2022;SHC481;4;74;C;0;4;41.5
144;1/2022;GEN482;4;24;R;0;4;41.5
144;2/2022;SHC356;3;63;A;0;6;59.0
144;2/2022;COM442;4;58;A;0;6;59.0
144;2/2022;GEN482;4;62;A;0;6;59.0
144;2/2022;FIS459;4;52;A;0;6;59.0
144;2/2022;MAT472;4;64;A;1;6;59.0
144;2/2022;SHC493;4;55;A;0;6;59.0
144;1/2023;FIS545;5;72;C;0;5;37.2
144;1/2023;SIS598;5;42;R;0;5;37.2
144;1/2023;COM538;5;67;A;0;5;37.2
144;1/2023;SIS541;5;4;R;0;5;37.2
144;1/2023;SHC542;5;1;R;0;5;37.2
145;1/2018;ADM196;1;57;A;0;4;68.2
145;1/2018;SIS166;1;65;A;0;4;68.2
145;1/2018;ADM185;1;66;A;0;4;68.2
145;1/2018;SIS129;1;85;A;0;4;68.2
145;2/2018;GEN246;2;63;C;0;4;57.2
145;2/2018;GEN257;2;69;A;1;4;57.2
145;2/2018;COM216;2;16;R;0;4;57.2
145;2/2018;FIS217;2;81;A;0;4;57.2
145;1/2019;COM216;2;88;A;0;5;74.4
145;1/2019;ADM392;3;57;A;1;5;74.4
145;1/2019;ADM321;3;71;A;0;5;74.4
145;1/2019;ADM314;3;81;A;0;5;74.4
145;1/2019;COM314;3;75;A;0;5;74.4
145;2/2019;MAT412;4;17;R;0;6;61.8
145;2/2019;SIS433;4;77;A;0;6;61.8
145;2/2019;ADM448;4;73;A;0;6;61.8
145;2/2019;FIS403;4;80;A;0;6;61.8
145;2/2019;SHC451;4;68;A;0;6;61.8
145;2/2019;GEN464;4;56;A;0;6;61.8
145;1/2020;MAT412;4;73;A;0;5;72.2
145;1/2020;MAT581;5;67;A;0;5;72.2
145;1/2020;ADM549;5;76;A;0;5;72.2
145;1/2020;FIS584;5;78;A;0;5;72.2
145;1/2020;COM561;5;67;A;1;5;72.2
145;2/2020;SHC630;6;62;A;0;5;63.8
145;2/2020;MAT602;6;58;A;0;5;63.8
145;2/2020;COM636;6;69;A;0;5;63.8
145;2/2020;SIS675;6;56;A;0;5;63.8
145;2/2020;SIS643;6;74;A;1;5;63.8
146;1/2020;SHC132;1;65;C;0;5;72.0
146;1/2020;SIS171;1;59;A;0;5;72.0
146;1/2020;SIS117;1;61;C;0;5;72.0
146;1/2020;ADM126;1;76;A;0;5;72.0
146;1/2020;GEN197;1;99;A;0;5;72.0
146;2/2020;SHC277;2;70;A;0;7;59.9
146;2/2020;MAT208;2;67;A;0;7;59.9
146;2/2020;ADM288;2;67;A;0;7;59.9
146;2/2020;COM222;2;24;R;1;7;59.9
146;2/2020;COM223;2;70;A;0;7;59.9
146;2/2020;SHC264;2;38;R;0;7;59.9
146;2/2020;ADM216;2;83;A;0;7;59.9
146;1/2021;COM222;2;61;A;0;6;53.5
146;1/2021;SHC264;2;45;R;0;6;53.5
146;1/2021;FIS397;3;42;R;0;6;53.5
146;1/2021;FIS374;3;53;A;0;6;53.5
146;1/2021;SHC373;3;68;C;0;6;53.5
146;1/2021;MAT369;3;52;A;1;6;53.5
146;2/2021;SHC264;2;81;A;1;6;56.3
146;2/2021;FIS397;3;56;C;0;6;56.3
146;2/2021;SIS447;4;18;R;0;6;56.3
146;2/2021;ADM463;4;22;R;0;6;56.3
146;2/2021;MAT464;4;81;A;0;6;56.3
146;2/2021;SIS416;4;80;A;0;6;56.3
146;1/2022;SIS447;4;54;A;0;7;63.1
146;1/2022;ADM463;4;64;A;0;7;63.1
146;1/2022;MAT576;5;93;A;1;7;63.1
146;1/2022;MAT580;5;76;A;0;7;63.1
146;1/2022;GEN531;5;69;A;0;7;63.1
146;1/2022;FIS535;5;33;R;0;7;63.1
146;1/2022;SHC565;5;53;A;1;7;63.1
146;2/2022;FIS535;5;21;R;0;7;50.1
146;2/2022;FIS669;6;66;A;0;7;50.1
146;2/2022;GEN667;6;34;R;0;7;50.1
146;2/2022;ADM610;6;58;A;0;7;50.1
146;2/2022;ADM692;6;78;A;0;7;50.1
146;2/2022;FIS670;6;75;A;0;7;50.1
146;2/2022;COM666;6;19;R;0;7;50.1
147;1/2018;ADM129;1;57;A;0;6;68.0
147;1/2018;MAT114;1;66;A;0;6;68.0
147;1/2018;MAT145;1;67;A;0;6;68.0
147;1/2018;MAT116;1;72;C;0;6;68.0
147;1/2018;ADM113;1;68;A;1;6;68.0
147;1/2018;COM186;1;78;A;0;6;68.0
147;2/2018;FIS243;2;55;A;0;6;62.0
147;2/2018;ADM205;2;72;A;0;6;62.0
147;2/2018;FIS297;2;52;A;0;6;62.0
147;2/2018;SIS219;2;52;A;1;6;62.0
147;2/2018;GEN222;2;82;A;1;6;62.0
147;2/2018;SHC293;2;59;A;1;6;62.0
147;1/2019;MAT312;3;72;A;0;4;76.0
147;1/2019;FIS376;3;82;A;0;4;76.0
147;1/2019;GEN305;3;76;A;0;4;76.0
147;1/2019;COM392;3;74;A;0;4;76.0
147;2/2019;SIS409;4;76;A;0;7;66.9
147;2/2019;SIS499;4;46;C;1;7;66.9
147;2/2019;MAT479;4;65;A;0;7;66.9
147;2/2019;FIS409;4;64;C;0;7;66.9
147;2/2019;FIS490;4;60;A;0;7;66.9
147;2/2019;ADM470;4;65;A;0;7;66.9
147;2/2019;ADM404;4;92;A;0;7;66.9
147;1/2020;SIS512;5;75;A;0;7;63.1
147;1/2020;MAT568;5;56;A;0;7;63.1
147;1/2020;SHC551;5;66;C;0;7;63.1
147;1/2020;ADM506;5;55;A;0;7;63.1
147;1/2020;SIS505;5;70;A;0;7;63.1
147;1/2020;FIS520;5;56;A;0;7;63.1
147;1/2020;GEN571;5;64;A;0;7;63.1
147;2/2020;ADM661;6;62;A;0;6;65.2
147;2/2020;MAT692;6;79;A;0;6;65.2
147;2/2020;ADM650;6;68;A;0;6;65.2
147;2/2020;COM630;6;59;A;0;6;65.2
147;2/2020;SIS671;6;63;A;1;6;65.2
147;2/2020;FIS687;6;60;A;0;6;65.2
147;1/2021;ADM783;7;68;A;0;4;58.8
147;1/2021;FIS797;7;75;A;1;4;58.8
147;1/2021;ADM711;7;27;R;1;4;58.8
147;1/2021;GEN769;7;65;A;1;4;58.8
148;1/2018;COM171;1;25;R;0;4;31.0
148;1/2018;MAT198;1;4;R;0;4;31.0
148;1/2018;MAT193;1;35;R;0;4;31.0
148;1/2018;SIS144;1;60;C;0;4;31.0
148;2/2018;COM171;1;23;R;0;4;51.0
148;2/2018;MAT198;1;62;A;0;4;51.0
148;2/2018;MAT193;1;48;R;0;4;51.0
148;2/2018;MAT132;1;71;A;0;4;51.0
148;1/2019;COM171;1;77;A;0;7;53.0
148;1/2019;MAT193;1;47;R;1;7;53.0
148;1/2019;SIS105;1;32;R;0;7;53.0
148;1/2019;GEN189;1;64;A;0;7;53.0
148;1/2019;COM163;1;38;R;0;7;53.0
148;1/2019;MAT196;1;57;A;0;7;53.0
148;1/2019;ADM158;1;56;A;1;7;53.0
148;2/2019;MAT193;1;47;R;0;4;45.2
148;2/2019;SIS105;1;36;R;1;4;45.2
148;2/2019;COM163;1;43;R;1;4;45.2
148;2/2019;FIS166;1;55;A;0;4;45.2
148;1/2020;MAT193;1;17;R;0;7;46.1
148;1/2020;SIS105;1;66;A;0;7;46.1
148;1/2020;COM163;1;60;C;0;7;46.1
148;1/2020;SHC149;1;0;R;0;7;46.1
148;1/2020;SHC137;1;62;A;0;7;46.1
148;1/2020;ADM107;1;74;A;0;7;46.1
148;1/2020;MAT121;1;44;R;0;7;46.1
148;2/2020;MAT193;1;25;R;0;7;61.6
148;2/2020;SHC149;1;70;A;1;7;61.6
148;2/2020;MAT121;1;19;R;0;7;61.6
148;2/2020;COM142;1;76;A;0;7;61.6
148;2/2020;COM139;1;85;A;0;7;61.6
148;2/2020;MAT161;1;84;A;0;7;61.6
148;2/2020;SIS196;1;72;A;0;7;61.6
149;1/2020;GEN111;1;36;R;0;4;43.8
149;1/2020;MAT177;1;36;R;0;4;43.8
149;1/2020;GEN127;1;70;A;0;4;43.8
149;1/2020;ADM199;1;33;R;1;4;43.8
149;2/2020;GEN111;1;69;A;0;7;64.6
149;2/2020;MAT177;1;77;A;0;7;64.6
149;2/2020;ADM199;1;23;R;1;7;64.6
149;2/2020;FIS145;1;69;C;0;7;64.6
149;2/2020;GEN170;1;75;A;0;7;64.6
149;2/2020;SIS183;1;73;A;0;7;64.6
149;2/2020;FIS155;1;66;A;0;7;64.6
149;1/2021;ADM199;1;30;R;0;6;51.0
149;1/2021;MAT209;2;26;R;0;6;51.0
149;1/2021;SIS297;2;71;A;0;6;51.0
149;1/2021;SHC271;2;74;A;0;6;51.0
149;1/2021;FIS248;2;34;R;0;6;51.0
149;1/2021;ADM253;2;71;C;0;6;51.0
149;2/2021;ADM199;1;58;A;0;4;75.2
149;2/2021;MAT209;2;75;C;0;4;75.2
149;2/2021;FIS248;2;68;A;0;4;75.2
149;2/2021;GEN280;2;100;A;0;4;75.2
149;1/2022;ADM358;3;63;A;0;7;56.7
149;1/2022;FIS358;3;58;A;0;7;56.7
149;1/2022;ADM383;3;73;A;0;7;56.7
149;1/2022;SIS308;3;31;R;1;7;56.7
149;1/2022;MAT396;3;19;R;0;7;56.7
149;1/2022;SHC390;3;89;A;0;7;56.7
149;1/2022;COM399;3;64;A;0;7;56.7
149;2/2022;SIS308;3;70;A;0;6;62.3
149;2/2022;MAT396;3;64;A;0;6;62.3
149;2/2022;FIS415;4;30;R;1;6;62.3
149;2/2022;FIS426;4;64;A;1;6;62.3
149;2/2022;SHC475;4;75;C;0;6;62.3
149;2/2022;FIS441;4;71;A;0;6;62.3
149;1/2023;FIS415;4;3;R;1;4;28.2
149;1/2023;GEN561;5;8;R;0;4;28.2
149;1/2023;MAT565;5;40;R;0;4;28.2
149;1/2023;ADM588;5;62;A;1;4;28.2
150;1/2020;SHC181;1;47;R;0;7;67.4
150;1/2020;GEN115;1;76;A;0;7;67.4
150;1/2020;SHC148;1;53;A;0;7;67.4
150;1/2020;SIS146;1;63;A;0;7;67.4
150;1/2020;SIS139;1;73;A;0;7;67.4
150;1/2020;GEN189;1;80;A;0;7;67.4
150;1/2020;GEN160;1;80;A;0;7;67.4
150;2/2020;SHC181;1;71;A;1;5;65.8
150;2/2020;GEN254;2;62;C;0;5;65.8
150;2/2020;FIS283;2;71;A;0;5;65.8
150;2/2020;FIS297;2;67;A;0;5;65.8
150;2/2020;MAT282;2;58;A;0;5;65.8
150;1/2021;COM392;3;77;A;0;5;81.6
150;1/2021;ADM355;3;77;A;0;5;81.6
150;1/2021;MAT306;3;83;A;0;5;81.6
150;1/2021;GEN325;3;76;A;0;5;81.6
150;1/2021;MAT371;3;95;A;0;5;81.6
150;2/2021;FIS449;4;71;A;1;5;67.8
150;2/2021;MAT443;4;73;A;0;5;67.8
150;2/2021;ADM435;4;68;A;0;5;67.8
150;2/2021;GEN436;4;52;A;0;5;67.8
150;2/2021;ADM424;4;75;A;0;5;67.8
150;1/2022;MAT520;5;33;R;0;5;60.8
150;1/2022;FIS556;5;77;C;0;5;60.8
150;1/2022;GEN597;5;46;R;0;5;60.8
150;1/2022;FIS595;5;84;A;0;5;60.8
150;1/2022;ADM514;5;64;A;0;5;60.8
150;2/2022;MAT520;5;64;A;0;6;61.3
150;2/2022;GEN597;5;70;A;1;6;61.3
150;2/2022;COM558;5;68;A;0;6;61.3
150;2/2022;SHC553;5;72;A;0;6;61.3
150;2/2022;SIS528;5;62;A;0;6;61.3
150;2/2022;ADM502;5;32;R;0;6;61.3
150;1/2023;ADM502;5;68;A;0;6;73.3
150;1/2023;COM617;6;70;A;0;6;73.3
150;1/2023;SIS667;6;78;A;0;6;73.3
150;1/2023;ADM642;6;64;A;0;6;73.3
150;1/2023;FIS650;6;79;A;0;6;73.3
150;1/2023;SIS677;6;81;A;0;6;73.3
151;1/2019;COM174;1;66;C;0;6;54.5
151;1/2019;SIS155;1;83;A;0;6;54.5
151;1/2019;SIS131;1;63;A;0;6;54.5
151;1/2019;MAT122;1;67;A;0;6;54.5
151;1/2019;COM166;1;30;R;0;6;54.5
151;1/2019;MAT170;1;18;R;1;6;54.5
151;2/2019;COM166;1;79;A;0;6;41.5
151;2/2019;MAT170;1;22;R;1;6;41.5
151;2/2019;FIS236;2;51;A;0;6;41.5
151;2/2019;COM257;2;19;R;0;6;41.5
151;2/2019;GEN287;2;24;R;0;6;41.5
151;2/2019;ADM293;2;54;C;0;6;41.5
151;1/2020;MAT170;1;30;R;0;6;44.5
151;1/2020;COM257;2;71;A;1;6;44.5
151;1/2020;GEN287;2;24;R;0;6;44.5
151;1/2020;ADM221;2;65;A;0;6;44.5
151;1/2020;SHC209;2;62;A;0;6;44.5
151;1/2020;SIS219;2;15;R;0;6;44.5
151;2/2020;MAT170;1;30;R;1;5;36.4
151;2/2020;GEN287;2;50;R;0;5;36.4
151;2/2020;SIS219;2;29;R;0;5;36.4
151;2/2020;SHC259;2;53;A;0;5;36.4
151;2/2020;FIS240;2;20;R;1;5;36.4
151;1/2021;MAT170;1;36;R;0;5;70.6
151;1/2021;GEN287;2;77;A;0;5;70.6
151;1/2021;SIS219;2;72;A;0;5;70.6
151;1/2021;FIS240;2;78;A;1;5;70.6
151;1/2021;FIS226;2;90;A;0;5;70.6
151;2/2021;MAT170;1;83;A;0;6;56.7
151;2/2021;COM325;3;62;A;1;6;56.7
151;2/2021;ADM326;3;70;A;0;6;56.7
151;2/2021;MAT369;3;73;A;0;6;56.7
151;2/2021;ADM385;3;22;R;0;6;56.7
151;2/2021;COM388;3;30;R;1;6;56.7
151;1/2022;ADM385;3;52;A;0;5;59.0
151;1/2022;COM388;3;39;R;0;5;59.0
151;1/2022;GEN444;4;71;A;0;5;59.0
151;1/2022;GEN435;4;62;A;1;5;59.0
151;1/2022;SIS422;4;71;A;0;5;59.0
151;2/2022;COM388;3;68;A;0;5;48.8
151;2/2022;SIS501;5;52;A;0;5;48.8
151;2/2022;FIS537;5;22;R;0;5;48.8
151;2/2022;COM524;5;79;A;1;5;48.8
151;2/2022;ADM585;5;23;R;0;5;48.8
151;1/2023;FIS537;5;62;A;0;5;29.8
151;1/2023;ADM585;5;11;R;0;5;29.8
151;1/2023;SHC584;5;17;R;0;5;29.8
151;1/2023;SIS500;5;24;R;0;5;29.8
151;1/2023;GEN543;5;35;R;0;5;29.8
151;2/2023;ADM585;5;60;C;0;5;48.2
151;2/2023;SHC584;5;12;R;0;5;48.2
151;2/2023;SIS500;5;26;R;0;5;48.2
151;2/2023;GEN543;5;83;A;0;5;48.2
151;2/2023;SHC524;5;60;A;0;5;48.2
152;1/2018;SHC133;1;37;R;0;4;57.5
152;1/2018;GEN113;1;65;A;0;4;57.5
152;1/2018;SHC173;1;58;C;0;4;57.5
152;1/2018;MAT129;1;70;A;0;4;57.5
152;2/2018;SHC133;1;70;A;1;5;65.8
152;2/2018;ADM241;2;64;A;0;5;65.8
152;2/2018;ADM200;2;70;A;0;5;65.8
152;2/2018;ADM292;2;63;A;0;5;65.8
152;2/2018;SIS225;2;62;C;0;5;65.8
152;1/2019;SIS349;3;77;A;0;4;60.8
152;1/2019;ADM366;3;26;R;0;4;60.8
152;1/2019;SIS390;3;70;A;0;4;60.8
152;1/2019;MAT350;3;70;A;0;4;60.8
152;2/2019;ADM366;3;81;A;0;4;72.0
152;2/2019;FIS483;4;74;A;0;4;72.0
152;2/2019;ADM442;4;60;A;0;4;72.0
152;2/2019;SHC486;4;73;A;1;4;72.0
152;1/2020;COM531;5;44;R;0;5;52.2
152;1/2020;GEN569;5;43;R;0;5;52.2
152;1/2020;ADM581;5;82;A;0;5;52.2
152;1/2020;GEN553;5;62;A;0;5;52.2
152;1/2020;FIS533;5;30;R;0;5;52.2
152;2/2020;COM531;5;46;R;0;5;52.6
152;2/2020;GEN569;5;73;A;0;5;52.6
152;2/2020;FIS533;5;32;R;0;5;52.6
152;2/2020;COM511;5;42;R;0;5;52.6
152;2/2020;SIS511;5;70;A;0;5;52.6
152;1/2021;COM531;5;60;A;0;7;52.7
152;1/2021;FIS533;5;67;A;0;7;52.7
152;1/2021;COM511;5;61;A;0;7;52.7
152;1/2021;SHC526;5;16;R;0;7;52.7
152;1/2021;SIS543;5;68;A;0;7;52.7
152;1/2021;COM548;5;85;A;0;7;52.7
152;1/2021;COM539;5;12;R;1;7;52.7
153;1/2018;COM145;1;19;R;0;5;28.2
153;1/2018;COM139;1;0;R;0;5;28.2
153;1/2018;SIS114;1;24;R;1;5;28.2
153;1/2018;MAT193;1;58;A;0;5;28.2
153;1/2018;COM112;1;40;R;0;5;28.2
153;2/2018;COM145;1;62;A;0;6;51.0
153;2/2018;COM139;1;68;C;0;6;51.0
153;2/2018;SIS114;1;47;R;0;6;51.0
153;2/2018;COM112;1;34;R;0;6;51.0
153;2/2018;SIS121;1;34;R;0;6;51.0
153;2/2018;FIS105;1;61;A;0;6;51.0
153;1/2019;SIS114;1;71;A;0;5;51.6
153;1/2019;COM112;1;26;R;1;5;51.6
153;1/2019;SIS121;1;87;A;0;5;51.6
153;1/2019;FIS170;1;15;R;1;5;51.6
153;1/2019;COM120;1;59;A;0;5;51.6
153;2/2019;COM112;1;29;R;0;5;59.4
153;2/2019;FIS170;1;76;A;0;5;59.4
153;2/2019;GEN103;1;74;A;0;5;59.4
153;2/2019;SHC175;1;56;A;0;5;59.4
153;2/2019;FIS109;1;62;A;1;5;59.4
153;1/2020;COM112;1;65;A;0;4;60.5
153;1/2020;SHC275;2;66;A;0;4;60.5
153;1/2020;COM205;2;58;A;0;4;60.5
153;1/2020;ADM242;2;53;A;0;4;60.5
153;2/2020;COM361;3;58;A;0;4;60.2
153;2/2020;ADM351;3;45;R;0;4;60.2
153;2/2020;MAT378;3;71;C;0;4;60.2
153;2/2020;SHC334;3;67;C;0;4;60.2
154;1/2018;SIS162;1;68;A;1;6;76.8
154;1/2018;FIS189;1;71;C;1;6;76.8
154;1/2018;SIS195;1;67;A;0;6;76.8
154;1/2018;GEN171;1;77;A;0;6;76.8
154;1/2018;SHC151;1;97;A;0;6;76.8
154;1/2018;MAT154;1;81;C;0;6;76.8
154;2/2018;COM227;2;63;A;0;5;71.0
154;2/2018;MAT267;2;76;A;1;5;71.0
154;2/2018;SHC298;2;68;A;1;5;71.0
154;2/2018;GEN276;2;75;A;0;5;71.0
154;2/2018;COM234;2;73;A;0;5;71.0
154;1/2019;COM310;3;68;A;0;7;68.6
154;1/2019;SIS360;3;34;R;0;7;68.6
154;1/2019;MAT365;3;71;A;0;7;68.6
154;1/2019;MAT386;3;77;A;0;7;68.6
154;1/2019;COM356;3;69;A;0;7;68.6
154;1/2019;FIS308;3;77;A;0;7;68.6
154;1/2019;GEN315;3;84;A;0;7;68.6
154;2/2019;SIS360;3;81;A;0;6;72.5
154;2/2019;GEN441;4;68;A;0;6;72.5
154;2/2019;GEN479;4;65;C;0;6;72.5
154;2/2019;SIS458;4;89;C;0;6;72.5
154;2/2019;SHC493;4;59;A;0;6;72.5
154;2/2019;GEN415;4;73;A;0;6;72.5
154;1/2020;GEN506;5;61;C;0;4;60.8
154;1/2020;ADM530;5;60;A;0;4;60.8
154;1/2020;COM599;5;51;A;0;4;60.8
154;1/2020;SIS587;5;71;A;0;4;60.8
154;2/2020;MAT697;6;73;A;0;6;61.8
154;2/2020;SIS629;6;68;C;0;6;61.8
154;2/2020;GEN693;6;66;A;0;6;61.8
154;2/2020;SHC646;6;38;R;0;6;61.8
154;2/2020;MAT622;6;54;A;0;6;61.8
154;2/2020;COM627;6;72;A;0;6;61.8
154;1/2021;SHC646;6;75;A;0;4;63.8
154;1/2021;SHC722;7;71;C;0;4;63.8
154;1/2021;GEN732;7;60;A;0;4;63.8
154;1/2021;SHC757;7;49;R;0;4;63.8
154;2/2021;SHC757;7;59;A;0;6;54.3
154;2/2021;GEN844;8;18;R;0;6;54.3
154;2/2021;COM888;8;58;A;1;6;54.3
154;2/2021;SHC821;8;60;A;0;6;54.3
154;2/2021;FIS805;8;69;A;0;6;54.3
154;2/2021;SHC821;8;62;A;0;6;54.3
155;1/2018;SIS185;1;59;A;0;4;72.8
155;1/2018;GEN121;1;67;A;0;4;72.8
155;1/2018;SIS122;1;95;A;1;4;72.8
155;1/2018;COM107;1;70;A;1;4;72.8
155;2/2018;SIS267;2;72;A;0;6;58.7
155;2/2018;SHC216;2;72;A;0;6;58.7
155;2/2018;ADM281;2;68;A;0;6;58.7
155;2/2018;ADM263;2;66;A;0;6;58.7
155;2/2018;SIS202;2;60;A;0;6;58.7
155;2/2018;COM295;2;14;R;0;6;58.7
155;1/2019;COM295;2;72;A;0;7;76.3
155;1/2019;SHC320;3;62;A;1;7;76.3
155;1/2019;SIS347;3;87;C;0;7;76.3
155;1/2019;ADM384;3;74;A;0;7;76.3
155;1/2019;SIS315;3;74;A;0;7;76.3
155;1/2019;COM391;3;86;A;0;7;76.3
155;1/2019;FIS333;3;79;A;0;7;76.3
155;2/2019;MAT427;4;60;A;0;5;59.6
155;2/2019;SHC448;4;56;A;1;5;59.6
155;2/2019;SIS469;4;59;A;1;5;59.6
155;2/2019;SIS482;4;76;A;1;5;59.6
155;2/2019;GEN414;4;47;R;0;5;59.6
155;1/2020;GEN414;4;62;A;0;5;70.2
155;1/2020;COM599;5;69;A;0;5;70.2
155;1/2020;FIS546;5;69;A;0;5;70.2
155;1/2020;MAT505;5;52;A;0;5;70.2
155;1/2020;MAT598;5;99;A;0;5;70.2
155;2/2020;FIS661;6;55;A;0;6;70.7
155;2/2020;GEN673;6;82;A;0;6;70.7
155;2/2020;SHC688;6;73;A;1;6;70.7
155;2/2020;MAT685;6;73;A;0;6;70.7
155;2/2020;SHC629;6;79;A;0;6;70.7
155;2/2020;COM658;6;62;A;0;6;70.7
155;1/2021;SIS704;7;64;A;0;4;65.8
155;1/2021;COM752;7;65;A;0;4;65.8
155;1/2021;ADM743;7;70;A;0;4;65.8
155;1/2021;SIS719;7;64;C;0;4;65.8
155;2/2021;MAT854;8;74;A;0;5;68.0
155;2/2021;SIS872;8;75;A;0;5;68.0
155;2/2021;SIS821;8;64;A;0;5;68.0
155;2/2021;SHC882;8;72;A;0;5;68.0
155;2/2021;COM821;8;55;A;1;5;68.0
156;1/2018;COM161;1;78;C;0;5;69.2
156;1/2018;COM131;1;61;A;0;5;69.2
156;1/2018;MAT155;1;67;A;0;5;69.2
156;1/2018;FIS186;1;77;A;1;5;69.2
156;1/2018;FIS126;1;63;A;0;5;69.2
156;2/2018;SIS258;2;81;A;0;6;55.5
156;2/2018;SHC223;2;70;A;0;6;55.5
156;2/2018;SHC296;2;61;A;0;6;55.5
156;2/2018;SHC284;2;61;A;0;6;55.5
156;2/2018;MAT276;2;7;R;0;6;55.5
156;2/2018;GEN233;2;53;A;0;6;55.5
156;1/2019;MAT276;2;53;A;0;4;64.8
156;1/2019;ADM326;3;65;A;0;4;64.8
156;1/2019;SIS345;3;79;A;0;4;64.8
156;1/2019;FIS323;3;62;A;0;4;64.8
156;2/2019;SHC486;4;67;A;0;5;57.8
156;2/2019;ADM410;4;26;R;0;5;57.8
156;2/2019;GEN449;4;63;C;1;5;57.8
156;2/2019;MAT499;4;65;A;1;5;57.8
156;2/2019;GEN455;4;68;A;0;5;57.8
156;1/2020;ADM410;4;76;C;0;6;60.7
156;1/2020;SIS529;5;68;A;0;6;60.7
156;1/2020;SIS594;5;54;A;0;6;60.7
156;1/2020;FIS536;5;33;R;0;6;60.7
156;1/2020;GEN594;5;75;A;0;6;60.7
156;1/2020;SIS513;5;58;A;0;6;60.7
156;2/2020;FIS536;5;20;R;0;6;43.7
156;2/2020;COM637;6;24;R;1;6;43.7
156;2/2020;SIS613;6;66;C;0;6;43.7
156;2/2020;ADM659;6;43;R;0;6;43.7
156;2/2020;COM606;6;39;R;0;6;43.7
156;2/2020;COM641;6;70;A;0;6;43.7
156;1/2021;FIS536;5;53;A;0;4;74.5
156;1/2021;COM637;6;76;A;0;4;74.5
156;1/2021;ADM659;6;93;A;0;4;74.5
156;1/2021;COM606;6;76;A;1;4;74.5
157;1/2018;ADM148;1;54;A;1;6;60.8
157;1/2018;SIS148;1;43;R;0;6;60.8
157;1/2018;SHC193;1;63;A;0;6;60.8
157;1/2018;ADM193;1;94;A;0;6;60.8
157;1/2018;FIS109;1;85;A;1;6;60.8
157;1/2018;MAT160;1;26;R;0;6;60.8
157;2/2018;SIS148;1;59;A;0;7;63.1
157;2/2018;MAT160;1;75;A;0;7;63.1
157;2/2018;GEN208;2;58;A;1;7;63.1
157;2/2018;SIS230;2;65;A;1;7;63.1
157;2/2018;MAT214;2;88;A;0;7;63.1
157;2/2018;SIS258;2;81;A;0;7;63.1
157;2/2018;SIS282;2;16;R;1;7;63.1
157;1/2019;SIS282;2;80;A;0;7;65.0
157;1/2019;GEN375;3;82;A;0;7;65.0
157;1/2019;SHC318;3;77;A;0;7;65.0
157;1/2019;MAT349;3;29;R;0;7;65.0
157;1/2019;SHC328;3;63;A;0;7;65.0
157;1/2019;GEN389;3;43;R;0;7;65.0
157;1/2019;FIS378;3;81;A;0;7;65.0
157;2/2019;MAT349;3;72;A;0;7;69.9
157;2/2019;GEN389;3;82;A;0;7;69.9
157;2/2019;MAT479;4;61;A;0;7;69.9
157;2/2019;SIS401;4;69;A;0;7;69.9
157;2/2019;COM476;4;66;A;0;7;69.9
157;2/2019;SIS411;4;79;A;0;7;69.9
157;2/2019;SIS493;4;60;A;0;7;69.9
157;1/2020;SHC569;5;36;R;0;5;40.2
157;1/2020;FIS575;5;17;R;1;5;40.2
157;1/2020;MAT548;5;63;A;0;5;40.2
157;1/2020;ADM569;5;66;A;0;5;40.2
157;1/2020;ADM562;5;19;R;0;5;40.2
157;2/2020;SHC569;5;71;A;1;4;72.0
157;2/2020;FIS575;5;96;A;0;4;72.0
157;2/2020;ADM562;5;65;A;0;4;72.0
157;2/2020;MAT511;5;56;A;0;4;72.0
158;1/2020;ADM171;1;57;A;0;7;60.6
158;1/2020;MAT141;1;46;R;1;7;60.6
158;1/2020;SIS121;1;61;A;0;7;60.6
158;1/2020;SIS197;1;64;A;0;7;60.6
158;1/2020;GEN125;1;60;A;0;7;60.6
158;1/2020;COM126;1;78;A;0;7;60.6
158;1/2020;MAT192;1;58;A;0;7;60.6
158;2/2020;MAT141;1;62;A;0;5;59.2
158;2/2020;MAT214;2;64;C;0;5;59.2
158;2/2020;COM275;2;43;R;0;5;59.2
158;2/2020;GEN271;2;63;A;0;5;59.2
158;2/2020;SIS218;2;64;A;0;5;59.2
158;1/2021;COM275;2;80;A;0;4;54.8
158;1/2021;MAT314;3;52;A;0;4;54.8
158;1/2021;SIS350;3;21;R;0;4;54.8
158;1/2021;SIS388;3;66;A;1;4;54.8
158;2/2021;SIS350;3;65;A;1;6;71.2
158;2/2021;SIS489;4;72;A;1;6;71.2
158;2/2021;SHC411;4;42;R;0;6;71.2
158;2/2021;COM401;4;81;A;0;6;71.2
158;2/2021;GEN499;4;98;A;0;6;71.2
158;2/2021;SHC426;4;69;A;0;6;71.2
158;1/2022;SHC411;4;70;A;0;6;55.2
158;1/2022;SIS574;5;80;A;1;6;55.2
158;1/2022;SHC541;5;13;R;0;6;55.2
158;1/2022;ADM546;5;63;A;0;6;55.2
158;1/2022;FIS553;5;73;A;0;6;55.2
158;1/2022;MAT589;5;32;R;0;6;55.2
158;2/2022;SHC541;5;40;R;0;7;46.9
158;2/2022;MAT589;5;22;R;0;7;46.9
158;2/2022;COM676;6;20;R;1;7;46.9
158;2/2022;FIS684;6;77;A;1;7;46.9
158;2/2022;ADM652;6;78;A;0;7;46.9
158;2/2022;ADM644;6;35;R;1;7;46.9
158;2/2022;ADM647;6;56;A;0;7;46.9
158;1/2023;SHC541;5;17;R;0;4;50.2
158;1/2023;MAT589;5;5;R;0;4;50.2
158;1/2023;COM676;6;99;A;0;4;50.2
158;1/2023;ADM644;6;80;A;0;4;50.2
159;1/2018;MAT196;1;58;A;0;5;64.6
159;1/2018;SIS173;1;72;A;1;5;64.6
159;1/2018;ADM162;1;71;A;0;5;64.6
159;1/2018;COM156;1;66;A;0;5;64.6
159;1/2018;COM135;1;56;A;1;5;64.6
159;2/2018;COM244;2;61;A;0;5;51.6
159;2/2018;ADM213;2;21;R;0;5;51.6
159;2/2018;ADM235;2;51;A;0;5;51.6
159;2/2018;COM278;2;49;R;0;5;51.6
159;2/2018;SHC242;2;76;A;0;5;51.6
159;1/2019;ADM213;2;28;R;0;7;60.7
159;1/2019;COM278;2;81;A;0;7;60.7
159;1/2019;MAT221;2;68;A;0;7;60.7
159;1/2019;COM205;2;70;A;0;7;60.7
159;1/2019;GEN249;2;81;A;0;7;60.7
159;1/2019;SIS263;2;23;R;0;7;60.7
159;1/2019;COM241;2;74;A;0;7;60.7
159;2/2019;ADM213;2;67;A;0;7;59.3
159;2/2019;SIS263;2;69;A;0;7;59.3
159;2/2019;SHC323;3;58;A;0;7;59.3
159;2/2019;GEN319;3;34;R;0;7;59.3
159;2/2019;SHC366;3;84;A;0;7;59.3
159;2/2019;SIS307;3;61;A;1;7;59.3
159;2/2019;FIS392;3;42;R;0;7;59.3
159;1/2020;GEN319;3;32;R;0;5;58.8
159;1/2020;FIS392;3;69;A;0;5;58.8
159;1/2020;FIS403;4;67;A;0;5;58.8
159;1/2020;ADM453;4;73;A;0;5;58.8
159;1/2020;FIS484;4;53;A;0;5;58.8
159;2/2020;GEN319;3;70;A;0;7;65.9
159;2/2020;COM557;5;48;R;0;7;65.9
159;2/2020;COM595;5;72;A;0;7;65.9
159;2/2020;GEN551;5;61;A;0;7;65.9
159;2/2020;COM513;5;65;A;0;7;65.9
159;2/2020;MAT501;5;80;A;0;7;65.9
159;2/2020;SHC559;5;65;A;0;7;65.9
159;1/2021;COM557;5;71;C;0;7;57.1
159;1/2021;SHC622;6;60;A;0;7;57.1
159;1/2021;FIS632;6;55;A;0;7;57.1
159;1/2021;MAT616;6;63;A;0;7;57.1
159;1/2021;GEN693;6;10;R;0;7;57.1
159;1/2021;COM606;6;78;A;0;7;57.1
159;1/2021;ADM627;6;63;A;0;7;57.1
160;1/2018;ADM183;1;79;A;0;5;60.4
160;1/2018;MAT121;1;33;R;0;5;60.4
160;1/2018;FIS159;1;47;R;1;5;60.4
160;1/2018;MAT100;1;66;A;0;5;60.4
160;1/2018;COM178;1;77;A;0;5;60.4
160;2/2018;MAT121;1;66;A;1;5;59.0
160;2/2018;FIS159;1;64;A;0;5;59.0
160;2/2018;COM180;1;67;A;0;5;59.0
160;2/2018;MAT160;1;62;A;0;5;59.0
160;2/2018;COM181;1;36;R;1;5;59.0
160;1/2019;COM181;1;73;C;1;5;67.8
160;1/2019;ADM217;2;54;A;0;5;67.8
160;1/2019;SIS266;2;58;A;0;5;67.8
160;1/2019;FIS254;2;76;A;0;5;67.8
160;1/2019;SIS297;2;78;A;0;5;67.8
160;2/2019;COM354;3;79;A;0;4;52.5
160;2/2019;COM334;3;48;R;0;4;52.5
160;2/2019;GEN327;3;68;C;0;4;52.5
160;2/2019;COM335;3;15;R;0;4;52.5
160;1/2020;COM334;3;77;A;0;6;70.8
160;1/2020;COM335;3;59;A;0;6;70.8
160;1/2020;ADM398;3;68;A;0;6;70.8
160;1/2020;FIS340;3;84;A;0;6;70.8
160;1/2020;SIS352;3;65;A;0;6;70.8
160;1/2020;FIS372;3;72;A;0;6;70.8
160;2/2020;SHC441;4;39;R;0;7;62.3
160;2/2020;SHC459;4;54;A;1;7;62.3
160;2/2020;MAT485;4;64;A;0;7;62.3
160;2/2020;MAT435;4;75;A;0;7;62.3
160;2/2020;COM455;4;75;A;0;7;62.3
160;2/2020;ADM438;4;63;A;0;7;62.3
160;2/2020;ADM419;4;66;A;0;7;62.3
160;1/2021;SHC441;4;16;R;0;7;51.4
160;1/2021;GEN504;5;67;A;0;7;51.4
160;1/2021;GEN518;5;26;R;0;7;51.4
160;1/2021;FIS550;5;75;A;0;7;51.4
160;1/2021;COM531;5;38;R;0;7;51.4
160;1/2021;GEN530;5;73;A;1;7;51.4
160;1/2021;MAT515;5;65;A;0;7;51.4
160;2/2021;SHC441;4;20;R;0;7;35.7
160;2/2021;GEN518;5;26;R;0;7;35.7
160;2/2021;COM531;5;48;R;0;7;35.7
160;2/2021;FIS573;5;86;A;0;7;35.7
160;2/2021;FIS563;5;30;R;1;7;35.7
160;2/2021;SIS526;5;7;R;0;7;35.7
160;2/2021;ADM541;5;33;R;0;7;35.7
160;1/2022;SHC441;4;71;C;1;6;71.3
160;1/2022;GEN518;5;82;A;0;6;71.3
160;1/2022;COM531;5;75;A;0;6;71.3
160;1/2022;FIS563;5;78;A;0;6;71.3
160;1/2022;SIS526;5;67;A;0;6;71.3
160;1/2022;ADM541;5;55;A;0;6;71.3
161;1/2019;FIS126;1;25;R;0;5;43.6
161;1/2019;SHC175;1;65;C;0;5;43.6
161;1/2019;FIS183;1;23;R;0;5;43.6
161;1/2019;COM108;1;56;A;0;5;43.6
161;1/2019;ADM112;1;49;R;0;5;43.6
161;2/2019;FIS126;1;35;R;0;7;55.6
161;2/2019;FIS183;1;35;R;0;7;55.6
161;2/2019;ADM112;1;78;A;0;7;55.6
161;2/2019;MAT119;1;78;A;0;7;55.6
161;2/2019;MAT136;1;66;A;0;7;55.6
161;2/2019;GEN116;1;28;R;0;7;55.6
161;2/2019;MAT102;1;69;A;1;7;55.6
161;1/2020;FIS126;1;70;C;0;5;36.4
161;1/2020;FIS183;1;38;R;0;5;36.4
161;1/2020;GEN116;1;0;R;0;5;36.4
161;1/2020;GEN148;1;15;R;0;5;36.4
161;1/2020;SHC135;1;59;C;0;5;36.4
161;2/2020;FIS183;1;69;A;0;4;53.5
161;2/2020;GEN116;1;55;A;0;4;53.5
161;2/2020;GEN148;1;60;A;0;4;53.5
161;2/2020;MAT187;1;30;R;0;4;53.5
161;1/2021;MAT187;1;75;A;0;4;58.8
161;1/2021;ADM222;2;78;A;0;4;58.8
161;1/2021;ADM298;2;8;R;0;4;58.8
161;1/2021;ADM225;2;74;A;0;4;58.8
161;2/2021;ADM298;2;14;R;0;4;56.2
161;2/2021;SHC347;3;70;A;0;4;56.2
161;2/2021;GEN380;3;74;A;0;4;56.2
161;2/2021;MAT363;3;67;A;1;4;56.2
161;1/2022;ADM298;2;59;A;0;4;39.8
161;1/2022;GEN411;4;11;R;0;4;39.8
161;1/2022;SHC486;4;56;A;0;4;39.8
161;1/2022;SHC442;4;33;R;0;4;39.8
161;2/2022;GEN411;4;35;R;0;4;59.0
161;2/2022;SHC442;4;79;A;0;4;59.0
161;2/2022;COM447;4;44;R;0;4;59.0
161;2/2022;COM458;4;78;A;1;4;59.0
162;1/2018;SIS183;1;74;A;0;7;72.9
162;1/2018;SHC180;1;75;A;0;7;72.9
162;1/2018;COM138;1;64;A;1;7;72.9
162;1/2018;ADM145;1;66;A;0;7;72.9
162;1/2018;SHC103;1;97;A;0;7;72.9
162;1/2018;GEN110;1;72;C;0;7;72.9
162;1/2018;SHC110;1;62;A;0;7;72.9
162;2/2018;ADM242;2;43;R;0;4;50.2
162;2/2018;GEN235;2;0;R;0;4;50.2
162;2/2018;SHC220;2;82;A;0;4;50.2
162;2/2018;ADM231;2;76;A;0;4;50.2
162;1/2019;ADM242;2;21;R;0;4;51.5
162;1/2019;GEN235;2;72;A;0;4;51.5
162;1/2019;GEN286;2;61;A;0;4;51.5
162;1/2019;ADM276;2;52;A;1;4;51.5
162;2/2019;ADM242;2;25;R;0;5;51.2
162;2/2019;SHC322;3;70;A;0;5;51.2
162;2/2019;MAT312;3;66;A;0;5;51.2
162;2/2019;SHC331;3;67;C;0;5;51.2
162;2/2019;ADM367;3;28;R;0;5;51.2
162;1/2020;ADM242;2;71;A;0;7;68.0
162;1/2020;ADM367;3;83;A;0;7;68.0
162;1/2020;ADM379;3;52;A;0;7;68.0
162;1/2020;SIS389;3;70;A;0;7;68.0
162;1/2020;COM318;3;87;A;0;7;68.0
162;1/2020;ADM301;3;67;A;1;7;68.0
162;1/2020;COM301;3;46;R;0;7;68.0
162;2/2020;COM301;3;65;A;1;5;65.0
162;2/2020;COM432;4;57;A;0;5;65.0
162;2/2020;SIS438;4;48;R;1;5;65.0
162;2/2020;COM463;4;75;A;0;5;65.0
162;2/2020;SHC469;4;80;A;0;5;65.0
162;1/2021;SIS438;4;39;R;0;4;43.0
162;1/2021;FIS562;5;71;A;0;4;43.0
162;1/2021;ADM582;5;49;R;0;4;43.0
162;1/2021;MAT582;5;13;R;0;4;43.0
162;2/2021;SIS438;4;62;A;0;4;40.0
162;2/2021;ADM582;5;16;R;1;4;40.0
162;2/2021;MAT582;5;57;A;0;4;40.0
162;2/2021;FIS546;5;25;R;0;4;40.0
162;1/2022;ADM582;5;80;A;1;6;68.0
162;1/2022;FIS546;5;37;R;0;6;68.0
162;1/2022;MAT562;5;77;A;0;6;68.0
162;1/2022;SIS510;5;71;A;0;6;68.0
162;1/2022;COM581;5;71;A;0;6;68.0
162;1/2022;GEN516;5;72;A;0;6;68.0
163;1/2018;COM130;1;15;R;0;6;50.3
163;1/2018;ADM121;1;58;C;0;6;50.3
163;1/2018;ADM110;1;55;C;0;6;50.3
163;1/2018;COM149;1;26;R;0;6;50.3
163;1/2018;SHC183;1;68;A;0;6;50.3
163;1/2018;GEN116;1;80;A;0;6;50.3
163;2/2018;COM130;1;71;A;0;7;61.1
163;2/2018;COM149;1;53;C;0;7;61.1
163;2/2018;FIS225;2;78;A;1;7;61.1
163;2/2018;SIS226;2;72;A;0;7;61.1
163;2/2018;MAT229;2;52;A;0;7;61.1
163;2/2018;SIS283;2;10;R;0;7;61.1
163;2/2018;SIS215;2;92;C;0;7;61.1
163;1/2019;SIS283;2;82;A;0;5;74.6
163;1/2019;ADM373;3;74;C;0;5;74.6
163;1/2019;SIS312;3;71;A;0;5;74.6
163;1/2019;FIS378;3;66;C;0;5;74.6
163;1/2019;GEN350;3;80;A;0;5;74.6
163;2/2019;SIS453;4;79;A;0;4;73.2
163;2/2019;SIS482;4;71;A;0;4;73.2
163;2/2019;COM443;4;68;A;0;4;73.2
163;2/2019;ADM493;4;75;A;0;4;73.2
163;1/2020;FIS587;5;62;A;0;7;62.6
163;1/2020;ADM535;5;61;C;0;7;62.6
163;1/2020;SHC539;5;66;C;0;7;62.6
163;1/2020;MAT584;5;73;C;0;7;62.6
163;1/2020;SHC524;5;56;A;0;7;62.6
163;1/2020;SIS580;5;65;A;0;7;62.6
163;1/2020;ADM528;5;55;A;0;7;62.6
163;2/2020;FIS613;6;52;C;0;5;61.6
163;2/2020;GEN660;6;49;R;0;5;61.6
163;2/2020;MAT605;6;59;A;0;5;61.6
163;2/2020;FIS634;6;85;A;0;5;61.6
163;2/2020;GEN676;6;63;A;0;5;61.6
163;1/2021;GEN660;6;51;A;0;6;64.3
163;1/2021;MAT734;7;41;R;0;6;64.3
163;1/2021;MAT703;7;77;A;0;6;64.3
163;1/2021;COM720;7;64;A;0;6;64.3
163;1/2021;MAT728;7;64;A;0;6;64.3
163;1/2021;FIS739;7;89;A;0;6;64.3
163;2/2021;MAT734;7;22;R;0;5;54.8
163;2/2021;MAT812;8;65;A;1;5;54.8
163;2/2021;COM874;8;76;A;0;5;54.8
163;2/2021;COM896;8;77;A;0;5;54.8
163;2/2021;ADM812;8;34;R;0;5;54.8
163;1/2022;MAT734;7;72;A;0;7;58.7
163;1/2022;ADM812;8;74;A;0;7;58.7
163;1/2022;COM828;8;75;A;0;7;58.7
163;1/2022;SIS849;8;28;R;0;7;58.7
163;1/2022;SHC877;8;73;A;0;7;58.7
163;1/2022;GEN841;8;29;R;1;7;58.7
163;1/2022;FIS842;8;60;A;1;7;58.7
163;2/2022;SIS849;8;71;A;0;7;61.6
163;2/2022;GEN841;8;45;R;0;7;61.6
163;2/2022;COM995;9;42;R;0;7;61.6
163;2/2022;SHC970;9;77;A;1;7;61.6
163;2/2022;MAT993;9;76;C;0;7;61.6
163;2/2022;SIS925;9;65;A;0;7;61.6
163;2/2022;COM960;9;55;A;1;7;61.6
164;1/2019;MAT183;1;62;A;0;6;54.3
164;1/2019;MAT147;1;63;A;0;6;54.3
164;1/2019;SHC175;1;23;R;0;6;54.3
164;1/2019;GEN146;1;64;A;0;6;54.3
164;1/2019;SHC107;1;72;A;0;6;54.3
164;1/2019;GEN195;1;42;R;0;6;54.3
164;2/2019;SHC175;1;46;R;0;6;60.7
164;2/2019;GEN195;1;88;A;0;6;60.7
164;2/2019;FIS277;2;66;A;0;6;60.7
164;2/2019;GEN258;2;26;R;0;6;60.7
164;2/2019;COM258;2;81;A;0;6;60.7
164;2/2019;SIS232;2;57;A;0;6;60.7
164;1/2020;SHC175;1;41;R;0;7;53.0
164;1/2020;GEN258;2;62;A;0;7;53.0
164;1/2020;ADM326;3;72;C;0;7;53.0
164;1/2020;SHC371;3;71;A;0;7;53.0
164;1/2020;SHC301;3;66;A;1;7;53.0
164;1/2020;ADM341;3;7;R;0;7;53.0
164;1/2020;SHC341;3;52;A;0;7;53.0
164;2/2020;SHC175;1;82;A;0;4;56.5
164;2/2020;ADM341;3;48;R;1;4;56.5
164;2/2020;FIS401;4;44;R;0;4;56.5
164;2/2020;ADM497;4;52;A;0;4;56.5
164;1/2021;ADM341;3;77;A;0;5;74.8
164;1/2021;FIS401;4;62;A;0;5;74.8
164;1/2021;GEN454;4;71;A;1;5;74.8
164;1/2021;FIS402;4;93;A;1;5;74.8
164;1/2021;SIS427;4;71;A;0;5;74.8
164;2/2021;GEN597;5;56;A;0;6;47.7
164;2/2021;MAT577;5;14;R;0;6;47.7
164;2/2021;SIS569;5;27;R;0;6;47.7
164;2/2021;COM533;5;48;R;0;6;47.7
164;2/2021;ADM531;5;67;A;0;6;47.7
164;2/2021;SIS541;5;74;A;0;6;47.7
164;1/2022;MAT577;5;83;A;0;5;59.0
164;1/2022;SIS569;5;21;R;0;5;59.0
164;1/2022;COM533;5;71;A;0;5;59.0
164;1/2022;MAT533;5;71;C;1;5;59.0
164;1/2022;FIS595;5;49;R;0;5;59.0
164;2/2022;SIS569;5;64;A;0;4;56.5
164;2/2022;FIS595;5;60;A;1;4;56.5
164;2/2022;SHC566;5;25;R;1;4;56.5
164;2/2022;SHC582;5;77;A;0;4;56.5
164;1/2023;SHC566;5;82;A;0;6;64.7
164;1/2023;SHC664;6;95;A;0;6;64.7
164;1/2023;GEN624;6;76;A;1;6;64.7
164;1/2023;GEN631;6;17;R;0;6;64.7
164;1/2023;GEN672;6;46;R;0;6;64.7
164;1/2023;SIS609;6;72;A;0;6;64.7
164;2/2023;GEN631;6;19;R;1;4;53.2
164;2/2023;GEN672;6;68;A;0;4;53.2
164;2/2023;ADM742;7;65;A;1;4;53.2
164;2/2023;COM762;7;61;A;0;4;53.2
165;1/2019;SIS114;1;47;R;0;5;54.2
165;1/2019;SIS182;1;72;A;0;5;54.2
165;1/2019;SIS130;1;24;R;1;5;54.2
165;1/2019;COM117;1;61;A;0;5;54.2
165;1/2019;COM110;1;67;A;0;5;54.2
165;2/2019;SIS114;1;70;C;0;5;57.2
165;2/2019;SIS130;1;45;R;0;5;57.2
165;2/2019;COM148;1;47;R;0;5;57.2
165;2/2019;MAT172;1;51;A;1;5;57.2
165;2/2019;COM131;1;73;A;0;5;57.2
165;1/2020;SIS130;1;69;A;0;4;49.5
165;1/2020;COM148;1;38;R;0;4;49.5
165;1/2020;MAT141;1;16;R;0;4;49.5
165;1/2020;ADM181;1;75;A;1;4;49.5
165;2/2020;COM148;1;28;R;1;7;58.9
165;2/2020;MAT141;1;30;R;0;7;58.9
165;2/2020;SIS195;1;89;A;0;7;58.9
165;2/2020;FIS147;1;73;A;0;7;58.9
165;2/2020;COM114;1;64;A;0;7;58.9
165;2/2020;SIS160;1;53;A;1;7;58.9
165;2/2020;GEN124;1;75;A;0;7;58.9
165;1/2021;COM148;1;83;C;0;6;66.2
165;1/2021;MAT141;1;74;A;0;6;66.2
165;1/2021;MAT280;2;14;R;0;6;66.2
165;1/2021;GEN284;2;77;C;0;6;66.2
165;1/2021;ADM263;2;74;A;0;6;66.2
165;1/2021;GEN262;2;75;A;0;6;66.2
165;2/2021;MAT280;2;37;R;0;7;54.6
165;2/2021;GEN371;3;66;A;0;7;54.6
165;2/2021;ADM332;3;24;R;0;7;54.6
165;2/2021;ADM359;3;78;A;0;7;54.6
165;2/2021;COM319;3;26;R;0;7;54.6
165;2/2021;GEN391;3;54;A;0;7;54.6
165;2/2021;ADM301;3;97;A;0;7;54.6
165;1/2022;MAT280;2;67;A;1;5;51.8
165;1/2022;ADM332;3;69;A;1;5;51.8
165;1/2022;COM319;3;50;R;0;5;51.8
165;1/2022;COM363;3;20;R;1;5;51.8
165;1/2022;COM393;3;53;A;0;5;51.8
165;2/2022;COM319;3;17;R;0;7;54.1
165;2/2022;COM363;3;56;A;0;7;54.1
165;2/2022;COM381;3;31;R;0;7;54.1
165;2/2022;ADM344;3;68;C;1;7;54.1
165;2/2022;COM346;3;72;A;1;7;54.1
165;2/2022;MAT302;3;47;R;1;7;54.1
165;2/2022;ADM356;3;88;A;0;7;54.1
165;1/2023;COM319;3;68;A;0;6;43.0
165;1/2023;COM381;3;63;A;0;6;43.0
165;1/2023;MAT302;3;13;R;0;6;43.0
165;1/2023;SIS374;3;20;R;0;6;43.0
165;1/2023;FIS390;3;20;R;0;6;43.0
165;1/2023;MAT364;3;74;A;0;6;43.0
166;1/2019;COM160;1;82;A;0;6;74.8
166;1/2019;SIS162;1;76;A;1;6;74.8
166;1/2019;SHC159;1;66;A;0;6;74.8
166;1/2019;GEN123;1;73;A;0;6;74.8
166;1/2019;COM161;1;73;A;0;6;74.8
166;1/2019;SIS114;1;79;A;0;6;74.8
166;2/2019;SHC230;2;69;A;1;4;74.2
166;2/2019;COM295;2;69;A;0;4;74.2
166;2/2019;SHC282;2;70;A;1;4;74.2
166;2/2019;FIS215;2;89;A;0;4;74.2
166;1/2020;FIS327;3;85;A;0;5;62.6
166;1/2020;COM398;3;53;A;0;5;62.6
166;1/2020;MAT328;3;63;A;0;5;62.6
166;1/2020;GEN304;3;61;A;0;5;62.6
166;1/2020;FIS345;3;51;A;0;5;62.6
166;2/2020;COM452;4;76;A;0;5;61.0
166;2/2020;SIS431;4;24;R;1;5;61.0
166;2/2020;GEN428;4;68;A;0;5;61.0
166;2/2020;COM489;4;77;A;0;5;61.0
166;2/2020;COM435;4;60;A;0;5;61.0
166;1/2021;SIS431;4;91;A;0;6;68.8
166;1/2021;GEN553;5;0;R;0;6;68.8
166;1/2021;GEN502;5;87;A;0;6;68.8
166;1/2021;ADM504;5;89;A;0;6;68.8
166;1/2021;FIS599;5;69;A;1;6;68.8
166;1/2021;ADM579;5;77;A;1;6;68.8
166;2/2021;GEN553;5;74;A;0;4;71.5
166;2/2021;COM616;6;79;A;0;4;71.5
166;2/2021;ADM604;6;65;A;0;4;71.5
166;2/2021;COM609;6;68;A;0;4;71.5
167;1/2018;FIS137;1;60;A;0;6;62.3
167;1/2018;ADM149;1;30;R;0;6;62.3
167;1/2018;SHC169;1;65;A;0;6;62.3
167;1/2018;ADM118;1;67;C;1;6;62.3
167;1/2018;SIS148;1;76;A;0;6;62.3
167;1/2018;SHC120;1;76;A;0;6;62.3
167;2/2018;ADM149;1;60;C;0;7;57.7
167;2/2018;MAT206;2;80;A;0;7;57.7
167;2/2018;MAT215;2;67;A;0;7;57.7
167;2/2018;SIS256;2;31;R;0;7;57.7
167;2/2018;GEN253;2;36;R;0;7;57.7
167;2/2018;FIS211;2;62;A;0;7;57.7
167;2/2018;FIS290;2;68;A;0;7;57.7
167;1/2019;SIS256;2;67;A;1;5;59.6
167;1/2019;GEN253;2;76;A;0;5;59.6
167;1/2019;GEN347;3;53;A;0;5;59.6
167;1/2019;ADM340;3;47;R;0;5;59.6
167;1/2019;ADM351;3;55;A;0;5;59.6
167;2/2019;ADM340;3;69;A;0;4;40.2
167;2/2019;SIS445;4;12;R;0;4;40.2
167;2/2019;ADM461;4;77;A;0;4;40.2
167;2/2019;MAT434;4;3;R;0;4;40.2
167;1/2020;SIS445;4;70;A;0;4;48.0
167;1/2020;MAT434;4;12;R;1;4;48.0
167;1/2020;SHC466;4;68;A;0;4;48.0
167;1/2020;SIS432;4;42;R;0;4;48.0
167;2/2020;MAT434;4;11;R;1;5;39.2
167;2/2020;SIS432;4;48;R;0;5;39.2
167;2/2020;GEN492;4;76;A;0;5;39.2
167;2/2020;SHC488;4;37;R;0;5;39.2
167;2/2020;SIS412;4;24;R;0;5;39.2
168;1/2020;SIS127;1;90;A;0;4;71.5
168;1/2020;GEN179;1;73;A;0;4;71.5
168;1/2020;SIS198;1;51;A;1;4;71.5
168;1/2020;MAT115;1;72;A;1;4;71.5
168;2/2020;MAT271;2;84;A;1;4;61.5
168;2/2020;GEN291;2;15;R;0;4;61.5
168;2/2020;SHC283;2;76;A;0;4;61.5
168;2/2020;ADM274;2;71;A;0;4;61.5
168;1/2021;GEN291;2;30;R;0;4;57.5
168;1/2021;ADM333;3;82;A;0;4;57.5
168;1/2021;COM397;3;54;C;0;4;57.5
168;1/2021;FIS343;3;64;A;0;4;57.5
168;2/2021;GEN291;2;61;A;0;5;58.0
168;2/2021;SHC454;4;62;A;0;5;58.0
168;2/2021;GEN489;4;41;R;0;5;58.0
168;2/2021;COM441;4;68;A;0;5;58.0
168;2/2021;GEN411;4;58;A;0;5;58.0
168;1/2022;GEN489;4;71;A;0;6;61.5
168;1/2022;SHC521;5;72;A;0;6;61.5
168;1/2022;MAT541;5;81;A;0;6;61.5
168;1/2022;ADM560;5;50;C;0;6;61.5
168;1/2022;COM502;5;62;A;0;6;61.5
168;1/2022;ADM570;5;33;R;0;6;61.5
168;2/2022;ADM570;5;78;C;0;6;43.5
168;2/2022;ADM680;6;0;R;0;6;43.5
168;2/2022;MAT693;6;52;A;0;6;43.5
168;2/2022;ADM653;6;33;R;0;6;43.5
168;2/2022;SHC615;6;69;C;0;6;43.5
168;2/2022;MAT666;6;29;R;1;6;43.5
168;1/2023;ADM680;6;66;A;0;7;68.7
168;1/2023;ADM653;6;76;A;0;7;68.7
168;1/2023;MAT666;6;61;A;0;7;68.7
168;1/2023;FIS693;6;70;A;0;7;68.7
168;1/2023;COM628;6;71;C;0;7;68.7
168;1/2023;SHC660;6;73;A;0;7;68.7
168;1/2023;SHC663;6;64;A;0;7;68.7
169;1/2018;MAT175;1;72;A;0;7;64.6
169;1/2018;ADM148;1;84;A;0;7;64.6
169;1/2018;MAT150;1;77;A;1;7;64.6
169;1/2018;GEN156;1;21;R;1;7;64.6
169;1/2018;ADM192;1;76;A;0;7;64.6
169;1/2018;COM181;1;63;A;0;7;64.6
169;1/2018;ADM118;1;59;A;1;7;64.6
169;2/2018;GEN156;1;56;A;0;4;61.2
169;2/2018;SHC278;2;69;A;0;4;61.2
169;2/2018;MAT227;2;51;C;0;4;61.2
169;2/2018;GEN218;2;69;A;0;4;61.2
169;1/2019;MAT397;3;52;A;0;4;67.8
169;1/2019;COM386;3;74;A;0;4;67.8
169;1/2019;GEN332;3;64;A;1;4;67.8
169;1/2019;SIS376;3;81;A;0;4;67.8
169;2/2019;GEN488;4;81;A;0;5;73.2
169;2/2019;GEN486;4;75;A;0;5;73.2
169;2/2019;ADM459;4;75;A;0;5;73.2
169;2/2019;SIS414;4;70;A;0;5;73.2
169;2/2019;SHC467;4;65;A;0;5;73.2
169;1/2020;FIS546;5;34;R;0;5;44.6
169;1/2020;MAT512;5;73;A;0;5;44.6
169;1/2020;ADM577;5;4;R;1;5;44.6
169;1/2020;FIS529;5;45;R;1;5;44.6
169;1/2020;SIS531;5;67;A;0;5;44.6
169;2/2020;FIS546;5;75;A;0;6;60.8
169;2/2020;ADM577;5;99;C;0;6;60.8
169;2/2020;FIS529;5;81;A;1;6;60.8
169;2/2020;GEN503;5;66;A;0;6;60.8
169;2/2020;COM534;5;19;R;0;6;60.8
169;2/2020;SIS580;5;25;R;0;6;60.8
169;1/2021;COM534;5;53;A;0;5;62.6
169;1/2021;SIS580;5;60;A;0;5;62.6
169;1/2021;FIS673;6;83;A;0;5;62.6
169;1/2021;COM609;6;66;A;0;5;62.6
169;1/2021;FIS605;6;51;A;0;5;62.6
169;2/2021;GEN712;7;58;A;0;4;39.5
169;2/2021;MAT742;7;66;A;0;4;39.5
169;2/2021;FIS779;7;19;R;0;4;39.5
169;2/2021;MAT701;7;15;R;0;4;39.5
169;1/2022;FIS779;7;77;A;0;5;67.6
169;1/2022;MAT701;7;66;A;0;5;67.6
169;1/2022;FIS765;7;69;A;0;5;67.6
169;1/2022;SIS797;7;50;R;0;5;67.6
169;1/2022;ADM777;7;76;A;0;5;67.6
169;2/2022;SIS797;7;67;A;0;4;70.0
169;2/2022;ADM885;8;53;A;0;4;70.0
169;2/2022;SIS809;8;75;A;0;4;70.0
169;2/2022;GEN810;8;85;A;0;4;70.0
170;1/2020;MAT109;1;33;R;1;4;48.0
170;1/2020;FIS121;1;46;R;0;4;48.0
170;1/2020;GEN175;1;77;A;0;4;48.0
170;1/2020;COM138;1;36;R;0;4;48.0
170;2/2020;MAT109;1;85;A;0;7;59.7
170;2/2020;FIS121;1;20;R;0;7;59.7
170;2/2020;COM138;1;67;A;1;7;59.7
170;2/2020;FIS116;1;31;R;0;7;59.7
170;2/2020;GEN140;1;83;A;0;7;59.7
170;2/2020;SHC169;1;69;A;0;7;59.7
170;2/2020;GEN173;1;63;A;0;7;59.7
170;1/2021;FIS121;1;11;R;0;5;45.0
170;1/2021;FIS116;1;27;R;0;5;45.0
170;1/2021;COM287;2;37;R;0;5;45.0
170;1/2021;SIS216;2;85;A;0;5;45.0
170;1/2021;ADM237;2;65;A;0;5;45.0
170;2/2021;FIS121;1;58;A;1;5;67.0
170;2/2021;FIS116;1;51;A;0;5;67.0
170;2/2021;COM287;2;70;A;0;5;67.0
170;2/2021;ADM283;2;73;A;0;5;67.0
170;2/2021;SIS214;2;83;A;0;5;67.0
170;1/2022;SIS309;3;72;A;0;5;72.4
170;1/2022;ADM352;3;73;C;0;5;72.4
170;1/2022;SIS352;3;83;A;0;5;72.4
170;1/2022;SHC368;3;68;A;1;5;72.4
170;1/2022;SHC334;3;66;A;0;5;72.4
170;2/2022;SIS494;4;71;A;1;5;59.8
170;2/2022;SHC449;4;34;R;0;5;59.8
170;2/2022;ADM476;4;90;A;0;5;59.8
170;2/2022;GEN429;4;18;R;0;5;59.8
170;2/2022;SIS433;4;86;A;0;5;59.8
170;1/2023;SHC449;4;29;R;1;6;48.7
170;1/2023;GEN429;4;24;R;0;6;48.7
170;1/2023;SHC441;4;64;A;0;6;48.7
170;1/2023;SHC457;4;36;R;0;6;48.7
170;1/2023;SHC463;4;66;A;0;6;48.7
170;1/2023;COM426;4;73;A;0;6;48.7
170;2/2023;SHC449;4;61;A;0;5;62.2
170;2/2023;GEN429;4;63;A;0;5;62.2
170;2/2023;SHC457;4;54;A;0;5;62.2
170;2/2023;MAT436;4;65;A;0;5;62.2
170;2/2023;COM416;4;68;A;0;5;62.2
171;1/2018;GEN143;1;54;A;0;4;69.8
171;1/2018;FIS196;1;72;A;0;4;69.8
171;1/2018;ADM150;1;69;A;0;4;69.8
171;1/2018;MAT182;1;84;A;0;4;69.8
171;2/2018;COM258;2;61;A;0;6;58.0
171;2/2018;MAT272;2;63;A;0;6;58.0
171;2/2018;FIS268;2;73;C;0;6;58.0
171;2/2018;MAT215;2;64;A;0;6;58.0
171;2/2018;ADM237;2;16;R;1;6;58.0
171;2/2018;SIS272;2;71;A;0;6;58.0
171;1/2019;ADM237;2;79;A;0;4;45.8
171;1/2019;COM330;3;8;R;0;4;45.8
171;1/2019;GEN387;3;65;A;1;4;45.8
171;1/2019;FIS366;3;31;R;0;4;45.8
171;2/2019;COM330;3;67;A;0;6;65.2
171;2/2019;FIS366;3;73;A;0;6;65.2
171;2/2019;GEN353;3;72;A;1;6;65.2
171;2/2019;GEN354;3;33;R;0;6;65.2
171;2/2019;GEN322;3;84;A;0;6;65.2
171;2/2019;ADM352;3;62;A;0;6;65.2
171;1/2020;GEN354;3;64;A;1;5;60.8
171;1/2020;FIS405;4;80;A;0;5;60.8
171;1/2020;SIS402;4;78;C;0;5;60.8
171;1/2020;FIS431;4;71;A;0;5;60.8
171;1/2020;SIS400;4;11;R;0;5;60.8
171;2/2020;SIS400;4;71;A;0;4;78.8
171;2/2020;SHC566;5;86;A;0;4;78.8
171;2/2020;GEN583;5;86;A;0;4;78.8
171;2/2020;SIS577;5;72;A;0;4;78.8
171;1/2021;FIS692;6;60;A;0;6;62.8
171;1/2021;GEN639;6;58;A;0;6;62.8
171;1/2021;FIS613;6;56;A;0;6;62.8
171;1/2021;SIS637;6;68;A;0;6;62.8
171;1/2021;MAT688;6;63;C;0;6;62.8
171;1/2021;SHC608;6;72;A;0;6;62.8
171;2/2021;FIS707;7;75;A;1;5;41.4
171;2/2021;GEN711;7;4;R;0;5;41.4
171;2/2021;GEN725;7;67;A;0;5;41.4
171;2/2021;COM787;7;47;R;0;5;41.4
171;2/2021;ADM732;7;14;R;0;5;41.4
172;1/2019;FIS170;1;38;R;0;6;60.2
172;1/2019;FIS141;1;74;A;0;6;60.2
172;1/2019;GEN145;1;74;A;1;6;60.2
172;1/2019;SIS118;1;72;A;0;6;60.2
172;1/2019;SHC106;1;76;A;0;6;60.2
172;1/2019;COM109;1;27;R;0;6;60.2
172;2/2019;FIS170;1;66;C;1;4;56.8
172;2/2019;COM109;1;72;A;0;4;56.8
172;2/2019;ADM233;2;31;R;0;4;56.8
172;2/2019;ADM218;2;58;A;0;4;56.8
172;1/2020;ADM233;2;66;A;1;7;58.9
172;1/2020;SIS328;3;68;A;0;7;58.9
172;1/2020;MAT378;3;68;A;0;7;58.9
172;1/2020;SIS366;3;61;A;1;7;58.9
172;1/2020;ADM315;3;58;A;0;7;58.9
172;1/2020;FIS327;3;29;R;0;7;58.9
172;1/2020;MAT352;3;62;A;0;7;58.9
172;2/2020;FIS327;3;59;C;0;6;56.5
172;2/2020;GEN439;4;68;C;0;6;56.5
172;2/2020;SHC436;4;63;A;0;6;56.5
172;2/2020;SIS410;4;9;R;0;6;56.5
172;2/2020;SHC445;4;69;A;0;6;56.5
172;2/2020;GEN454;4;71;A;0;6;56.5
172;1/2021;SIS410;4;66;A;0;7;53.7
172;1/2021;COM573;5;39;R;0;7;53.7
172;1/2021;GEN568;5;58;A;0;7;53.7
172;1/2021;FIS539;5;26;R;0;7;53.7
172;1/2021;FIS534;5;73;A;1;7;53.7
172;1/2021;SIS500;5;68;C;0;7;53.7
172;1/2021;SHC504;5;46;R;1;7;53.7
172;2/2021;COM573;5;63;A;0;5;65.6
172;2/2021;FIS539;5;67;A;0;5;65.6
172;2/2021;SHC504;5;61;C;0;5;65.6
172;2/2021;SIS518;5;69;A;0;5;65.6
172;2/2021;MAT598;5;68;C;0;5;65.6
172;1/2022;SHC659;6;64;A;0;7;53.3
172;1/2022;ADM632;6;75;A;0;7;53.3
172;1/2022;SIS612;6;24;R;0;7;53.3
172;1/2022;GEN617;6;58;A;0;7;53.3
172;1/2022;FIS698;6;19;R;0;7;53.3
172;1/2022;SIS658;6;82;A;0;7;53.3
172;1/2022;ADM623;6;51;A;0;7;53.3
172;2/2022;SIS612;6;51;A;1;5;67.8
172;2/2022;FIS698;6;59;A;0;5;67.8
172;2/2022;SIS737;7;88;A;0;5;67.8
172;2/2022;SHC792;7;79;A;0;5;67.8
172;2/2022;SHC716;7;62;A;0;5;67.8
172;1/2023;FIS895;8;75;A;0;6;65.7
172;1/2023;SHC840;8;95;A;1;6;65.7
172;1/2023;SHC867;8;25;R;1;6;65.7
172;1/2023;FIS802;8;65;A;0;6;65.7
172;1/2023;MAT891;8;76;A;0;6;65.7
172;1/2023;FIS843;8;58;A;0;6;65.7
172;2/2023;SHC867;8;33;R;0;5;46.4
172;2/2023;GEN967;9;69;A;0;5;46.4
172;2/2023;FIS927;9;23;R;1;5;46.4
172;2/2023;FIS989;9;69;A;0;5;46.4
172;2/2023;GEN917;9;38;R;0;5;46.4
173;1/2018;MAT164;1;56;A;0;6;54.5
173;1/2018;SHC189;1;70;A;1;6;54.5
173;1/2018;SHC106;1;54;A;1;6;54.5
173;1/2018;SIS102;1;20;R;0;6;54.5
173;1/2018;SHC197;1;47;R;0;6;54.5
173;1/2018;MAT102;1;80;A;0;6;54.5
173;2/2018;SIS102;1;77;A;0;6;73.5
173;2/2018;SHC197;1;66;A;0;6;73.5
173;2/2018;FIS290;2;71;A;0;6;73.5
173;2/2018;FIS275;2;79;A;0;6;73.5
173;2/2018;ADM232;2;62;A;0;6;73.5
173;2/2018;ADM229;2;86;A;0;6;73.5
173;1/2019;COM399;3;43;R;1;4;66.2
173;1/2019;ADM329;3;81;A;0;4;66.2
173;1/2019;SHC312;3;67;C;0;4;66.2
173;1/2019;FIS349;3;74;A;0;4;66.2
173;2/2019;COM399;3;60;A;0;7;64.7
173;2/2019;ADM462;4;54;C;0;7;64.7
173;2/2019;SIS462;4;48;R;0;7;64.7
173;2/2019;SHC415;4;75;A;0;7;64.7
173;2/2019;SHC401;4;86;A;0;7;64.7
173;2/2019;FIS469;4;76;A;0;7;64.7
173;2/2019;MAT425;4;54;A;0;7;64.7
173;1/2020;SIS462;4;43;R;0;5;52.8
173;1/2020;GEN571;5;80;A;0;5;52.8
173;1/2020;ADM536;5;54;A;0;5;52.8
173;1/2020;COM548;5;48;R;0;5;52.8
173;1/2020;GEN549;5;39;R;0;5;52.8
173;2/2020;SIS462;4;15;R;0;4;51.0
173;2/2020;COM548;5;56;A;0;4;51.0
173;2/2020;GEN549;5;70;A;0;4;51.0
173;2/2020;MAT502;5;63;A;0;4;51.0
173;1/2021;SIS462;4;71;A;0;5;58.4
173;1/2021;GEN659;6;64;A;0;5;58.4
173;1/2021;MAT690;6;25;R;0;5;58.4
173;1/2021;SHC623;6;48;R;0;5;58.4
173;1/2021;MAT605;6;84;A;0;5;58.4
173;2/2021;MAT690;6;90;A;0;4;63.8
173;2/2021;SHC623;6;73;A;0;4;63.8
173;2/2021;SHC628;6;61;A;0;4;63.8
173;2/2021;MAT676;6;31;R;0;4;63.8
173;1/2022;MAT676;6;72;A;0;4;77.5
173;1/2022;ADM781;7;92;A;0;4;77.5
173;1/2022;GEN704;7;68;A;0;4;77.5
173;1/2022;MAT793;7;78;A;0;4;77.5
173;2/2022;MAT874;8;40;R;1;4;54.8
173;2/2022;MAT858;8;77;C;0;4;54.8
173;2/2022;GEN805;8;29;R;0;4;54.8
173;2/2022;SHC876;8;73;A;0;4;54.8
174;1/2019;GEN156;1;37;R;0;6;60.3
174;1/2019;MAT123;1;70;A;0;6;60.3
174;1/2019;GEN196;1;67;A;1;6;60.3
174;1/2019;COM154;1;48;R;0;6;60.3
174;1/2019;MAT187;1;72;C;0;6;60.3
174;1/2019;MAT165;1;68;A;0;6;60.3
174;2/2019;GEN156;1;65;A;1;4;57.0
174;2/2019;COM154;1;66;A;0;4;57.0
174;2/2019;GEN261;2;81;A;0;4;57.0
174;2/2019;ADM238;2;16;R;0;4;57.0
174;1/2020;ADM238;2;72;A;0;4;69.0
174;1/2020;FIS383;3;63;A;1;4;69.0
174;1/2020;SIS346;3;63;A;0;4;69.0
174;1/2020;FIS302;3;78;A;0;4;69.0
174;2/2020;SIS452;4;83;A;0;7;69.6
174;2/2020;ADM424;4;71;A;0;7;69.6
174;2/2020;ADM483;4;68;A;1;7;69.6
174;2/2020;COM418;4;63;A;0;7;69.6
174;2/2020;FIS498;4;71;A;0;7;69.6
174;2/2020;ADM485;4;64;A;0;7;69.6
174;2/2020;SHC452;4;67;A;0;7;69.6
174;1/2021;GEN564;5;70;A;0;4;59.0
174;1/2021;SIS542;5;22;R;0;4;59.0
174;1/2021;MAT558;5;69;A;1;4;59.0
174;1/2021;SIS508;5;75;A;0;4;59.0
174;2/2021;SIS542;5;54;A;0;7;55.6
174;2/2021;SIS663;6;68;A;0;7;55.6
174;2/2021;COM611;6;88;C;0;7;55.6
174;2/2021;COM685;6;60;A;1;7;55.6
174;2/2021;COM674;6;49;R;0;7;55.6
174;2/2021;GEN617;6;65;A;0;7;55.6
174;2/2021;ADM633;6;5;R;0;7;55.6
174;1/2022;COM674;6;72;A;1;7;65.4
174;1/2022;ADM633;6;50;R;0;7;65.4
174;1/2022;FIS733;7;77;A;1;7;65.4
174;1/2022;GEN729;7;60;A;0;7;65.4
174;1/2022;GEN778;7;58;A;0;7;65.4
174;1/2022;COM709;7;74;A;0;7;65.4
174;1/2022;SIS725;7;67;A;0;7;65.4
174;2/2022;ADM633;6;33;R;1;6;43.5
174;2/2022;SHC871;8;74;A;0;6;43.5
174;2/2022;SIS865;8;61;A;0;6;43.5
174;2/2022;MAT871;8;26;R;1;6;43.5
174;2/2022;GEN862;8;45;R;0;6;43.5
174;2/2022;FIS820;8;22;R;0;6;43.5
175;1/2018;SHC154;1;60;A;0;4;69.0
175;1/2018;SIS173;1;72;A;0;4;69.0
175;1/2018;FIS198;1;73;A;0;4;69.0
175;1/2018;GEN167;1;71;A;0;4;69.0
175;2/2018;FIS296;2;76;A;0;5;72.4
175;2/2018;COM245;2;55;A;0;5;72.4
175;2/2018;MAT223;2;85;A;0;5;72.4
175;2/2018;ADM222;2;81;A;0;5;72.4
175;2/2018;SIS223;2;65;A;0;5;72.4
175;1/2019;COM361;3;78;A;0;7;76.0
175;1/2019;SIS306;3;64;A;0;7;76.0
175;1/2019;COM386;3;77;C;0;7;76.0
175;1/2019;SHC333;3;78;A;0;7;76.0
175;1/2019;SIS385;3;84;C;0;7;76.0
175;1/2019;FIS342;3;76;C;0;7;76.0
175;1/2019;COM353;3;75;A;1;7;76.0
175;2/2019;COM435;4;62;A;0;6;69.0
175;2/2019;GEN407;4;59;A;0;6;69.0
175;2/2019;ADM456;4;78;A;1;6;69.0
175;2/2019;ADM482;4;74;A;0;6;69.0
175;2/2019;FIS478;4;69;A;0;6;69.0
175;2/2019;ADM498;4;72;A;0;6;69.0
175;1/2020;SIS500;5;58;A;0;5;55.8
175;1/2020;ADM595;5;48;R;0;5;55.8
175;1/2020;COM551;5;48;R;0;5;55.8
175;1/2020;MAT587;5;65;A;0;5;55.8
175;1/2020;SIS536;5;60;A;0;5;55.8
175;2/2020;ADM595;5;69;A;0;5;68.2
175;2/2020;COM551;5;72;A;0;5;68.2
175;2/2020;MAT513;5;66;A;1;5;68.2
175;2/2020;FIS514;5;64;A;1;5;68.2
175;2/2020;SHC543;5;70;A;0;5;68.2
175;1/2021;GEN675;6;77;A;0;7;57.3
175;1/2021;MAT608;6;50;R;0;7;57.3
175;1/2021;MAT611;6;7;R;0;7;57.3
175;1/2021;FIS625;6;64;A;1;7;57.3
175;1/2021;SHC650;6;68;A;0;7;57.3
175;1/2021;FIS635;6;75;A;0;7;57.3
175;1/2021;COM611;6;60;A;0;7;57.3
176;1/2019;GEN151;1;0;R;0;5;37.4
176;1/2019;FIS138;1;13;R;1;5;37.4
176;1/2019;COM188;1;37;R;0;5;37.4
176;1/2019;MAT181;1;73;A;0;5;37.4
176;1/2019;ADM138;1;64;A;1;5;37.4
176;2/2019;GEN151;1;82;A;0;7;70.0
176;2/2019;FIS138;1;40;R;0;7;70.0
176;2/2019;COM188;1;71;A;0;7;70.0
176;2/2019;GEN103;1;75;A;0;7;70.0
176;2/2019;SHC136;1;91;C;0;7;70.0
176;2/2019;COM118;1;68;A;0;7;70.0
176;2/2019;COM165;1;63;A;1;7;70.0
176;1/2020;FIS138;1;71;A;0;5;67.4
176;1/2020;GEN222;2;78;C;0;5;67.4
176;1/2020;MAT263;2;72;A;0;5;67.4
176;1/2020;SIS284;2;63;A;0;5;67.4
176;1/2020;SIS207;2;53;A;0;5;67.4
176;2/2020;SHC346;3;68;A;0;7;62.0
176;2/2020;SHC338;3;60;A;0;7;62.0
176;2/2020;MAT379;3;64;A;0;7;62.0
176;2/2020;SIS324;3;26;R;0;7;62.0
176;2/2020;COM336;3;75;A;0;7;62.0
176;2/2020;SHC385;3;72;A;1;7;62.0
176;2/2020;SHC375;3;69;A;0;7;62.0
176;1/2021;SIS324;3;24;R;0;5;42.0
176;1/2021;COM412;4;63;A;0;5;42.0
176;1/2021;SHC478;4;57;A;0;5;42.0
176;1/2021;SIS466;4;26;R;0;5;42.0
176;1/2021;SIS499;4;40;R;0;5;42.0
176;2/2021;SIS324;3;79;A;1;6;51.3
176;2/2021;SIS466;4;34;R;0;6;51.3
176;2/2021;SIS499;4;60;A;0;6;51.3
176;2/2021;SHC483;4;37;R;1;6;51.3
176;2/2021;MAT467;4;24;R;1;6;51.3
176;2/2021;SHC460;4;74;A;0;6;51.3
176;1/2022;SIS466;4;81;A;0;5;66.2
176;1/2022;SHC483;4;65;A;1;5;66.2
176;1/2022;MAT467;4;76;A;0;5;66.2
176;1/2022;GEN478;4;75;A;0;5;66.2
176;1/2022;SHC411;4;34;R;0;5;66.2
177;1/2020;ADM111;1;25;R;0;4;46.0
177;1/2020;GEN150;1;30;R;0;4;46.0
177;1/2020;SHC118;1;58;A;0;4;46.0
177;1/2020;COM191;1;71;A;0;4;46.0
177;2/2020;ADM111;1;66;A;0;7;55.9
177;2/2020;GEN150;1;22;R;0;7;55.9
177;2/2020;FIS142;1;55;A;0;7;55.9
177;2/2020;MAT167;1;71;A;0;7;55.9
177;2/2020;SHC142;1;48;R;0;7;55.9
177;2/2020;FIS101;1;67;A;0;7;55.9
177;2/2020;ADM198;1;62;A;1;7;55.9
177;1/2021;GEN150;1;6;R;0;6;41.7
177;1/2021;SHC142;1;9;R;0;6;41.7
177;1/2021;ADM243;2;24;R;0;6;41.7
177;1/2021;FIS251;2;72;A;0;6;41.7
177;1/2021;COM211;2;75;A;0;6;41.7
177;1/2021;SHC292;2;64;A;1;6;41.7
177;2/2021;GEN150;1;41;R;1;4;61.8
177;2/2021;SHC142;1;77;A;0;4;61.8
177;2/2021;ADM243;2;66;A;0;4;61.8
177;2/2021;COM254;2;63;A;0;4;61.8
177;1/2022;GEN150;1;26;R;0;5;30.4
177;1/2022;FIS391;3;0;R;1;5;30.4
177;1/2022;ADM318;3;68;A;0;5;30.4
177;1/2022;SHC324;3;12;R;0;5;30.4
177;1/2022;COM310;3;46;R;0;5;30.4
177;2/2022;GEN150;1;79;C;0;5;79.8
177;2/2022;FIS391;3;77;A;1;5;79.8
177;2/2022;SHC324;3;70;A;0;5;79.8
177;2/2022;COM310;3;85;C;0;5;79.8
177;2/2022;COM336;3;88;A;1;5;79.8
177;1/2023;GEN422;4;24;R;0;6;43.2
177;1/2023;ADM486;4;61;A;1;6;43.2
177;1/2023;ADM471;4;80;A;0;6;43.2
177;1/2023;SHC402;4;38;R;0;6;43.2
177;1/2023;SIS405;4;0;R;0;6;43.2
177;1/2023;FIS493;4;56;C;0;6;43.2
177;2/2023;GEN422;4;75;A;0;4;59.2
177;2/2023;SHC402;4;14;R;0;4;59.2
177;2/2023;SIS405;4;78;A;0;4;59.2
177;2/2023;FIS425;4;70;A;1;4;59.2
177;1/2024;SHC402;4;72;A;0;6;72.8
177;1/2024;COM550;5;63;A;1;6;72.8
177;1/2024;SIS527;5;85;A;0;6;72.8
177;1/2024;ADM594;5;68;C;0;6;72.8
177;1/2024;COM596;5;76;A;0;6;72.8
177;1/2024;MAT588;5;73;A;0;6;72.8
177;2/2024;MAT623;6;37;R;0;7;27.7
177;2/2024;GEN618;6;51;A;0;7;27.7
177;2/2024;SIS699;6;25;R;0;7;27.7
177;2/2024;SHC636;6;19;R;0;7;27.7
177;2/2024;SIS670;6;10;R;0;7;27.7
177;2/2024;ADM682;6;15;R;0;7;27.7
177;2/2024;SHC658;6;37;R;0;7;27.7
178;1/2019;FIS181;1;12;R;0;6;39.0
178;1/2019;SHC148;1;69;A;0;6;39.0
178;1/2019;SHC108;1;57;A;1;6;39.0
178;1/2019;COM195;1;23;R;0;6;39.0
178;1/2019;COM103;1;54;A;0;6;39.0
178;1/2019;MAT100;1;19;R;0;6;39.0
178;2/2019;FIS181;1;80;A;0;6;61.2
178;2/2019;COM195;1;73;A;0;6;61.2
178;2/2019;MAT100;1;90;A;0;6;61.2
178;2/2019;FIS163;1;25;R;0;6;61.2
178;2/2019;GEN159;1;70;A;0;6;61.2
178;2/2019;GEN160;1;29;R;0;6;61.2
178;1/2020;FIS163;1;67;A;0;7;54.4
178;1/2020;GEN160;1;70;A;0;7;54.4
178;1/2020;COM268;2;65;A;0;7;54.4
178;1/2020;SIS268;2;57;C;0;7;54.4
178;1/2020;COM271;2;74;A;0;7;54.4
178;1/2020;MAT210;2;38;R;0;7;54.4
178;1/2020;COM208;2;10;R;0;7;54.4
178;2/2020;MAT210;2;77;A;0;4;63.2
178;2/2020;COM208;2;77;A;0;4;63.2
178;2/2020;SIS320;3;54;A;0;4;63.2
178;2/2020;ADM377;3;45;R;1;4;63.2
178;1/2021;ADM377;3;78;A;0;7;52.0
178;1/2021;GEN496;4;88;A;0;7;52.0
178;1/2021;ADM468;4;48;R;0;7;52.0
178;1/2021;MAT465;4;67;A;1;7;52.0
178;1/2021;COM407;4;11;R;0;7;52.0
178;1/2021;GEN417;4;57;A;0;7;52.0
178;1/2021;MAT444;4;15;R;0;7;52.0
178;2/2021;ADM468;4;59;A;1;7;50.0
178;2/2021;COM407;4;58;A;0;7;50.0
178;2/2021;MAT444;4;24;R;0;7;50.0
178;2/2021;FIS469;4;30;R;0;7;50.0
178;2/2021;ADM467;4;72;A;0;7;50.0
178;2/2021;SIS415;4;29;R;0;7;50.0
178;2/2021;GEN472;4;78;C;0;7;50.0
178;1/2022;MAT444;4;14;R;0;6;54.0
178;1/2022;FIS469;4;75;A;0;6;54.0
178;1/2022;SIS415;4;76;A;1;6;54.0
178;1/2022;ADM415;4;80;C;1;6;54.0
178;1/2022;COM493;4;61;A;0;6;54.0
178;1/2022;SHC445;4;18;R;0;6;54.0
178;2/2022;MAT444;4;83;A;0;5;66.0
178;2/2022;SHC445;4;63;A;0;5;66.0
178;2/2022;COM536;5;83;A;1;5;66.0
178;2/2022;SIS588;5;31;R;0;5;66.0
178;2/2022;SIS549;5;70;C;0;5;66.0
179;1/2019;SIS193;1;30;R;0;5;63.4
179;1/2019;SIS102;1;50;R;0;5;63.4
179;1/2019;MAT163;1;92;A;0;5;63.4
179;1/2019;MAT180;1;67;A;0;5;63.4
179;1/2019;SHC112;1;78;A;1;5;63.4
179;2/2019;SIS193;1;62;A;0;4;48.0
179;2/2019;SIS102;1;77;A;0;4;48.0
179;2/2019;ADM121;1;28;R;1;4;48.0
179;2/2019;FIS157;1;25;R;0;4;48.0
179;1/2020;ADM121;1;67;A;0;5;58.2
179;1/2020;FIS157;1;65;A;0;5;58.2
179;1/2020;SIS155;1;83;A;0;5;58.2
179;1/2020;ADM177;1;27;R;0;5;58.2
179;1/2020;MAT182;1;49;R;0;5;58.2
179;2/2020;ADM177;1;60;A;0;4;58.5
179;2/2020;MAT182;1;54;A;0;4;58.5
179;2/2020;COM141;1;70;A;0;4;58.5
179;2/2020;ADM184;1;50;R;0;4;58.5
179;1/2021;ADM184;1;66;A;0;7;51.7
179;1/2021;SIS229;2;32;R;1;7;51.7
179;1/2021;MAT206;2;40;R;0;7;51.7
179;1/2021;GEN211;2;82;A;0;7;51.7
179;1/2021;MAT242;2;25;R;0;7;51.7
179;1/2021;ADM275;2;27;R;0;7;51.7
179;1/2021;FIS205;2;90;A;0;7;51.7
179;2/2021;SIS229;2;69;A;1;4;64.5
179;2/2021;MAT206;2;69;A;0;4;64.5
179;2/2021;MAT242;2;62;A;0;4;64.5
179;2/2021;ADM275;2;58;A;1;4;64.5
179;1/2022;FIS396;3;63;A;0;5;70.6
179;1/2022;ADM397;3;65;A;1;5;70.6
179;1/2022;SHC386;3;75;C;0;5;70.6
179;1/2022;FIS307;3;60;A;0;5;70.6
179;1/2022;FIS327;3;90;A;0;5;70.6
179;2/2022;MAT475;4;16;R;0;4;43.2
179;2/2022;ADM432;4;36;R;0;4;43.2
179;2/2022;FIS460;4;56;A;0;4;43.2
179;2/2022;COM471;4;65;A;0;4;43.2
179;1/2023;MAT475;4;89;A;0;7;65.0
179;1/2023;ADM432;4;12;R;0;7;65.0
179;1/2023;MAT437;4;90;A;0;7;65.0
179;1/2023;COM417;4;79;A;0;7;65.0
179;1/2023;SIS440;4;57;A;0;7;65.0
179;1/2023;SIS467;4;67;A;0;7;65.0
179;1/2023;GEN482;4;61;A;0;7;65.0
179;2/2023;ADM432;4;54;A;1;6;55.5
179;2/2023;MAT505;5;27;R;0;6;55.5
179;2/2023;ADM546;5;77;A;0;6;55.5
179;2/2023;SHC571;5;44;R;0;6;55.5
179;2/2023;FIS585;5;52;A;0;6;55.5
179;2/2023;MAT550;5;79;A;0;6;55.5
180;1/2018;SHC180;1;78;A;0;5;68.8
180;1/2018;FIS190;1;49;R;0;5;68.8
180;1/2018;ADM119;1;68;A;0;5;68.8
180;1/2018;MAT183;1;74;A;0;5;68.8
180;1/2018;SHC107;1;75;A;0;5;68.8
180;2/2018;FIS190;1;78;A;0;7;64.7
180;2/2018;COM245;2;80;A;0;7;64.7
180;2/2018;MAT237;2;52;A;0;7;64.7
180;2/2018;FIS290;2;73;A;0;7;64.7
180;2/2018;SHC285;2;73;A;0;7;64.7
180;2/2018;GEN250;2;32;R;1;7;64.7
180;2/2018;SHC285;2;65;A;0;7;64.7
180;1/2019;GEN250;2;62;A;0;6;57.7
180;1/2019;COM378;3;58;A;0;6;57.7
180;1/2019;COM368;3;67;A;0;6;57.7
180;1/2019;SHC346;3;62;C;0;6;57.7
180;1/2019;ADM313;3;77;A;0;6;57.7
180;1/2019;GEN321;3;20;R;0;6;57.7
180;2/2019;GEN321;3;48;R;0;6;50.5
180;2/2019;MAT458;4;77;A;0;6;50.5
180;2/2019;SHC483;4;50;R;0;6;50.5
180;2/2019;COM407;4;64;A;0;6;50.5
180;2/2019;ADM459;4;16;R;0;6;50.5
180;2/2019;MAT449;4;48;C;0;6;50.5
180;1/2020;GEN321;3;35;R;0;4;39.8
180;1/2020;SHC483;4;63;A;0;4;39.8
180;1/2020;ADM459;4;56;A;1;4;39.8
180;1/2020;COM450;4;5;R;0;4;39.8
180;2/2020;GEN321;3;71;A;0;4;64.2
180;2/2020;COM450;4;52;A;0;4;64.2
180;2/2020;MAT419;4;74;A;0;4;64.2
180;2/2020;COM479;4;60;A;1;4;64.2
180;1/2021;FIS598;5;58;A;0;6;61.8
180;1/2021;COM580;5;70;A;0;6;61.8
180;1/2021;MAT518;5;75;A;0;6;61.8
180;1/2021;FIS527;5;56;A;0;6;61.8
180;1/2021;GEN528;5;53;A;1;6;61.8
180;1/2021;COM536;5;59;C;0;6;61.8
180;2/2021;COM674;6;82;A;0;6;71.2
180;2/2021;COM635;6;74;A;0;6;71.2
180;2/2021;GEN614;6;73;A;0;6;71.2
180;2/2021;ADM670;6;64;A;0;6;71.2
180;2/2021;COM631;6;62;A;0;6;71.2
180;2/2021;SIS660;6;72;A;0;6;71.2
181;1/2020;GEN191;1;9;R;0;6;59.3
181;1/2020;FIS198;1;69;C;0;6;59.3
181;1/2020;SIS100;1;72;A;1;6;59.3
181;1/2020;FIS186;1;70;A;0;6;59.3
181;1/2020;FIS143;1;66;A;0;6;59.3
181;1/2020;ADM166;1;70;A;0;6;59.3
181;2/2020;GEN191;1;69;A;0;6;71.5
181;2/2020;MAT220;2;71;A;0;6;71.5
181;2/2020;MAT296;2;68;A;0;6;71.5
181;2/2020;FIS286;2;75;A;0;6;71.5
181;2/2020;SHC224;2;78;A;0;6;71.5
181;2/2020;GEN264;2;68;A;0;6;71.5
181;1/2021;MAT317;3;93;A;0;4;73.5
181;1/2021;SHC300;3;67;A;0;4;73.5
181;1/2021;GEN379;3;67;A;0;4;73.5
181;1/2021;COM357;3;67;C;0;4;73.5
181;2/2021;SIS446;4;61;A;0;6;63.2
181;2/2021;ADM474;4;67;A;0;6;63.2
181;2/2021;ADM476;4;50;R;1;6;63.2
181;2/2021;COM465;4;65;A;0;6;63.2
181;2/2021;MAT464;4;68;A;1;6;63.2
181;2/2021;GEN483;4;68;C;0;6;63.2
181;1/2022;ADM476;4;75;A;0;7;66.6
181;1/2022;ADM569;5;67;A;0;7;66.6
181;1/2022;MAT582;5;74;A;0;7;66.6
181;1/2022;COM587;5;58;C;0;7;66.6
181;1/2022;COM514;5;68;A;0;7;66.6
181;1/2022;SHC597;5;45;R;1;7;66.6
181;1/2022;MAT559;5;79;A;0;7;66.6
181;2/2022;SHC597;5;75;A;0;4;62.2
181;2/2022;COM677;6;36;R;0;4;62.2
181;2/2022;ADM609;6;69;C;1;4;62.2
181;2/2022;FIS670;6;69;A;0;4;62.2
181;1/2023;COM677;6;64;A;0;5;47.2
181;1/2023;SHC741;7;28;R;0;5;47.2
181;1/2023;SIS740;7;63;C;0;5;47.2
181;1/2023;MAT766;7;13;R;0;5;47.2
181;1/2023;MAT734;7;68;A;0;5;47.2
181;2/2023;SHC741;7;73;A;0;6;68.7
181;2/2023;MAT766;7;43;R;0;6;68.7
181;2/2023;SIS744;7;83;A;0;6;68.7
181;2/2023;SIS778;7;73;C;0;6;68.7
181;2/2023;ADM711;7;81;A;0;6;68.7
181;2/2023;MAT777;7;59;A;0;6;68.7
181;1/2024;MAT766;7;8;R;0;7;50.3
181;1/2024;SIS834;8;62;A;0;7;50.3
181;1/2024;ADM842;8;0;R;0;7;50.3
181;1/2024;SIS822;8;61;A;0;7;50.3
181;1/2024;MAT858;8;66;A;0;7;50.3
181;1/2024;MAT805;8;73;A;0;7;50.3
181;1/2024;MAT839;8;82;A;0;7;50.3
181;2/2024;MAT766;7;73;A;0;7;64.9
181;2/2024;ADM842;8;57;A;1;7;64.9
181;2/2024;GEN948;9;59;A;0;7;64.9
181;2/2024;SIS953;9;65;A;0;7;64.9
181;2/2024;COM973;9;68;A;0;7;64.9
181;2/2024;FIS950;9;58;A;0;7;64.9
181;2/2024;COM963;9;74;A;0;7;64.9
182;1/2019;ADM101;1;10;R;0;7;64.6
182;1/2019;MAT194;1;55;A;0;7;64.6
182;1/2019;FIS122;1;98;A;0;7;64.6
182;1/2019;GEN118;1;69;A;0;7;64.6
182;1/2019;SHC196;1;82;A;0;7;64.6
182;1/2019;GEN106;1;72;A;0;7;64.6
182;1/2019;MAT146;1;66;A;0;7;64.6
182;2/2019;ADM101;1;81;A;0;7;69.6
182;2/2019;ADM258;2;75;A;0;7;69.6
182;2/2019;COM226;2;61;A;0;7;69.6
182;2/2019;SHC267;2;79;A;0;7;69.6
182;2/2019;COM289;2;60;C;0;7;69.6
182;2/2019;SIS290;2;72;C;0;7;69.6
182;2/2019;GEN202;2;59;A;0;7;69.6
182;1/2020;COM384;3;74;A;0;5;73.4
182;1/2020;SIS327;3;59;A;0;5;73.4
182;1/2020;MAT337;3;83;A;0;5;73.4
182;1/2020;ADM364;3;78;A;1;5;73.4
182;1/2020;GEN380;3;73;A;0;5;73.4
182;2/2020;SHC488;4;76;A;0;5;77.2
182;2/2020;MAT489;4;67;A;0;5;77.2
182;2/2020;ADM401;4;79;A;0;5;77.2
182;2/2020;ADM479;4;81;A;0;5;77.2
182;2/2020;GEN447;4;83;A;0;5;77.2
182;1/2021;COM531;5;69;A;0;5;68.6
182;1/2021;GEN550;5;47;R;0;5;68.6
182;1/2021;COM561;5;73;A;0;5;68.6
182;1/2021;COM537;5;80;A;0;5;68.6
182;1/2021;MAT598;5;74;A;1;5;68.6
182;2/2021;GEN550;5;79;A;0;7;71.9
182;2/2021;ADM664;6;86;A;0;7;71.9
182;2/2021;MAT611;6;69;A;0;7;71.9
182;2/2021;SHC650;6;60;A;1;7;71.9
182;2/2021;MAT665;6;73;A;0;7;71.9
182;2/2021;FIS613;6;52;A;0;7;71.9
182;2/2021;COM666;6;84;A;0;7;71.9
182;1/2022;ADM715;7;71;A;0;4;73.8
182;1/2022;FIS782;7;82;A;0;4;73.8
182;1/2022;MAT789;7;62;A;0;4;73.8
182;1/2022;GEN781;7;80;A;0;4;73.8
182;2/2022;SIS841;8;70;C;0;6;71.3
182;2/2022;ADM856;8;85;A;0;6;71.3
182;2/2022;COM819;8;72;A;0;6;71.3
182;2/2022;SHC841;8;74;A;0;6;71.3
182;2/2022;GEN828;8;63;C;0;6;71.3
182;2/2022;SHC831;8;64;A;0;6;71.3
183;1/2019;ADM106;1;86;A;0;5;54.6
183;1/2019;FIS131;1;76;A;0;5;54.6
183;1/2019;SIS157;1;19;R;0;5;54.6
183;1/2019;GEN141;1;20;R;0;5;54.6
183;1/2019;SIS152;1;72;A;1;5;54.6
183;2/2019;SIS157;1;56;A;0;6;60.7
183;2/2019;GEN141;1;69;C;0;6;60.7
183;2/2019;FIS128;1;84;A;0;6;60.7
183;2/2019;FIS136;1;70;A;0;6;60.7
183;2/2019;ADM169;1;75;A;0;6;60.7
183;2/2019;GEN133;1;10;R;0;6;60.7
183;1/2020;GEN133;1;55;A;0;4;49.2
183;1/2020;GEN240;2;62;A;0;4;49.2
183;1/2020;FIS239;2;4;R;0;4;49.2
183;1/2020;ADM203;2;76;A;0;4;49.2
183;2/2020;FIS239;2;79;A;0;7;63.6
183;2/2020;COM326;3;59;A;0;7;63.6
183;2/2020;MAT375;3;61;A;1;7;63.6
183;2/2020;ADM370;3;70;A;1;7;63.6
183;2/2020;MAT303;3;70;A;0;7;63.6
183;2/2020;SHC343;3;77;A;0;7;63.6
183;2/2020;ADM313;3;29;R;0;7;63.6
183;1/2021;ADM313;3;65;A;0;5;73.2
183;1/2021;SHC471;4;79;A;0;5;73.2
183;1/2021;SHC438;4;62;A;0;5;73.2
183;1/2021;COM472;4;77;A;0;5;73.2
183;1/2021;SIS450;4;83;A;0;5;73.2
183;2/2021;FIS518;5;26;R;0;7;53.3
183;2/2021;FIS581;5;74;A;0;7;53.3
183;2/2021;SIS557;5;79;C;0;7;53.3
183;2/2021;FIS522;5;67;A;0;7;53.3
183;2/2021;SHC589;5;71;A;0;7;53.3
183;2/2021;COM566;5;19;R;1;7;53.3
183;2/2021;MAT533;5;37;R;0;7;53.3
183;1/2022;FIS518;5;72;A;0;5;66.2
183;1/2022;COM566;5;26;R;0;5;66.2
183;1/2022;MAT533;5;66;A;1;5;66.2
183;1/2022;SHC574;5;67;A;0;5;66.2
183;1/2022;SHC580;5;100;A;0;5;66.2
183;2/2022;COM566;5;78;A;0;7;58.9
183;2/2022;FIS688;6;43;R;0;7;58.9
183;2/2022;SHC635;6;18;R;1;7;58.9
183;2/2022;GEN655;6;71;C;0;7;58.9
183;2/2022;FIS608;6;70;A;0;7;58.9
183;2/2022;SHC684;6;56;A;0;7;58.9
183;2/2022;ADM608;6;76;A;0;7;58.9
183;1/2023;FIS688;6;21;R;1;5;46.2
183;1/2023;SHC635;6;40;R;0;5;46.2
183;1/2023;ADM791;7;71;A;0;5;46.2
183;1/2023;ADM798;7;66;C;1;5;46.2
183;1/2023;SIS762;7;33;R;0;5;46.2
183;2/2023;FIS688;6;64;A;0;7;51.4
183;2/2023;SHC635;6;16;R;0;7;51.4
183;2/2023;SIS762;7;87;C;0;7;51.4
183;2/2023;ADM762;7;55;A;0;7;51.4
183;2/2023;SHC774;7;50;R;0;7;51.4
183;2/2023;FIS728;7;8;R;0;7;51.4
183;2/2023;GEN777;7;80;C;0;7;51.4
184;1/2019;MAT192;1;58;A;0;5;55.8
184;1/2019;GEN125;1;58;A;0;5;55.8
184;1/2019;FIS176;1;57;C;0;5;55.8
184;1/2019;COM194;1;43;R;0;5;55.8
184;1/2019;GEN108;1;63;A;0;5;55.8
184;2/2019;COM194;1;84;A;1;5;71.8
184;2/2019;ADM271;2;77;A;1;5;71.8
184;2/2019;GEN284;2;75;A;0;5;71.8
184;2/2019;COM258;2;62;A;0;5;71.8
184;2/2019;SIS290;2;61;A;1;5;71.8
184;1/2020;SHC385;3;67;A;1;6;66.2
184;1/2020;MAT333;3;72;A;0;6;66.2
184;1/2020;MAT305;3;71;A;0;6;66.2
184;1/2020;MAT395;3;78;A;1;6;66.2
184;1/2020;MAT336;3;87;A;1;6;66.2
184;1/2020;ADM373;3;22;R;0;6;66.2
184;2/2020;ADM373;3;70;A;0;4;55.5
184;2/2020;ADM456;4;70;A;0;4;55.5
184;2/2020;FIS467;4;18;R;0;4;55.5
184;2/2020;GEN456;4;64;C;0;4;55.5
184;1/2021;FIS467;4;84;A;1;7;52.0
184;1/2021;ADM576;5;4;R;0;7;52.0
184;1/2021;SHC565;5;7;R;0;7;52.0
184;1/2021;ADM565;5;71;A;1;7;52.0
184;1/2021;FIS579;5;62;A;0;7;52.0
184;1/2021;COM568;5;83;A;0;7;52.0
184;1/2021;FIS503;5;53;A;0;7;52.0
184;2/2021;ADM576;5;49;R;0;6;62.0
184;2/2021;SHC565;5;67;A;1;6;62.0
184;2/2021;FIS636;6;74;C;0;6;62.0
184;2/2021;ADM666;6;41;R;0;6;62.0
184;2/2021;ADM607;6;59;A;0;6;62.0
184;2/2021;ADM696;6;82;A;0;6;62.0
185;1/2019;GEN157;1;87;A;0;5;45.6
185;1/2019;SIS121;1;73;A;0;5;45.6
185;1/2019;ADM147;1;24;R;0;5;45.6
185;1/2019;COM180;1;44;R;0;5;45.6
185;1/2019;COM105;1;0;R;0;5;45.6
185;2/2019;ADM147;1;80;A;1;6;48.5
185;2/2019;COM180;1;51;A;0;6;48.5
185;2/2019;COM105;1;20;R;0;6;48.5
185;2/2019;FIS187;1;1;R;0;6;48.5
185;2/2019;SIS143;1;72;A;0;6;48.5
185;2/2019;ADM141;1;67;A;0;6;48.5
185;1/2020;COM105;1;47;R;0;6;46.0
185;1/2020;FIS187;1;48;R;0;6;46.0
185;1/2020;GEN251;2;36;R;0;6;46.0
185;1/2020;FIS226;2;62;A;0;6;46.0
185;1/2020;SHC219;2;77;A;0;6;46.0
185;1/2020;ADM292;2;6;R;0;6;46.0
185;2/2020;COM105;1;23;R;0;4;54.2
185;2/2020;FIS187;1;72;A;0;4;54.2
185;2/2020;GEN251;2;76;A;0;4;54.2
185;2/2020;ADM292;2;46;R;1;4;54.2
185;1/2021;COM105;1;41;R;0;4;50.0
185;1/2021;ADM292;2;82;C;0;4;50.0
185;1/2021;MAT212;2;27;R;1;4;50.0
185;1/2021;SIS207;2;50;R;0;4;50.0
185;2/2021;COM105;1;51;A;0;5;61.0
185;2/2021;MAT212;2;60;A;0;5;61.0
185;2/2021;SIS207;2;34;R;0;5;61.0
185;2/2021;SIS262;2;83;A;0;5;61.0
185;2/2021;SHC227;2;77;A;0;5;61.0
185;1/2022;SIS207;2;68;A;0;4;53.5
185;1/2022;MAT302;3;70;A;0;4;53.5
185;1/2022;MAT390;3;0;R;0;4;53.5
185;1/2022;MAT390;3;76;A;0;4;53.5
186;1/2019;MAT114;1;48;R;0;6;59.5
186;1/2019;COM105;1;67;A;0;6;59.5
186;1/2019;MAT130;1;81;A;1;6;59.5
186;1/2019;ADM184;1;64;A;0;6;59.5
186;1/2019;ADM188;1;65;A;0;6;59.5
186;1/2019;ADM152;1;32;R;0;6;59.5
186;2/2019;MAT114;1;72;A;0;5;64.6
186;2/2019;ADM152;1;54;A;0;5;64.6
186;2/2019;COM288;2;58;C;0;5;64.6
186;2/2019;SIS281;2;82;A;0;5;64.6
186;2/2019;FIS285;2;57;C;1;5;64.6
186;1/2020;ADM378;3;19;R;0;5;57.2
186;1/2020;ADM394;3;67;A;0;5;57.2
186;1/2020;MAT358;3;79;A;0;5;57.2
186;1/2020;ADM380;3;41;R;0;5;57.2
186;1/2020;SHC342;3;80;A;0;5;57.2
186;2/2020;ADM378;3;54;A;0;5;44.4
186;2/2020;ADM380;3;61;A;0;5;44.4
186;2/2020;FIS336;3;10;R;0;5;44.4
186;2/2020;COM303;3;25;R;1;5;44.4
186;2/2020;COM345;3;72;A;0;5;44.4
186;1/2021;FIS336;3;42;R;1;5;49.8
186;1/2021;COM303;3;33;R;0;5;49.8
186;1/2021;ADM378;3;59;A;0;5;49.8
186;1/2021;GEN335;3;76;A;0;5;49.8
186;1/2021;SIS380;3;39;R;0;5;49.8
186;2/2021;FIS336;3;61;A;0;4;63.0
186;2/2021;COM303;3;65;A;0;4;63.0
186;2/2021;SIS380;3;47;R;0;4;63.0
186;2/2021;COM358;3;79;A;1;4;63.0
186;1/2022;SIS380;3;74;A;0;5;68.4
186;1/2022;SIS499;4;69;A;0;5;68.4
186;1/2022;GEN467;4;66;A;1;5;68.4
186;1/2022;SIS430;4;69;A;0;5;68.4
186;1/2022;GEN488;4;64;A;0;5;68.4
186;2/2022;FIS536;5;60;A;0;4;71.0
186;2/2022;SIS578;5;94;A;0;4;71.0
186;2/2022;ADM508;5;65;A;0;4;71.0
186;2/2022;SIS597;5;65;A;0;4;71.0
186;1/2023;GEN633;6;53;A;0;7;55.4
186;1/2023;ADM688;6;64;A;1;7;55.4
186;1/2023;COM601;6;71;A;1;7;55.4
186;1/2023;COM689;6;64;A;0;7;55.4
186;1/2023;FIS659;6;10;R;0;7;55.4
186;1/2023;SIS666;6;55;A;1;7;55.4
186;1/2023;SHC604;6;71;A;1;7;55.4
186;2/2023;FIS659;6;68;A;0;7;52.1
186;2/2023;SHC736;7;78;A;0;7;52.1
186;2/2023;ADM767;7;27;R;0;7;52.1
186;2/2023;MAT709;7;11;R;1;7;52.1
186;2/2023;FIS798;7;89;A;0;7;52.1
186;2/2023;MAT709;7;58;A;1;7;52.1
186;2/2023;GEN769;7;34;R;0;7;52.1
187;1/2018;SIS115;1;24;R;0;7;36.4
187;1/2018;COM117;1;12;R;0;7;36.4
187;1/2018;COM109;1;73;A;1;7;36.4
187;1/2018;GEN150;1;21;R;0;7;36.4
187;1/2018;COM183;1;33;R;0;7;36.4
187;1/2018;GEN155;1;69;A;0;7;36.4
187;1/2018;COM120;1;23;R;0;7;36.4
187;2/2018;SIS115;1;62;A;0;5;62.6
187;2/2018;COM117;1;76;A;0;5;62.6
187;2/2018;GEN150;1;76;C;0;5;62.6
187;2/2018;COM183;1;43;R;0;5;62.6
187;2/2018;COM120;1;56;A;0;5;62.6
187;1/2019;COM183;1;53;A;1;6;53.3
187;1/2019;MAT218;2;81;A;0;6;53.3
187;1/2019;SHC213;2;35;R;0;6;53.3
187;1/2019;MAT239;2;39;R;1;6;53.3
187;1/2019;MAT213;2;61;A;1;6;53.3
187;1/2019;SIS292;2;51;A;0;6;53.3
187;2/2019;SHC213;2;53;A;0;6;44.3
187;2/2019;MAT239;2;41;R;0;6;44.3
187;2/2019;SHC335;3;18;R;0;6;44.3
187;2/2019;SHC357;3;63;A;0;6;44.3
187;2/2019;SIS385;3;19;R;0;6;44.3
187;2/2019;SIS395;3;72;A;1;6;44.3
187;1/2020;MAT239;2;59;A;0;6;57.2
187;1/2020;SHC335;3;68;A;0;6;57.2
187;1/2020;SIS385;3;70;A;0;6;57.2
187;1/2020;MAT320;3;65;A;0;6;57.2
187;1/2020;MAT389;3;81;A;0;6;57.2
187;1/2020;ADM395;3;0;R;0;6;57.2
187;2/2020;ADM395;3;61;C;1;6;50.0
187;2/2020;COM461;4;71;A;0;6;50.0
187;2/2020;ADM465;4;4;R;0;6;50.0
187;2/2020;GEN467;4;61;A;0;6;50.0
187;2/2020;ADM428;4;29;R;0;6;50.0
187;2/2020;COM405;4;74;A;0;6;50.0
187;1/2021;ADM465;4;24;R;0;5;34.8
187;1/2021;ADM428;4;33;R;0;5;34.8
187;1/2021;MAT587;5;78;A;0;5;34.8
187;1/2021;SHC566;5;23;R;0;5;34.8
187;1/2021;ADM586;5;16;R;0;5;34.8
187;2/2021;ADM465;4;77;A;0;7;57.3
187;2/2021;ADM428;4;28;R;1;7;57.3
187;2/2021;SHC566;5;69;A;0;7;57.3
187;2/2021;ADM586;5;63;A;0;7;57.3
187;2/2021;SHC514;5;79;A;0;7;57.3
187;2/2021;MAT561;5;29;R;1;7;57.3
187;2/2021;MAT551;5;56;A;0;7;57.3
187;1/2022;ADM428;4;72;A;0;6;60.2
187;1/2022;MAT561;5;25;R;0;6;60.2
187;1/2022;MAT608;6;41;R;0;6;60.2
187;1/2022;SHC694;6;65;A;1;6;60.2
187;1/2022;SHC622;6;86;A;0;6;60.2
187;1/2022;COM691;6;72;A;1;6;60.2
187;2/2022;MAT561;5;57;A;0;6;60.8
187;2/2022;MAT608;6;66;A;1;6;60.8
187;2/2022;GEN727;7;64;C;0;6;60.8
187;2/2022;SHC732;7;75;A;0;6;60.8
187;2/2022;SIS771;7;29;R;0;6;60.8
187;2/2022;SHC795;7;74;A;0;6;60.8
188;1/2019;COM193;1;35;R;0;5;55.2
188;1/2019;SHC187;1;69;A;0;5;55.2
188;1/2019;COM105;1;72;A;0;5;55.2
188;1/2019;FIS199;1;32;R;0;5;55.2
188;1/2019;GEN137;1;68;A;0;5;55.2
188;2/2019;COM193;1;8;R;0;7;36.9
188;2/2019;FIS199;1;15;R;0;7;36.9
188;2/2019;GEN136;1;80;A;0;7;36.9
188;2/2019;FIS100;1;14;R;0;7;36.9
188;2/2019;ADM194;1;87;C;0;7;36.9
188;2/2019;SIS100;1;13;R;0;7;36.9
188;2/2019;FIS130;1;41;R;1;7;36.9
188;1/2020;COM193;1;86;A;0;6;66.3
188;1/2020;FIS199;1;73;A;0;6;66.3
188;1/2020;FIS100;1;73;A;0;6;66.3
188;1/2020;SIS100;1;74;A;0;6;66.3
188;1/2020;FIS130;1;15;R;1;6;66.3
188;1/2020;SIS194;1;77;A;1;6;66.3
188;2/2020;FIS130;1;50;R;0;4;52.0
188;2/2020;FIS264;2;39;R;0;4;52.0
188;2/2020;COM295;2;35;R;1;4;52.0
188;2/2020;SIS268;2;84;A;1;4;52.0
188;1/2021;FIS130;1;81;A;0;6;41.5
188;1/2021;FIS264;2;12;R;0;6;41.5
188;1/2021;COM295;2;39;R;1;6;41.5
188;1/2021;SIS265;2;27;R;0;6;41.5
188;1/2021;MAT224;2;61;A;1;6;41.5
188;1/2021;GEN201;2;29;R;0;6;41.5
188;2/2021;FIS264;2;45;R;1;5;53.2
188;2/2021;COM295;2;72;A;0;5;53.2
188;2/2021;SIS265;2;71;A;0;5;53.2
188;2/2021;GEN201;2;63;C;0;5;53.2
188;2/2021;ADM234;2;15;R;0;5;53.2
189;1/2020;COM145;1;31;R;0;6;59.0
189;1/2020;GEN120;1;64;A;0;6;59.0
189;1/2020;MAT158;1;90;A;0;6;59.0
189;1/2020;COM101;1;57;A;0;6;59.0
189;1/2020;GEN119;1;84;A;0;6;59.0
189;1/2020;MAT155;1;28;R;1;6;59.0
189;2/2020;COM145;1;59;A;0;5;53.2
189;2/2020;MAT155;1;75;A;0;5;53.2
189;2/2020;FIS216;2;31;R;1;5;53.2
189;2/2020;COM247;2;35;R;0;5;53.2
189;2/2020;FIS234;2;66;A;1;5;53.2
189;1/2021;FIS216;2;88;A;0;6;61.2
189;1/2021;COM247;2;62;A;0;6;61.2
189;1/2021;SHC289;2;81;A;0;6;61.2
189;1/2021;SIS208;2;1;R;0;6;61.2
189;1/2021;SIS269;2;65;A;0;6;61.2
189;1/2021;MAT299;2;70;A;0;6;61.2
189;2/2021;SIS208;2;77;A;1;7;73.7
189;2/2021;GEN343;3;77;A;0;7;73.7
189;2/2021;SHC335;3;68;A;0;7;73.7
189;2/2021;COM304;3;78;C;0;7;73.7
189;2/2021;SHC349;3;61;A;0;7;73.7
189;2/2021;FIS316;3;80;A;0;7;73.7
189;2/2021;ADM325;3;75;A;0;7;73.7
189;1/2022;ADM478;4;73;A;1;7;68.9
189;1/2022;SIS421;4;77;A;0;7;68.9
189;1/2022;COM434;4;90;C;0;7;68.9
189;1/2022;MAT426;4;68;A;0;7;68.9
189;1/2022;COM474;4;43;R;0;7;68.9
189;1/2022;MAT409;4;49;R;0;7;68.9
189;1/2022;GEN449;4;82;A;0;7;68.9
189;2/2022;COM474;4;69;A;0;5;73.8
189;2/2022;MAT409;4;60;A;0;5;73.8
189;2/2022;COM518;5;94;A;0;5;73.8
189;2/2022;SHC571;5;69;A;0;5;73.8
189;2/2022;SIS595;5;77;A;0;5;73.8
189;1/2023;MAT643;6;76;C;0;4;73.0
189;1/2023;SHC610;6;81;C;0;4;73.0
189;1/2023;COM612;6;78;A;0;4;73.0
189;1/2023;COM669;6;57;A;1;4;73.0
189;2/2023;GEN746;7;68;A;0;5;58.0
189;2/2023;COM705;7;27;R;0;5;58.0
189;2/2023;COM773;7;63;A;0;5;58.0
189;2/2023;FIS789;7;65;A;1;5;58.0
189;2/2023;SHC791;7;67;A;0;5;58.0
190;1/2018;FIS144;1;69;A;0;5;60.6
190;1/2018;ADM132;1;70;A;1;5;60.6
190;1/2018;ADM192;1;69;A;0;5;60.6
190;1/2018;MAT135;1;71;A;0;5;60.6
190;1/2018;FIS152;1;24;R;1;5;60.6
190;2/2018;FIS152;1;61;C;1;7;54.7
190;2/2018;FIS237;2;34;R;0;7;54.7
190;2/2018;SHC272;2;75;A;0;7;54.7
190;2/2018;ADM248;2;28;R;0;7;54.7
190;2/2018;FIS298;2;67;A;0;7;54.7
190;2/2018;FIS273;2;60;A;0;7;54.7
190;2/2018;SIS257;2;58;A;0;7;54.7
190;1/2019;FIS237;2;0;R;0;5;40.0
190;1/2019;ADM248;2;34;R;0;5;40.0
190;1/2019;FIS381;3;30;R;0;5;40.0
190;1/2019;SHC326;3;50;R;0;5;40.0
190;1/2019;SHC349;3;86;A;0;5;40.0
190;2/2019;FIS237;2;64;A;1;5;33.6
190;2/2019;ADM248;2;47;R;0;5;33.6
190;2/2019;FIS381;3;10;R;0;5;33.6
190;2/2019;SHC326;3;17;R;0;5;33.6
190;2/2019;SIS357;3;30;R;0;5;33.6
190;1/2020;ADM248;2;84;A;0;7;62.9
190;1/2020;FIS381;3;85;A;1;7;62.9
190;1/2020;SHC326;3;85;A;0;7;62.9
190;1/2020;SIS357;3;30;R;0;7;62.9
190;1/2020;ADM356;3;35;R;0;7;62.9
190;1/2020;GEN371;3;41;R;0;7;62.9
190;1/2020;COM310;3;80;C;0;7;62.9
190;2/2020;SIS357;3;82;A;0;5;58.6
190;2/2020;ADM356;3;18;R;0;5;58.6
190;2/2020;GEN371;3;72;A;0;5;58.6
190;2/2020;GEN324;3;69;A;0;5;58.6
190;2/2020;SHC346;3;52;A;0;5;58.6
190;1/2021;ADM356;3;75;C;0;7;41.6
190;1/2021;MAT493;4;16;R;0;7;41.6
190;1/2021;ADM416;4;10;R;1;7;41.6
190;1/2021;COM442;4;67;A;1;7;41.6
190;1/2021;FIS484;4;69;A;1;7;41.6
190;1/2021;FIS407;4;29;R;0;7;41.6
190;1/2021;GEN494;4;25;R;0;7;41.6
191;1/2020;COM196;1;79;C;0;6;66.5
191;1/2020;FIS172;1;74;A;0;6;66.5
191;1/2020;SIS121;1;82;A;0;6;66.5
191;1/2020;COM138;1;58;A;0;6;66.5
191;1/2020;FIS172;1;34;R;0;6;66.5
191;1/2020;FIS174;1;72;A;0;6;66.5
191;2/2020;FIS172;1;43;R;0;6;49.8
191;2/2020;GEN224;2;50;R;0;6;49.8
191;2/2020;SHC240;2;49;R;0;6;49.8
191;2/2020;MAT201;2;60;A;0;6;49.8
191;2/2020;COM258;2;19;R;0;6;49.8
191;2/2020;MAT242;2;78;A;0;6;49.8
191;1/2021;FIS172;1;28;R;1;7;57.7
191;1/2021;GEN224;2;62;A;0;7;57.7
191;1/2021;SHC240;2;61;A;1;7;57.7
191;1/2021;COM258;2;57;A;0;7;57.7
191;1/2021;ADM225;2;81;A;0;7;57.7
191;1/2021;SIS290;2;40;R;0;7;57.7
191;1/2021;ADM257;2;75;C;1;7;57.7
191;2/2021;FIS172;1;75;A;1;6;66.8
191;2/2021;SIS290;2;77;A;0;6;66.8
191;2/2021;SIS311;3;75;A;0;6;66.8
191;2/2021;MAT380;3;44;R;0;6;66.8
191;2/2021;FIS306;3;53;A;1;6;66.8
191;2/2021;SIS314;3;77;A;0;6;66.8
191;1/2022;MAT380;3;38;R;0;5;68.0
191;1/2022;FIS488;4;88;C;0;5;68.0
191;1/2022;COM464;4;67;A;0;5;68.0
191;1/2022;MAT404;4;69;A;0;5;68.0
191;1/2022;SHC489;4;78;A;0;5;68.0
191;2/2022;MAT380;3;68;A;1;4;69.8
191;2/2022;MAT590;5;59;A;0;4;69.8
191;2/2022;SHC548;5;84;A;1;4;69.8
191;2/2022;SHC532;5;68;A;0;4;69.8
191;1/2023;GEN640;6;78;A;0;6;63.7
191;1/2023;SIS618;6;64;A;0;6;63.7
191;1/2023;SHC652;6;59;A;0;6;63.7
191;1/2023;SIS652;6;56;A;0;6;63.7
191;1/2023;COM677;6;71;A;0;6;63.7
191;1/2023;SIS659;6;54;A;0;6;63.7
192;1/2018;SHC102;1;65;C;0;5;51.2
192;1/2018;COM106;1;32;R;0;5;51.2
192;1/2018;FIS196;1;20;R;0;5;51.2
192;1/2018;COM120;1;64;A;0;5;51.2
192;1/2018;COM121;1;75;A;0;5;51.2
192;2/2018;COM106;1;62;A;0;5;70.0
192;2/2018;FIS196;1;97;A;0;5;70.0
192;2/2018;MAT146;1;72;A;1;5;70.0
192;2/2018;COM123;1;37;R;0;5;70.0
192;2/2018;GEN179;1;82;A;0;5;70.0
192;1/2019;COM123;1;60;A;1;6;44.0
192;1/2019;SHC284;2;45;R;0;6;44.0
192;1/2019;GEN201;2;58;A;0;6;44.0
192;1/2019;GEN216;2;22;R;0;6;44.0
192;1/2019;MAT297;2;33;R;0;6;44.0
192;1/2019;FIS207;2;46;R;0;6;44.0
192;2/2019;SHC284;2;74;A;0;6;66.2
192;2/2019;GEN216;2;79;A;0;6;66.2
192;2/2019;MAT297;2;45;C;1;6;66.2
192;2/2019;FIS207;2;88;A;0;6;66.2
192;2/2019;SHC223;2;48;R;0;6;66.2
192;2/2019;ADM208;2;63;A;0;6;66.2
192;1/2020;SHC223;2;51;A;1;7;55.4
192;1/2020;COM358;3;75;A;0;7;55.4
192;1/2020;COM322;3;68;C;0;7;55.4
192;1/2020;SIS340;3;66;A;0;7;55.4
192;1/2020;GEN309;3;64;C;1;7;55.4
192;1/2020;MAT326;3;56;A;0;7;55.4
192;1/2020;SIS343;3;8;R;0;7;55.4
192;2/2020;SIS343;3;43;R;0;5;43.2
192;2/2020;COM446;4;59;A;0;5;43.2
192;2/2020;ADM447;4;36;R;0;5;43.2
192;2/2020;FIS495;4;18;R;0;5;43.2
192;2/2020;ADM484;4;60;A;0;5;43.2
192;1/2021;SIS343;3;51;A;0;5;59.8
192;1/2021;ADM447;4;63;A;1;5;59.8
192;1/2021;FIS495;4;61;A;0;5;59.8
192;1/2021;SHC490;4;58;A;0;5;59.8
192;1/2021;FIS460;4;66;A;0;5;59.8
193;1/2020;FIS183;1;30;R;0;5;65.4
193;1/2020;SHC178;1;78;A;0;5;65.4
193;1/2020;FIS112;1;56;A;0;5;65.4
193;1/2020;SIS183;1;83;A;0;5;65.4
193;1/2020;GEN171;1;80;A;0;5;65.4
193;2/2020;FIS183;1;81;A;0;5;74.4
193;2/2020;GEN240;2;85;A;0;5;74.4
193;2/2020;FIS239;2;83;A;1;5;74.4
193;2/2020;GEN289;2;64;A;0;5;74.4
193;2/2020;FIS214;2;59;A;0;5;74.4
193;1/2021;FIS388;3;33;R;0;5;61.2
193;1/2021;SIS366;3;70;A;0;5;61.2
193;1/2021;SIS330;3;70;A;0;5;61.2
193;1/2021;COM336;3;85;A;0;5;61.2
193;1/2021;GEN357;3;48;R;0;5;61.2
193;2/2021;FIS388;3;17;R;1;5;36.4
193;2/2021;GEN357;3;74;A;0;5;36.4
193;2/2021;COM334;3;24;R;0;5;36.4
193;2/2021;COM399;3;6;R;0;5;36.4
193;2/2021;FIS329;3;61;A;0;5;36.4
193;1/2022;FIS388;3;65;A;0;4;54.0
193;1/2022;COM334;3;14;R;0;4;54.0
193;1/2022;COM399;3;65;A;0;4;54.0
193;1/2022;MAT378;3;72;A;0;4;54.0
193;2/2022;COM334;3;88;A;0;4;49.5
193;2/2022;FIS403;4;18;R;1;4;49.5
193;2/2022;ADM482;4;19;R;0;4;49.5
193;2/2022;COM497;4;73;A;0;4;49.5
193;1/2023;FIS403;4;69;A;0;5;65.8
193;1/2023;ADM482;4;60;A;0;5;65.8
193;1/2023;GEN406;4;87;A;0;5;65.8
193;1/2023;GEN409;4;57;A;0;5;65.8
193;1/2023;FIS452;4;56;A;1;5;65.8
194;1/2018;FIS113;1;69;C;0;6;66.5
194;1/2018;MAT135;1;60;A;0;6;66.5
194;1/2018;COM159;1;76;A;0;6;66.5
194;1/2018;MAT163;1;60;A;0;6;66.5
194;1/2018;SHC150;1;59;A;0;6;66.5
194;1/2018;FIS199;1;75;A;0;6;66.5
194;2/2018;MAT281;2;63;A;0;6;67.0
194;2/2018;MAT236;2;71;A;0;6;67.0
194;2/2018;ADM248;2;77;A;0;6;67.0
194;2/2018;SIS200;2;65;A;0;6;67.0
194;2/2018;COM226;2;53;A;1;6;67.0
194;2/2018;COM297;2;73;A;1;6;67.0
194;1/2019;MAT362;3;6;R;0;4;36.0
194;1/2019;SHC312;3;21;R;0;4;36.0
194;1/2019;SIS314;3;66;A;0;4;36.0
194;1/2019;FIS340;3;51;A;0;4;36.0
194;2/2019;MAT362;3;58;A;0;4;65.8
194;2/2019;SHC312;3;57;A;0;4;65.8
194;2/2019;FIS316;3;80;A;0;4;65.8
194;2/2019;SIS307;3;68;A;0;4;65.8
194;1/2020;ADM427;4;70;C;0;5;67.8
194;1/2020;FIS434;4;83;A;0;5;67.8
194;1/2020;SIS452;4;67;C;0;5;67.8
194;1/2020;SHC495;4;50;R;0;5;67.8
194;1/2020;SIS470;4;69;C;0;5;67.8
194;2/2020;SHC495;4;68;A;0;7;63.6
194;2/2020;SIS502;5;69;A;0;7;63.6
194;2/2020;COM518;5;65;A;0;7;63.6
194;2/2020;COM523;5;63;A;1;7;63.6
194;2/2020;FIS568;5;40;R;1;7;63.6
194;2/2020;SHC568;5;80;A;0;7;63.6
194;2/2020;COM514;5;60;C;0;7;63.6
194;1/2021;FIS568;5;83;A;0;5;71.8
194;1/2021;MAT638;6;80;C;0;5;71.8
194;1/2021;FIS661;6;76;A;0;5;71.8
194;1/2021;ADM632;6;62;C;0;5;71.8
194;1/2021;SHC639;6;58;A;0;5;71.8
194;2/2021;SHC799;7;77;A;0;4;68.5
194;2/2021;GEN737;7;76;A;0;4;68.5
194;2/2021;FIS733;7;73;A;0;4;68.5
194;2/2021;SHC729;7;48;R;0;4;68.5
194;1/2022;SHC729;7;74;A;0;7;58.7
194;1/2022;MAT886;8;62;A;0;7;58.7
194;1/2022;ADM892;8;64;A;1;7;58.7
194;1/2022;COM884;8;12;R;0;7;58.7
194;1/2022;ADM803;8;51;A;0;7;58.7
194;1/2022;SIS836;8;71;A;0;7;58.7
194;1/2022;ADM879;8;77;A;0;7;58.7
195;1/2020;SHC158;1;15;R;0;6;50.3
195;1/2020;FIS171;1;28;R;0;6;50.3
195;1/2020;SHC132;1;87;A;0;6;50.3
195;1/2020;SIS152;1;65;A;0;6;50.3
195;1/2020;FIS192;1;68;A;0;6;50.3
195;1/2020;COM114;1;39;R;0;6;50.3
195;2/2020;SHC158;1;67;A;0;6;41.2
195;2/2020;FIS171;1;45;R;0;6;41.2
195;2/2020;COM114;1;25;R;0;6;41.2
195;2/2020;ADM184;1;10;R;1;6;41.2
195;2/2020;MAT178;1;71;A;0;6;41.2
195;2/2020;COM195;1;29;R;1;6;41.2
195;1/2021;FIS171;1;70;A;0;6;36.3
195;1/2021;COM114;1;7;R;1;6;36.3
195;1/2021;ADM184;1;45;R;1;6;36.3
195;1/2021;COM195;1;35;R;0;6;36.3
195;1/2021;FIS148;1;33;R;0;6;36.3
195;1/2021;SHC175;1;28;R;0;6;36.3
195;2/2021;COM114;1;93;C;0;5;47.2
195;2/2021;ADM184;1;18;R;0;5;47.2
195;2/2021;COM195;1;35;R;0;5;47.2
195;2/2021;FIS148;1;12;R;0;5;47.2
195;2/2021;SHC175;1;78;A;0;5;47.2
195;1/2022;ADM184;1;32;R;1;5;49.8
195;1/2022;COM195;1;60;C;0;5;49.8
195;1/2022;FIS148;1;26;R;0;5;49.8
195;1/2022;SHC155;1;53;A;0;5;49.8
195;1/2022;SIS128;1;78;A;0;5;49.8
195;2/2022;ADM184;1;49;R;0;5;42.4
195;2/2022;FIS148;1;68;A;0;5;42.4
195;2/2022;MAT104;1;23;R;1;5;42.4
195;2/2022;SHC117;1;37;R;0;5;42.4
195;2/2022;GEN186;1;35;R;0;5;42.4
196;1/2020;SIS185;1;22;R;0;6;43.3
196;1/2020;SIS102;1;31;R;0;6;43.3
196;1/2020;GEN163;1;43;R;0;6;43.3
196;1/2020;FIS143;1;20;R;0;6;43.3
196;1/2020;FIS127;1;65;A;0;6;43.3
196;1/2020;ADM160;1;79;A;0;6;43.3
196;2/2020;SIS185;1;37;R;0;5;58.0
196;2/2020;SIS102;1;76;A;0;5;58.0
196;2/2020;GEN163;1;62;C;1;5;58.0
196;2/2020;FIS143;1;59;C;0;5;58.0
196;2/2020;FIS182;1;56;A;0;5;58.0
196;1/2021;SIS185;1;56;A;0;6;63.3
196;1/2021;SIS296;2;82;A;0;6;63.3
196;1/2021;SHC213;2;19;R;0;6;63.3
196;1/2021;FIS273;2;87;A;0;6;63.3
196;1/2021;COM227;2;65;A;0;6;63.3
196;1/2021;ADM281;2;71;A;0;6;63.3
196;2/2021;SHC213;2;54;A;0;6;58.0
196;2/2021;SIS379;3;57;A;0;6;58.0
196;2/2021;COM303;3;70;C;0;6;58.0
196;2/2021;FIS390;3;56;A;0;6;58.0
196;2/2021;GEN347;3;67;A;0;6;58.0
196;2/2021;ADM324;3;44;R;0;6;58.0
196;1/2022;ADM324;3;67;A;0;7;56.6
196;1/2022;COM497;4;57;A;0;7;56.6
196;1/2022;ADM413;4;35;R;0;7;56.6
196;1/2022;MAT435;4;43;R;0;7;56.6
196;1/2022;FIS403;4;61;A;0;7;56.6
196;1/2022;SHC446;4;68;A;0;7;56.6
196;1/2022;SHC417;4;65;A;0;7;56.6
196;2/2022;ADM413;4;63;A;0;7;53.7
196;2/2022;MAT435;4;36;R;0;7;53.7
196;2/2022;SHC532;5;0;R;0;7;53.7
196;2/2022;SHC550;5;73;A;1;7;53.7
196;2/2022;SHC554;5;77;A;0;7;53.7
196;2/2022;GEN590;5;39;R;0;7;53.7
196;2/2022;ADM522;5;88;A;0;7;53.7
196;1/2023;MAT435;4;0;R;0;4;62.5
196;1/2023;SHC532;5;100;A;0;4;62.5
196;1/2023;GEN590;5;83;A;0;4;62.5
196;1/2023;SIS534;5;67;A;0;4;62.5
196;2/2023;MAT435;4;21;R;0;5;51.0
196;2/2023;ADM648;6;43;R;0;5;51.0
196;2/2023;GEN602;6;70;C;0;5;51.0
196;2/2023;GEN652;6;86;A;0;5;51.0
196;2/2023;SIS616;6;35;R;1;5;51.0
196;1/2024;MAT435;4;40;R;0;4;40.8
196;1/2024;ADM648;6;47;R;0;4;40.8
196;1/2024;SIS616;6;4;R;1;4;40.8
196;1/2024;MAT650;6;72;A;0;4;40.8
197;1/2020;SHC111;1;59;C;0;5;68.2
197;1/2020;COM129;1;71;A;0;5;68.2
197;1/2020;GEN129;1;57;A;0;5;68.2
197;1/2020;ADM197;1;68;A;0;5;68.2
197;1/2020;ADM139;1;86;A;1;5;68.2
197;2/2020;SIS287;2;70;A;0;6;54.5
197;2/2020;SIS277;2;82;A;0;6;54.5
197;2/2020;ADM253;2;8;R;0;6;54.5
197;2/2020;MAT245;2;23;R;0;6;54.5
197;2/2020;MAT297;2;78;A;0;6;54.5
197;2/2020;FIS237;2;66;A;0;6;54.5
197;1/2021;ADM253;2;57;A;0;7;55.3
197;1/2021;MAT245;2;19;R;1;7;55.3
197;1/2021;SHC364;3;76;A;1;7;55.3
197;1/2021;COM331;3;34;R;0;7;55.3
197;1/2021;SHC332;3;68;A;0;7;55.3
197;1/2021;SHC340;3;56;A;0;7;55.3
197;1/2021;GEN327;3;77;A;0;7;55.3
197;2/2021;MAT245;2;23;R;0;7;34.9
197;2/2021;COM331;3;25;R;0;7;34.9
197;2/2021;SHC496;4;30;R;0;7;34.9
197;2/2021;SHC447;4;16;R;1;7;34.9
197;2/2021;ADM468;4;71;A;0;7;34.9
197;2/2021;MAT461;4;66;A;0;7;34.9
197;2/2021;COM485;4;13;R;0;7;34.9
197;1/2022;MAT245;2;76;A;0;7;51.0
197;1/2022;COM331;3;69;C;0;7;51.0
197;1/2022;SHC496;4;41;R;0;7;51.0
197;1/2022;SHC447;4;67;A;0;7;51.0
197;1/2022;COM485;4;2;R;0;7;51.0
197;1/2022;SHC484;4;23;R;0;7;51.0
197;1/2022;GEN443;4;79;A;0;7;51.0
197;2/2022;SHC496;4;48;R;1;5;52.4
197;2/2022;COM485;4;75;A;0;5;52.4
197;2/2022;SHC484;4;60;A;0;5;52.4
197;2/2022;SIS480;4;61;A;0;5;52.4
197;2/2022;FIS480;4;18;R;0;5;52.4
197;1/2023;SHC496;4;0;R;0;4;58.8
197;1/2023;FIS480;4;75;A;0;4;58.8
197;1/2023;SIS435;4;80;A;0;4;58.8
197;1/2023;SHC420;4;80;A;0;4;58.8
197;2/2023;SHC496;4;58;A;1;5;69.8
197;2/2023;FIS545;5;72;A;0;5;69.8
197;2/2023;COM559;5;74;A;0;5;69.8
197;2/2023;COM582;5;71;A;0;5;69.8
197;2/2023;MAT588;5;74;A;1;5;69.8
197;1/2024;MAT613;6;83;A;0;6;67.2
197;1/2024;SHC620;6;82;A;0;6;67.2
197;1/2024;GEN642;6;81;A;0;6;67.2
197;1/2024;FIS615;6;59;A;0;6;67.2
197;1/2024;SIS696;6;52;A;0;6;67.2
197;1/2024;FIS664;6;46;R;0;6;67.2
197;2/2024;FIS664;6;70;A;0;7;50.7
197;2/2024;SHC710;7;72;A;0;7;50.7
197;2/2024;SIS705;7;34;R;0;7;50.7
197;2/2024;MAT737;7;82;A;0;7;50.7
197;2/2024;FIS755;7;18;R;0;7;50.7
197;2/2024;GEN712;7;13;R;1;7;50.7
197;2/2024;SIS741;7;66;A;0;7;50.7
198;1/2020;SIS152;1;65;A;1;5;67.4
198;1/2020;MAT174;1;79;A;1;5;67.4
198;1/2020;COM195;1;83;A;0;5;67.4
198;1/2020;MAT143;1;27;R;0;5;67.4
198;1/2020;FIS168;1;83;A;0;5;67.4
198;2/2020;MAT143;1;33;R;1;4;48.5
198;2/2020;SIS227;2;70;A;0;4;48.5
198;2/2020;MAT259;2;62;A;0;4;48.5
198;2/2020;SIS286;2;29;R;0;4;48.5
198;1/2021;MAT143;1;41;R;0;7;55.7
198;1/2021;SIS286;2;31;R;0;7;55.7
198;1/2021;SHC233;2;62;C;0;7;55.7
198;1/2021;ADM222;2;51;A;0;7;55.7
198;1/2021;FIS274;2;71;A;0;7;55.7
198;1/2021;FIS205;2;80;A;1;7;55.7
198;1/2021;SHC217;2;54;A;0;7;55.7
198;2/2021;MAT143;1;4;R;1;5;48.4
198;2/2021;SIS286;2;69;A;0;5;48.4
198;2/2021;COM380;3;70;A;0;5;48.4
198;2/2021;ADM390;3;70;A;0;5;48.4
198;2/2021;SIS318;3;29;R;0;5;48.4
198;1/2022;MAT143;1;74;A;0;5;52.6
198;1/2022;SIS318;3;35;R;0;5;52.6
198;1/2022;MAT371;3;62;A;0;5;52.6
198;1/2022;GEN308;3;23;R;0;5;52.6
198;1/2022;GEN363;3;69;A;0;5;52.6
198;2/2022;SIS318;3;40;R;0;6;44.5
198;2/2022;GEN308;3;27;R;0;6;44.5
198;2/2022;SHC371;3;85;C;0;6;44.5
198;2/2022;ADM335;3;60;A;0;6;44.5
198;2/2022;ADM329;3;32;R;1;6;44.5
198;2/2022;SIS337;3;23;R;0;6;44.5
198;1/2023;SIS318;3;25;R;0;5;27.8
198;1/2023;GEN308;3;49;R;0;5;27.8
198;1/2023;ADM329;3;15;R;0;5;27.8
198;1/2023;SIS337;3;26;R;0;5;27.8
198;1/2023;FIS359;3;24;R;1;5;27.8
198;2/2023;SIS318;3;39;R;1;5;53.0
198;2/2023;GEN308;3;67;A;0;5;53.0
198;2/2023;ADM329;3;62;A;0;5;53.0
198;2/2023;SIS337;3;37;R;0;5;53.0
198;2/2023;FIS359;3;60;A;0;5;53.0
198;1/2024;SIS318;3;16;R;0;6;52.8
198;1/2024;SIS337;3;65;A;0;6;52.8
198;1/2024;SHC328;3;51;C;0;6;52.8
198;1/2024;FIS367;3;67;A;0;6;52.8
198;1/2024;MAT383;3;60;A;0;6;52.8
198;1/2024;GEN310;3;58;C;0;6;52.8
198;2/2024;SIS318;3;62;A;0;5;56.2
198;2/2024;GEN449;4;46;R;1;5;56.2
198;2/2024;FIS466;4;32;R;0;5;56.2
198;2/2024;FIS435;4;68;A;0;5;56.2
198;2/2024;FIS429;4;73;C;0;5;56.2
199;1/2018;FIS151;1;67;A;0;6;66.7
199;1/2018;FIS154;1;69;A;0;6;66.7
199;1/2018;ADM163;1;72;A;0;6;66.7
199;1/2018;SHC165;1;59;A;0;6;66.7
199;1/2018;SIS167;1;58;A;0;6;66.7
199;1/2018;SHC147;1;75;A;0;6;66.7
199;2/2018;SHC204;2;66;A;0;5;52.8
199;2/2018;GEN205;2;57;A;0;5;52.8
199;2/2018;GEN272;2;76;A;0;5;52.8
199;2/2018;SIS211;2;11;R;1;5;52.8
199;2/2018;GEN233;2;54;A;0;5;52.8
199;1/2019;SIS211;2;32;R;0;7;56.9
199;1/2019;ADM355;3;65;A;0;7;56.9
199;1/2019;FIS369;3;81;A;0;7;56.9
199;1/2019;SIS365;3;70;A;1;7;56.9
199;1/2019;SIS310;3;79;A;0;7;56.9
199;1/2019;MAT380;3;69;A;0;7;56.9
199;1/2019;COM333;3;2;R;0;7;56.9
199;2/2019;SIS211;2;76;A;0;7;54.4
199;2/2019;COM333;3;85;A;0;7;54.4
199;2/2019;SHC476;4;35;R;0;7;54.4
199;2/2019;MAT430;4;57;A;0;7;54.4
199;2/2019;SHC405;4;34;R;0;7;54.4
199;2/2019;ADM498;4;32;R;0;7;54.4
199;2/2019;ADM469;4;62;A;0;7;54.4
199;1/2020;SHC476;4;79;A;0;7;53.3
199;1/2020;SHC405;4;68;A;0;7;53.3
199;1/2020;ADM498;4;64;A;0;7;53.3
199;1/2020;COM454;4;65;A;0;7;53.3
199;1/2020;MAT432;4;11;R;0;7;53.3
199;1/2020;SIS480;4;68;A;0;7;53.3
199;1/2020;SIS464;4;18;R;0;7;53.3
199;2/2020;MAT432;4;69;A;1;7;64.6
199;2/2020;SIS464;4;61;C;0;7;64.6
199;2/2020;SHC566;5;73;A;0;7;64.6
199;2/2020;SHC560;5;90;A;0;7;64.6
199;2/2020;SIS507;5;55;A;1;7;64.6
199;2/2020;SHC563;5;54;A;0;7;64.6
199;2/2020;COM506;5;50;R;0;7;64.6
199;1/2021;COM506;5;62;C;0;4;67.2
199;1/2021;ADM617;6;73;A;0;4;67.2
199;1/2021;MAT601;6;70;A;0;4;67.2
199;1/2021;ADM665;6;64;A;0;4;67.2
199;2/2021;FIS775;7;70;A;0;6;73.8
199;2/2021;GEN720;7;68;A;0;6;73.8
199;2/2021;COM705;7;79;A;0;6;73.8
199;2/2021;GEN792;7;71;A;0;6;73.8
199;2/2021;FIS793;7;82;A;0;6;73.8
199;2/2021;MAT791;7;73;A;1;6;73.8
200;1/2020;COM141;1;83;C;0;6;65.2
200;1/2020;FIS136;1;56;A;0;6;65.2
200;1/2020;MAT159;1;89;A;0;6;65.2
200;1/2020;ADM163;1;34;R;1;6;65.2
200;1/2020;ADM113;1;60;A;0;6;65.2
200;1/2020;COM165;1;69;C;0;6;65.2
200;2/2020;ADM163;1;71;A;0;4;67.5
200;2/2020;ADM298;2;74;A;0;4;67.5
200;2/2020;COM296;2;63;A;0;4;67.5
200;2/2020;FIS241;2;62;A;0;4;67.5
200;1/2021;SIS354;3;32;R;0;5;53.2
200;1/2021;FIS340;3;59;A;0;5;53.2
200;1/2021;MAT337;3;35;R;0;5;53.2
200;1/2021;COM362;3;70;A;1;5;53.2
200;1/2021;MAT382;3;70;A;1;5;53.2
200;2/2021;SIS354;3;63;A;0;5;47.8
200;2/2021;MAT337;3;37;R;0;5;47.8
200;2/2021;SHC315;3;65;A;0;5;47.8
200;2/2021;GEN399;3;56;A;0;5;47.8
200;2/2021;MAT340;3;18;R;0;5;47.8
200;1/2022;MAT337;3;75;A;0;7;53.4
200;1/2022;MAT340;3;52;A;1;7;53.4
200;1/2022;MAT360;3;58;A;1;7;53.4
200;1/2022;SHC321;3;66;A;0;7;53.4
200;1/2022;MAT372;3;31;R;0;7;53.4
200;1/2022;ADM325;3;19;R;1;7;53.4
200;1/2022;SIS320;3;73;A;0;7;53.4
200;2/2022;MAT372;3;12;R;1;5;56.0
200;2/2022;ADM325;3;75;C;0;5;56.0
200;2/2022;SIS426;4;68;A;0;5;56.0
200;2/2022;ADM442;4;59;A;1;5;56.0
200;2/2022;MAT461;4;66;A;0;5;56.0
200;1/2023;MAT372;3;62;A;0;7;63.0
200;1/2023;MAT598;5;64;A;0;7;63.0
200;1/2023;FIS596;5;23;R;0;7;63.0
200;1/2023;COM537;5;64;A;0;7;63.0
200;1/2023;SIS564;5;76;A;0;7;63.0
200;1/2023;COM542;5;70;A;0;7;63.0
200;1/2023;FIS506;5;82;A;0;7;63.0
200;2/2023;FIS596;5;78;A;1;5;55.6
200;2/2023;ADM631;6;80;A;0;5;55.6
200;2/2023;FIS616;6;81;A;1;5;55.6
200;2/2023;MAT675;6;12;R;0;5;55.6
200;2/2023;SHC660;6;27;R;0;5;55.6
200;1/2024;MAT675;6;52;A;0;4;48.8
200;1/2024;SHC660;6;85;A;0;4;48.8
200;1/2024;MAT683;6;28;R;0;4;48.8
200;1/2024;COM600;6;30;R;0;4;48.8
200;2/2024;MAT683;6;63;A;0;4;49.2
200;2/2024;COM600;6;32;R;0;4;49.2
200;2/2024;SHC615;6;82;A;0;4;49.2
200;2/2024;MAT679;6;20;R;0;4;49.2
201;1/2019;COM168;1;50;R;0;5;49.6
201;1/2019;GEN107;1;65;A;0;5;49.6
201;1/2019;COM128;1;33;R;0;5;49.6
201;1/2019;FIS136;1;14;R;0;5;49.6
201;1/2019;SHC147;1;86;A;1;5;49.6
201;2/2019;COM168;1;79;A;0;6;65.2
201;2/2019;COM128;1;54;A;0;6;65.2
201;2/2019;FIS136;1;64;A;0;6;65.2
201;2/2019;ADM177;1;52;A;0;6;65.2
201;2/2019;COM162;1;60;A;0;6;65.2
201;2/2019;MAT115;1;82;A;0;6;65.2
201;1/2020;SHC298;2;62;A;0;5;43.8
201;1/2020;FIS217;2;71;A;0;5;43.8
201;1/2020;COM206;2;16;R;0;5;43.8
201;1/2020;SIS253;2;49;R;0;5;43.8
201;1/2020;GEN284;2;21;R;0;5;43.8
201;2/2020;COM206;2;30;R;0;7;56.7
201;2/2020;SIS253;2;75;A;0;7;56.7
201;2/2020;GEN284;2;84;A;0;7;56.7
201;2/2020;FIS286;2;37;R;0;7;56.7
201;2/2020;GEN227;2;83;A;0;7;56.7
201;2/2020;ADM272;2;70;A;0;7;56.7
201;2/2020;MAT200;2;18;R;0;7;56.7
201;1/2021;COM206;2;34;R;1;7;60.1
201;1/2021;FIS286;2;78;A;1;7;60.1
201;1/2021;MAT200;2;23;R;1;7;60.1
201;1/2021;COM257;2;78;C;0;7;60.1
201;1/2021;COM294;2;80;A;0;7;60.1
201;1/2021;MAT244;2;51;A;0;7;60.1
201;1/2021;SHC280;2;77;A;0;7;60.1
201;2/2021;COM206;2;79;A;0;6;57.3
201;2/2021;MAT200;2;12;R;0;6;57.3
201;2/2021;COM399;3;81;A;0;6;57.3
201;2/2021;ADM331;3;72;A;0;6;57.3
201;2/2021;SHC364;3;8;R;0;6;57.3
201;2/2021;SIS337;3;92;A;0;6;57.3
201;1/2022;MAT200;2;53;A;1;4;45.5
201;1/2022;SHC364;3;63;A;0;4;45.5
201;1/2022;SHC437;4;48;R;0;4;45.5
201;1/2022;ADM408;4;18;R;0;4;45.5
202;1/2020;GEN161;1;73;A;0;4;56.5
202;1/2020;COM116;1;66;A;1;4;56.5
202;1/2020;MAT117;1;28;R;0;4;56.5
202;1/2020;FIS198;1;59;A;0;4;56.5
202;2/2020;MAT117;1;73;C;0;4;66.8
202;2/2020;SIS223;2;71;A;0;4;66.8
202;2/2020;SIS215;2;64;A;0;4;66.8
202;2/2020;ADM210;2;59;A;0;4;66.8
202;1/2021;FIS357;3;68;A;0;6;64.0
202;1/2021;FIS385;3;72;A;0;6;64.0
202;1/2021;GEN328;3;74;A;0;6;64.0
202;1/2021;GEN340;3;22;R;0;6;64.0
202;1/2021;COM395;3;78;A;1;6;64.0
202;1/2021;SIS371;3;70;A;0;6;64.0
202;2/2021;GEN340;3;91;C;0;7;60.0
202;2/2021;GEN433;4;60;A;0;7;60.0
202;2/2021;GEN417;4;57;A;0;7;60.0
202;2/2021;SHC432;4;47;R;0;7;60.0
202;2/2021;ADM472;4;78;A;0;7;60.0
202;2/2021;ADM464;4;73;A;1;7;60.0
202;2/2021;ADM478;4;14;R;0;7;60.0
202;1/2022;SHC432;4;84;A;0;6;60.8
202;1/2022;ADM478;4;71;A;0;6;60.8
202;1/2022;FIS515;5;23;R;0;6;60.8
202;1/2022;ADM530;5;62;A;0;6;60.8
202;1/2022;MAT571;5;61;C;0;6;60.8
202;1/2022;GEN548;5;64;A;0;6;60.8
202;2/2022;FIS515;5;52;A;0;6;66.7
202;2/2022;MAT629;6;72;A;0;6;66.7
202;2/2022;ADM673;6;73;C;0;6;66.7
202;2/2022;ADM682;6;74;A;1;6;66.7
202;2/2022;SHC678;6;64;A;0;6;66.7
202;2/2022;SHC642;6;65;A;0;6;66.7
203;1/2020;FIS198;1;69;A;0;4;68.0
203;1/2020;SIS187;1;74;A;0;4;68.0
203;1/2020;FIS143;1;71;A;0;4;68.0
203;1/2020;MAT180;1;58;A;0;4;68.0
203;2/2020;SIS292;2;86;A;0;5;75.2
203;2/2020;COM203;2;67;A;0;5;75.2
203;2/2020;FIS283;2;78;A;0;5;75.2
203;2/2020;SIS203;2;68;A;0;5;75.2
203;2/2020;ADM282;2;77;A;0;5;75.2
203;1/2021;ADM363;3;76;A;0;5;67.8
203;1/2021;SHC367;3;72;A;0;5;67.8
203;1/2021;GEN326;3;76;A;0;5;67.8
203;1/2021;FIS355;3;57;A;0;5;67.8
203;1/2021;SHC354;3;58;A;0;5;67.8
203;2/2021;GEN474;4;57;A;0;5;64.0
203;2/2021;ADM445;4;71;A;0;5;64.0
203;2/2021;SHC452;4;77;A;1;5;64.0
203;2/2021;ADM484;4;59;A;0;5;64.0
203;2/2021;COM437;4;56;A;0;5;64.0
203;1/2022;GEN560;5;56;C;1;4;70.5
203;1/2022;COM568;5;63;A;0;4;70.5
203;1/2022;ADM586;5;84;A;1;4;70.5
203;1/2022;GEN526;5;79;A;0;4;70.5
203;2/2022;SIS606;6;76;A;0;5;69.0
203;2/2022;COM699;6;69;A;1;5;69.0
203;2/2022;SIS642;6;77;A;0;5;69.0
203;2/2022;ADM661;6;68;A;1;5;69.0
203;2/2022;COM631;6;55;A;0;5;69.0
203;1/2023;SHC768;7;75;A;0;5;74.0
203;1/2023;COM752;7;78;A;0;5;74.0
203;1/2023;COM717;7;87;A;0;5;74.0
203;1/2023;MAT759;7;67;A;0;5;74.0
203;1/2023;SHC700;7;63;A;0;5;74.0
203;2/2023;SHC861;8;74;A;0;5;69.6
203;2/2023;SHC890;8;64;A;1;5;69.6
203;2/2023;GEN811;8;60;A;0;5;69.6
203;2/2023;SHC889;8;75;A;0;5;69.6
203;2/2023;COM899;8;75;A;1;5;69.6
204;1/2018;GEN141;1;83;A;1;5;59.6
204;1/2018;ADM142;1;81;C;0;5;59.6
204;1/2018;SIS175;1;39;R;1;5;59.6
204;1/2018;MAT108;1;88;A;0;5;59.6
204;1/2018;FIS123;1;7;R;1;5;59.6
204;2/2018;SIS175;1;46;R;0;6;31.2
204;2/2018;FIS123;1;62;A;0;6;31.2
204;2/2018;ADM170;1;0;R;0;6;31.2
204;2/2018;MAT177;1;19;R;0;6;31.2
204;2/2018;FIS175;1;46;R;0;6;31.2
204;2/2018;ADM184;1;14;R;0;6;31.2
204;1/2019;SIS175;1;82;A;0;6;42.8
204;1/2019;ADM170;1;71;A;0;6;42.8
204;1/2019;MAT177;1;12;R;0;6;42.8
204;1/2019;FIS175;1;51;A;0;6;42.8
204;1/2019;ADM184;1;6;R;1;6;42.8
204;1/2019;MAT161;1;35;R;0;6;42.8
204;2/2019;MAT177;1;85;A;0;7;58.3
204;2/2019;ADM184;1;74;A;0;7;58.3
204;2/2019;MAT161;1;69;A;0;7;58.3
204;2/2019;SIS143;1;71;A;0;7;58.3
204;2/2019;GEN124;1;29;R;0;7;58.3
204;2/2019;COM175;1;47;R;0;7;58.3
204;2/2019;FIS130;1;33;R;0;7;58.3
204;1/2020;GEN124;1;59;A;1;7;59.1
204;1/2020;COM175;1;68;A;0;7;59.1
204;1/2020;FIS130;1;86;A;0;7;59.1
204;1/2020;SIS171;1;53;A;0;7;59.1
204;1/2020;SIS113;1;26;R;0;7;59.1
204;1/2020;SHC173;1;46;R;0;7;59.1
204;1/2020;GEN180;1;76;A;0;7;59.1
204;2/2020;SIS113;1;79;A;0;7;52.1
204;2/2020;SHC173;1;41;R;0;7;52.1
204;2/2020;GEN272;2;84;A;0;7;52.1
204;2/2020;ADM290;2;37;R;0;7;52.1
204;2/2020;SHC260;2;18;R;0;7;52.1
204;2/2020;FIS249;2;31;R;1;7;52.1
204;2/2020;MAT273;2;75;A;0;7;52.1
204;1/2021;SHC173;1;42;R;0;7;60.7
204;1/2021;ADM290;2;65;A;0;7;60.7
204;1/2021;SHC260;2;47;R;0;7;60.7
204;1/2021;FIS249;2;78;A;0;7;60.7
204;1/2021;COM237;2;64;A;0;7;60.7
204;1/2021;MAT207;2;62;A;0;7;60.7
204;1/2021;ADM222;2;67;A;1;7;60.7
204;2/2021;SHC173;1;69;A;0;4;37.8
204;2/2021;SHC260;2;0;R;1;4;37.8
204;2/2021;SIS322;3;63;A;0;4;37.8
204;2/2021;MAT382;3;19;R;1;4;37.8
204;1/2022;SHC260;2;19;R;0;4;53.8
204;1/2022;MAT382;3;81;A;0;4;53.8
204;1/2022;ADM380;3;36;R;1;4;53.8
204;1/2022;COM325;3;79;A;0;4;53.8
205;1/2018;FIS172;1;75;A;1;7;66.6
205;1/2018;MAT165;1;58;A;0;7;66.6
205;1/2018;SIS154;1;73;A;0;7;66.6
205;1/2018;MAT119;1;45;R;0;7;66.6
205;1/2018;SIS177;1;73;C;0;7;66.6
205;1/2018;GEN175;1;80;A;0;7;66.6
205;1/2018;MAT129;1;62;A;0;7;66.6
205;2/2018;MAT119;1;60;A;0;7;62.0
205;2/2018;ADM261;2;53;A;0;7;62.0
205;2/2018;FIS258;2;66;A;1;7;62.0
205;2/2018;COM291;2;69;A;0;7;62.0
205;2/2018;FIS286;2;51;A;1;7;62.0
205;2/2018;SHC295;2;69;A;1;7;62.0
205;2/2018;SIS200;2;66;A;0;7;62.0
205;1/2019;MAT302;3;60;A;0;5;73.4
205;1/2019;COM300;3;72;A;0;5;73.4
205;1/2019;ADM376;3;71;A;0;5;73.4
205;1/2019;GEN367;3;69;A;0;5;73.4
205;1/2019;COM303;3;95;A;0;5;73.4
205;2/2019;MAT403;4;65;A;0;4;54.2
205;2/2019;MAT447;4;54;C;0;4;54.2
205;2/2019;FIS491;4;29;R;0;4;54.2
205;2/2019;COM414;4;69;A;0;4;54.2
205;1/2020;FIS491;4;75;C;0;4;64.5
205;1/2020;ADM595;5;71;A;0;4;64.5
205;1/2020;SIS553;5;70;A;0;4;64.5
205;1/2020;FIS553;5;42;R;0;4;64.5
205;2/2020;FIS553;5;65;C;1;7;69.7
205;2/2020;SHC658;6;68;A;0;7;69.7
205;2/2020;MAT645;6;72;A;0;7;69.7
205;2/2020;SHC674;6;74;A;0;7;69.7
205;2/2020;MAT610;6;68;A;1;7;69.7
205;2/2020;SHC661;6;77;A;0;7;69.7
205;2/2020;SIS643;6;64;A;0;7;69.7
205;1/2021;MAT727;7;65;C;1;6;69.0
205;1/2021;ADM788;7;64;A;0;6;69.0
205;1/2021;GEN741;7;46;C;0;6;69.0
205;1/2021;FIS751;7;87;A;0;6;69.0
205;1/2021;GEN790;7;64;A;0;6;69.0
205;1/2021;SHC725;7;88;A;0;6;69.0
205;2/2021;SIS860;8;72;A;0;5;47.6
205;2/2021;SIS825;8;72;C;0;5;47.6
205;2/2021;SIS836;8;51;A;0;5;47.6
205;2/2021;GEN849;8;32;R;0;5;47.6
205;2/2021;MAT868;8;11;R;0;5;47.6
206;1/2019;SIS150;1;66;A;0;5;70.4
206;1/2019;FIS111;1;63;A;1;5;70.4
206;1/2019;ADM175;1;93;A;0;5;70.4
206;1/2019;FIS132;1;62;A;1;5;70.4
206;1/2019;SHC145;1;68;A;0;5;70.4
206;2/2019;SIS201;2;47;R;0;4;53.8
206;2/2019;COM261;2;76;A;0;4;53.8
206;2/2019;GEN269;2;16;R;1;4;53.8
206;2/2019;COM261;2;76;A;0;4;53.8
206;1/2020;SIS201;2;71;A;0;6;65.3
206;1/2020;GEN269;2;75;A;0;6;65.3
206;1/2020;GEN226;2;49;R;0;6;65.3
206;1/2020;SHC281;2;73;A;0;6;65.3
206;1/2020;FIS211;2;53;A;0;6;65.3
206;1/2020;COM290;2;71;A;0;6;65.3
206;2/2020;GEN226;2;51;A;0;4;72.2
206;2/2020;SIS382;3;84;A;0;4;72.2
206;2/2020;COM328;3;65;A;0;4;72.2
206;2/2020;COM317;3;89;C;0;4;72.2
206;1/2021;COM460;4;81;A;0;4;75.5
206;1/2021;MAT478;4;79;A;0;4;75.5
206;1/2021;FIS497;4;66;A;0;4;75.5
206;1/2021;MAT400;4;76;A;0;4;75.5
206;2/2021;GEN505;5;23;R;0;6;57.0
206;2/2021;COM567;5;63;A;0;6;57.0
206;2/2021;COM558;5;69;A;0;6;57.0
206;2/2021;ADM595;5;69;A;0;6;57.0
206;2/2021;SIS546;5;55;A;0;6;57.0
206;2/2021;COM566;5;63;A;0;6;57.0
206;1/2022;GEN505;5;21;R;0;7;58.3
206;1/2022;ADM632;6;32;R;0;7;58.3
206;1/2022;MAT635;6;85;A;0;7;58.3
206;1/2022;MAT600;6;61;A;1;7;58.3
206;1/2022;GEN667;6;75;A;0;7;58.3
206;1/2022;MAT629;6;59;A;0;7;58.3
206;1/2022;COM686;6;75;A;0;7;58.3
207;1/2020;SIS117;1;74;A;0;4;73.8
207;1/2020;FIS169;1;88;A;0;4;73.8
207;1/2020;SHC188;1;69;A;1;4;73.8
207;1/2020;SIS187;1;64;A;0;4;73.8
207;2/2020;COM233;2;80;A;0;7;77.3
207;2/2020;GEN299;2;66;A;0;7;77.3
207;2/2020;SIS226;2;65;A;1;7;77.3
207;2/2020;COM240;2;73;A;0;7;77.3
207;2/2020;FIS211;2;88;A;0;7;77.3
207;2/2020;GEN254;2;96;A;0;7;77.3
207;2/2020;SHC275;2;73;A;0;7;77.3
207;1/2021;SIS380;3;66;A;0;4;69.0
207;1/2021;COM336;3;79;A;0;4;69.0
207;1/2021;FIS392;3;68;A;0;4;69.0
207;1/2021;SHC398;3;63;A;0;4;69.0
207;2/2021;GEN488;4;72;A;0;6;67.0
207;2/2021;FIS496;4;71;A;0;6;67.0
207;2/2021;COM456;4;75;A;0;6;67.0
207;2/2021;GEN473;4;70;A;0;6;67.0
207;2/2021;COM421;4;57;A;0;6;67.0
207;2/2021;FIS462;4;57;A;0;6;67.0
207;1/2022;COM543;5;74;A;1;4;64.5
207;1/2022;SHC500;5;72;A;0;4;64.5
207;1/2022;GEN564;5;59;A;0;4;64.5
207;1/2022;GEN558;5;53;A;0;4;64.5
207;2/2022;ADM607;6;70;A;0;6;69.3
207;2/2022;GEN684;6;62;A;0;6;69.3
207;2/2022;SIS612;6;71;A;0;6;69.3
207;2/2022;MAT630;6;77;A;0;6;69.3
207;2/2022;MAT678;6;67;A;0;6;69.3
207;2/2022;SHC634;6;69;A;0;6;69.3
207;1/2023;SIS740;7;44;R;0;6;54.2
207;1/2023;COM755;7;66;A;0;6;54.2
207;1/2023;SHC792;7;74;A;0;6;54.2
207;1/2023;GEN730;7;64;A;0;6;54.2
207;1/2023;FIS748;7;13;R;0;6;54.2
207;1/2023;COM737;7;64;A;1;6;54.2
207;2/2023;SIS740;7;81;A;0;4;63.0
207;2/2023;FIS748;7;59;A;0;4;63.0
207;2/2023;MAT879;8;41;R;0;4;63.0
207;2/2023;ADM839;8;71;A;0;4;63.0
208;1/2020;ADM117;1;60;A;0;7;72.1
208;1/2020;COM100;1;80;A;0;7;72.1
208;1/2020;FIS109;1;78;A;0;7;72.1
208;1/2020;SHC103;1;80;A;0;7;72.1
208;1/2020;FIS134;1;78;A;0;7;72.1
208;1/2020;SHC155;1;67;A;0;7;72.1
208;1/2020;SHC193;1;62;A;0;7;72.1
208;2/2020;MAT207;2;73;A;0;6;68.8
208;2/2020;ADM236;2;69;C;0;6;68.8
208;2/2020;ADM217;2;68;A;0;6;68.8
208;2/2020;MAT259;2;80;A;0;6;68.8
208;2/2020;FIS283;2;62;A;0;6;68.8
208;2/2020;MAT235;2;61;A;0;6;68.8
208;1/2021;MAT361;3;45;R;0;5;62.8
208;1/2021;ADM350;3;74;A;0;5;62.8
208;1/2021;COM353;3;69;A;0;5;62.8
208;1/2021;SIS351;3;59;A;0;5;62.8
208;1/2021;SHC326;3;67;A;0;5;62.8
208;2/2021;MAT361;3;81;A;0;4;66.0
208;2/2021;FIS438;4;71;A;0;4;66.0
208;2/2021;FIS438;4;68;A;0;4;66.0
208;2/2021;ADM403;4;44;R;0;4;66.0
208;1/2022;ADM403;4;64;A;0;4;63.5
208;1/2022;ADM598;5;53;A;0;4;63.5
208;1/2022;FIS552;5;74;A;0;4;63.5
208;1/2022;COM500;5;63;A;0;4;63.5
208;2/2022;MAT620;6;61;A;0;5;64.4
208;2/2022;SIS630;6;66;A;0;5;64.4
208;2/2022;GEN697;6;56;A;0;5;64.4
208;2/2022;COM626;6;67;A;0;5;64.4
208;2/2022;FIS659;6;72;A;0;5;64.4
208;1/2023;ADM712;7;71;A;0;5;64.8
208;1/2023;ADM793;7;75;A;0;5;64.8
208;1/2023;GEN774;7;52;C;0;5;64.8
208;1/2023;COM770;7;67;C;0;5;64.8
208;1/2023;ADM726;7;59;A;0;5;64.8
209;1/2020;GEN196;1;62;C;0;6;66.2
209;1/2020;MAT108;1;51;A;0;6;66.2
209;1/2020;COM164;1;70;A;0;6;66.2
209;1/2020;ADM156;1;70;A;0;6;66.2
209;1/2020;COM109;1;67;A;0;6;66.2
209;1/2020;MAT110;1;77;A;0;6;66.2
209;2/2020;FIS201;2;9;R;0;4;49.5
209;2/2020;COM286;2;34;R;0;4;49.5
209;2/2020;MAT296;2;71;C;0;4;49.5
209;2/2020;ADM238;2;84;A;0;4;49.5
209;1/2021;FIS201;2;79;A;1;6;50.2
209;1/2021;COM286;2;55;A;0;6;50.2
209;1/2021;SIS243;2;64;A;0;6;50.2
209;1/2021;FIS227;2;27;R;1;6;50.2
209;1/2021;MAT284;2;16;R;1;6;50.2
209;1/2021;FIS250;2;60;A;0;6;50.2
209;2/2021;FIS227;2;18;R;0;7;45.0
209;2/2021;MAT284;2;69;A;0;7;45.0
209;2/2021;GEN370;3;14;R;0;7;45.0
209;2/2021;FIS378;3;37;R;1;7;45.0
209;2/2021;SHC341;3;25;R;0;7;45.0
209;2/2021;SIS332;3;74;A;0;7;45.0
209;2/2021;SHC330;3;78;A;0;7;45.0
209;1/2022;FIS227;2;58;C;0;6;67.7
209;1/2022;GEN370;3;72;A;0;6;67.7
209;1/2022;FIS378;3;61;A;1;6;67.7
209;1/2022;SHC341;3;66;A;0;6;67.7
209;1/2022;COM357;3;75;A;0;6;67.7
209;1/2022;MAT308;3;74;A;0;6;67.7
209;2/2022;ADM475;4;74;C;0;4;67.0
209;2/2022;SIS492;4;69;A;0;4;67.0
209;2/2022;FIS457;4;64;A;0;4;67.0
209;2/2022;MAT485;4;61;A;0;4;67.0
